0 verbose cli C:\Program Files\nodejs\node.exe C:\Users\reymi\AppData\Roaming\npm\node_modules\npm\bin\npm-cli.js
1 info using npm@11.5.2
2 info using node@v22.20.0
3 silly config load:file:C:\Users\reymi\AppData\Roaming\npm\node_modules\npm\npmrc
4 silly config load:file:C:\Users\reymi\Desktop\rockgames\.npmrc
5 silly config load:file:C:\Users\reymi\.npmrc
6 silly config load:file:C:\Users\reymi\AppData\Roaming\npm\etc\npmrc
7 verbose title npm install astro@^7.3.5 @astrojs/react@^7.0.0
8 verbose argv "install" "astro@^7.3.5" "@astrojs/react@^7.0.0" "--cache" ".npm-cache"
9 verbose logfile logs-max:10 dir:C:\Users\reymi\Desktop\rockgames\.npm-cache\_logs\2026-10-03T23_08_14_667Z-
10 verbose logfile C:\Users\reymi\Desktop\rockgames\.npm-cache\_logs\2026-10-03T23_08_14_667Z-debug-0.log
11 silly logfile done cleaning log files
12 silly packumentCache heap:4345298944 maxSize:1086324736 maxEntrySize:543162368
13 silly idealTree buildDeps
14 silly fetch manifest @astrojs/react@^7.0.0
15 silly packumentCache full:https://registry.npmjs.org/@astrojs%2freact cache-miss
16 http cache https://registry.npmjs.org/@astrojs%2freact 96ms (cache hit)
17 silly packumentCache full:https://registry.npmjs.org/@astrojs%2freact set size:522255 disposed:false
18 silly fetch manifest @types/react@^19.1.0
19 silly packumentCache full:https://registry.npmjs.org/@types%2freact cache-miss
20 http fetch GET 200 https://registry.npmjs.org/@types%2freact 95ms (cache revalidated)
21 silly packumentCache full:https://registry.npmjs.org/@types%2freact set size:2642161 disposed:false
22 silly fetch manifest @types/react-dom@^19.1.0
23 silly packumentCache full:https://registry.npmjs.org/@types%2freact-dom cache-miss
24 http fetch GET 200 https://registry.npmjs.org/@types%2freact-dom 118ms (cache revalidated)
25 silly packumentCache full:https://registry.npmjs.org/@types%2freact-dom set size:444872 disposed:false
26 silly fetch manifest oxc-transform-react@^0.145.0
27 silly packumentCache full:https://registry.npmjs.org/oxc-transform-react cache-miss
28 http fetch GET 200 https://registry.npmjs.org/oxc-transform-react 121ms (cache miss)
29 silly packumentCache full:https://registry.npmjs.org/oxc-transform-react set size:undefined disposed:false
30 silly fetch manifest react@^19.1.0
31 silly packumentCache full:https://registry.npmjs.org/react cache-miss
32 http fetch GET 200 https://registry.npmjs.org/react 40ms (cache revalidated)
33 silly packumentCache full:https://registry.npmjs.org/react set size:7016423 disposed:false
34 silly fetch manifest react-dom@^19.1.0
35 silly packumentCache full:https://registry.npmjs.org/react-dom cache-miss
36 http fetch GET 200 https://registry.npmjs.org/react-dom 48ms (cache revalidated)
37 silly packumentCache full:https://registry.npmjs.org/react-dom set size:9455352 disposed:false
38 silly fetch manifest astro@^7.3.5
39 silly packumentCache full:https://registry.npmjs.org/astro cache-miss
40 http cache https://registry.npmjs.org/astro 28ms (cache hit)
41 silly packumentCache full:https://registry.npmjs.org/astro set size:9535916 disposed:false
42 silly fetch manifest @astrojs/markdown-remark@^7.3.0
43 silly packumentCache full:https://registry.npmjs.org/@astrojs%2fmarkdown-remark cache-miss
44 http fetch GET 200 https://registry.npmjs.org/@astrojs%2fmarkdown-remark 148ms (cache revalidated)
45 silly packumentCache full:https://registry.npmjs.org/@astrojs%2fmarkdown-remark set size:615385 disposed:false
46 silly placeDep ROOT @astrojs/react@7.0.0 REPLACE for: rock-games@0.2.0 want: ^7.0.0
47 silly placeDep ROOT astro@7.3.5 REPLACE for: rock-games@0.2.0 want: ^7.3.5
48 silly fetch manifest vite@^8.3.0
49 silly packumentCache full:https://registry.npmjs.org/vite cache-miss
50 silly fetch manifest @vitejs/plugin-react@^6.1.1
51 silly packumentCache full:https://registry.npmjs.org/@vitejs%2fplugin-react cache-miss
52 silly fetch manifest @astrojs/internal-helpers@0.11.0
53 silly packumentCache full:https://registry.npmjs.org/@astrojs%2finternal-helpers cache-miss
54 silly fetch manifest zod@^4.5.4
55 silly packumentCache full:https://registry.npmjs.org/zod cache-miss
56 silly fetch manifest diff@^9.0.0
57 silly packumentCache full:https://registry.npmjs.org/diff cache-miss
58 silly fetch manifest dset@^3.1.4
59 silly packumentCache full:https://registry.npmjs.org/dset cache-miss
60 silly fetch manifest obug@^3.0.0
61 silly packumentCache full:https://registry.npmjs.org/obug cache-miss
62 silly fetch manifest vite@^8.0.13
63 silly packumentCache full:https://registry.npmjs.org/vite cache-miss
64 silly fetch manifest shiki@^4.0.2
65 silly packumentCache full:https://registry.npmjs.org/shiki cache-miss
66 silly fetch manifest cookie@^2.0.1
67 silly packumentCache full:https://registry.npmjs.org/cookie cache-miss
68 silly fetch manifest verkit@^0.4.0
69 silly packumentCache full:https://registry.npmjs.org/verkit cache-miss
70 http fetch GET 200 https://registry.npmjs.org/diff 79ms (cache revalidated)
71 silly packumentCache full:https://registry.npmjs.org/diff set size:154400 disposed:false
72 silly fetch manifest ci-info@^4.4.0
73 silly packumentCache full:https://registry.npmjs.org/ci-info cache-miss
74 http fetch GET 200 https://registry.npmjs.org/obug 91ms (cache miss)
75 silly packumentCache full:https://registry.npmjs.org/obug set size:undefined disposed:false
76 silly fetch manifest esbuild@^0.28.0
77 silly packumentCache full:https://registry.npmjs.org/esbuild cache-miss
78 http fetch GET 200 https://registry.npmjs.org/zod 117ms (cache revalidated)
79 silly packumentCache full:https://registry.npmjs.org/zod set size:4166672 disposed:false
80 silly fetch manifest js-yaml@^4.3.2
81 silly packumentCache full:https://registry.npmjs.org/js-yaml cache-miss
82 http fetch GET 200 https://registry.npmjs.org/vite 223ms (cache revalidated)
83 silly packumentCache full:https://registry.npmjs.org/vite set size:38955941 disposed:false
84 silly fetch manifest p-limit@^7.3.0
85 silly packumentCache full:https://registry.npmjs.org/p-limit cache-miss
86 http fetch GET 200 https://registry.npmjs.org/vite 555ms (cache revalidated)
87 silly packumentCache full:https://registry.npmjs.org/vite set size:38955941 disposed:false
88 silly fetch manifest p-queue@^9.1.0
89 silly packumentCache full:https://registry.npmjs.org/p-queue cache-miss
90 http fetch GET 200 https://registry.npmjs.org/verkit 776ms (cache miss)
91 silly packumentCache full:https://registry.npmjs.org/verkit set size:undefined disposed:false
92 silly fetch manifest tinyclip@^1.0.1
93 silly packumentCache full:https://registry.npmjs.org/tinyclip cache-miss
94 http fetch GET 200 https://registry.npmjs.org/shiki 781ms (cache revalidated)
95 silly packumentCache full:https://registry.npmjs.org/shiki set size:635816 disposed:false
96 silly fetch manifest find-proc@0.2.0
97 silly packumentCache full:https://registry.npmjs.org/find-proc cache-miss
98 http fetch GET 200 https://registry.npmjs.org/@vitejs%2fplugin-react 794ms (cache revalidated)
99 silly packumentCache full:https://registry.npmjs.org/@vitejs%2fplugin-react set size:284195 disposed:false
100 silly fetch manifest smol-toml@^1.8.0
101 silly packumentCache full:https://registry.npmjs.org/smol-toml cache-miss
102 http fetch GET 200 https://registry.npmjs.org/cookie 797ms (cache revalidated)
103 silly packumentCache full:https://registry.npmjs.org/cookie set size:78274 disposed:false
104 silly fetch manifest am-i-vibing@^0.4.0
105 silly packumentCache full:https://registry.npmjs.org/am-i-vibing cache-miss
106 http fetch GET 200 https://registry.npmjs.org/dset 801ms (cache revalidated)
107 silly packumentCache full:https://registry.npmjs.org/dset set size:33440 disposed:false
108 silly fetch manifest neotraverse@^1.0.1
109 silly packumentCache full:https://registry.npmjs.org/neotraverse cache-miss
110 http fetch GET 200 https://registry.npmjs.org/@astrojs%2finternal-helpers 803ms (cache revalidated)
111 silly packumentCache full:https://registry.npmjs.org/@astrojs%2finternal-helpers set size:97382 disposed:false
112 silly fetch manifest get-tsconfig@5.0.0-beta.4
113 silly packumentCache full:https://registry.npmjs.org/get-tsconfig cache-miss
114 http fetch GET 200 https://registry.npmjs.org/esbuild 733ms (cache revalidated)
115 silly packumentCache full:https://registry.npmjs.org/esbuild set size:1264676 disposed:false
116 silly fetch manifest jsonc-parser@^3.3.1
117 silly packumentCache full:https://registry.npmjs.org/jsonc-parser cache-miss
118 http fetch GET 200 https://registry.npmjs.org/p-limit 333ms (cache revalidated)
119 silly packumentCache full:https://registry.npmjs.org/p-limit set size:68604 disposed:false
120 silly fetch manifest magic-string@^1.0.0
121 silly packumentCache full:https://registry.npmjs.org/magic-string cache-miss
122 http fetch GET 200 https://registry.npmjs.org/js-yaml 674ms (cache revalidated)
123 silly packumentCache full:https://registry.npmjs.org/js-yaml set size:198692 disposed:false
124 silly fetch manifest yargs-parser@^22.0.0
125 silly packumentCache full:https://registry.npmjs.org/yargs-parser cache-miss
126 http fetch GET 200 https://registry.npmjs.org/jsonc-parser 31ms (cache miss)
127 silly packumentCache full:https://registry.npmjs.org/jsonc-parser set size:undefined disposed:false
128 silly fetch manifest @clack/prompts@^1.1.0
129 silly packumentCache full:https://registry.npmjs.org/@clack%2fprompts cache-miss
130 http fetch GET 200 https://registry.npmjs.org/yargs-parser 28ms (cache revalidated)
131 silly packumentCache full:https://registry.npmjs.org/yargs-parser set size:238681 disposed:false
132 silly fetch manifest github-slugger@^2.0.0
133 silly packumentCache full:https://registry.npmjs.org/github-slugger cache-miss
134 http fetch GET 200 https://registry.npmjs.org/magic-string 35ms (cache revalidated)
135 silly packumentCache full:https://registry.npmjs.org/magic-string set size:368756 disposed:false
136 silly fetch manifest es-module-lexer@^2.0.0
137 silly packumentCache full:https://registry.npmjs.org/es-module-lexer cache-miss
138 http fetch GET 200 https://registry.npmjs.org/ci-info 823ms (cache revalidated)
139 silly packumentCache full:https://registry.npmjs.org/ci-info set size:91363 disposed:false
140 silly fetch manifest @astrojs/telemetry@3.3.3
141 silly packumentCache full:https://registry.npmjs.org/@astrojs%2ftelemetry cache-miss
142 http fetch GET 200 https://registry.npmjs.org/find-proc 123ms (cache miss)
143 silly packumentCache full:https://registry.npmjs.org/find-proc set size:undefined disposed:false
144 silly fetch manifest @astrojs/compiler-rs@^0.5.0
145 silly packumentCache full:https://registry.npmjs.org/@astrojs%2fcompiler-rs cache-miss
146 http fetch GET 200 https://registry.npmjs.org/tinyclip 133ms (cache miss)
147 silly packumentCache full:https://registry.npmjs.org/tinyclip set size:undefined disposed:false
148 silly fetch manifest common-ancestor-path@^2.0.0
149 silly packumentCache full:https://registry.npmjs.org/common-ancestor-path cache-miss
150 http fetch GET 200 https://registry.npmjs.org/p-queue 149ms (cache revalidated)
151 silly packumentCache full:https://registry.npmjs.org/p-queue set size:187782 disposed:false
152 silly fetch manifest @astrojs/markdown-satteri@0.4.2
153 silly packumentCache full:https://registry.npmjs.org/@astrojs%2fmarkdown-satteri cache-miss
154 http fetch GET 200 https://registry.npmjs.org/smol-toml 130ms (cache revalidated)
155 silly packumentCache full:https://registry.npmjs.org/smol-toml set size:104544 disposed:false
156 silly fetch manifest sharp@^0.35.4
157 silly packumentCache full:https://registry.npmjs.org/sharp cache-miss
158 http fetch GET 200 https://registry.npmjs.org/am-i-vibing 133ms (cache miss)
159 silly packumentCache full:https://registry.npmjs.org/am-i-vibing set size:undefined disposed:false
160 http fetch GET 200 https://registry.npmjs.org/es-module-lexer 45ms (cache revalidated)
161 silly packumentCache full:https://registry.npmjs.org/es-module-lexer set size:230033 disposed:false
162 http fetch GET 200 https://registry.npmjs.org/neotraverse 149ms (cache revalidated)
163 silly packumentCache full:https://registry.npmjs.org/neotraverse set size:63175 disposed:false
164 http fetch GET 200 https://registry.npmjs.org/get-tsconfig 151ms (cache miss)
165 silly packumentCache full:https://registry.npmjs.org/get-tsconfig set size:undefined disposed:false
166 http fetch GET 200 https://registry.npmjs.org/sharp 45ms (cache revalidated)
167 silly packumentCache full:https://registry.npmjs.org/sharp set size:1250806 disposed:false
168 http fetch GET 200 https://registry.npmjs.org/github-slugger 117ms (cache revalidated)
169 silly packumentCache full:https://registry.npmjs.org/github-slugger set size:31752 disposed:false
170 http fetch GET 200 https://registry.npmjs.org/@clack%2fprompts 145ms (cache miss)
171 silly packumentCache full:https://registry.npmjs.org/@clack%2fprompts set size:undefined disposed:false
172 http fetch GET 200 https://registry.npmjs.org/common-ancestor-path 140ms (cache revalidated)
173 silly packumentCache full:https://registry.npmjs.org/common-ancestor-path set size:8954 disposed:false
174 http fetch GET 200 https://registry.npmjs.org/@astrojs%2fcompiler-rs 252ms (cache miss)
175 silly packumentCache full:https://registry.npmjs.org/@astrojs%2fcompiler-rs set size:undefined disposed:false
176 http fetch GET 200 https://registry.npmjs.org/@astrojs%2ftelemetry 274ms (cache revalidated)
177 silly packumentCache full:https://registry.npmjs.org/@astrojs%2ftelemetry set size:141001 disposed:false
178 http fetch GET 200 https://registry.npmjs.org/@astrojs%2fmarkdown-satteri 262ms (cache miss)
179 silly packumentCache full:https://registry.npmjs.org/@astrojs%2fmarkdown-satteri set size:undefined disposed:false
180 silly fetch manifest @types/node@^20.19.0 || >=22.12.0
181 silly packumentCache full:https://registry.npmjs.org/@types%2fnode cache-miss
182 http fetch GET 200 https://registry.npmjs.org/@types%2fnode 53ms (cache revalidated)
183 silly packumentCache full:https://registry.npmjs.org/@types%2fnode set size:11171832 disposed:false
184 silly fetch manifest @vitejs/devtools@^0.7.1
185 silly packumentCache full:https://registry.npmjs.org/@vitejs%2fdevtools cache-miss
186 http fetch GET 200 https://registry.npmjs.org/@vitejs%2fdevtools 150ms (cache revalidated)
187 silly packumentCache full:https://registry.npmjs.org/@vitejs%2fdevtools set size:328242 disposed:false
188 silly fetch manifest @vitejs/devtools-oxc@^0.7.6
189 silly packumentCache full:https://registry.npmjs.org/@vitejs%2fdevtools-oxc cache-miss
190 http fetch GET 200 https://registry.npmjs.org/@vitejs%2fdevtools-oxc 139ms (cache revalidated)
191 silly packumentCache full:https://registry.npmjs.org/@vitejs%2fdevtools-oxc set size:80408 disposed:false
192 silly fetch manifest @vitejs/devtools-rolldown@^0.7.6
193 silly packumentCache full:https://registry.npmjs.org/@vitejs%2fdevtools-rolldown cache-miss
194 http fetch GET 200 https://registry.npmjs.org/@vitejs%2fdevtools-rolldown 85ms (cache revalidated)
195 silly packumentCache full:https://registry.npmjs.org/@vitejs%2fdevtools-rolldown set size:237827 disposed:false
196 silly fetch manifest @vitejs/devtools-vite@^0.7.6
197 silly packumentCache full:https://registry.npmjs.org/@vitejs%2fdevtools-vite cache-miss
198 http fetch GET 200 https://registry.npmjs.org/@vitejs%2fdevtools-vite 179ms (cache revalidated)
199 silly packumentCache full:https://registry.npmjs.org/@vitejs%2fdevtools-vite set size:166521 disposed:false
200 silly fetch manifest @vitejs/devtools-vitest@^0.7.6
201 silly packumentCache full:https://registry.npmjs.org/@vitejs%2fdevtools-vitest cache-miss
202 http fetch GET 200 https://registry.npmjs.org/@vitejs%2fdevtools-vitest 231ms (cache revalidated)
203 silly packumentCache full:https://registry.npmjs.org/@vitejs%2fdevtools-vitest set size:57045 disposed:false
204 silly fetch manifest vitest@*
205 silly packumentCache full:https://registry.npmjs.org/vitest cache-miss
206 http fetch GET 200 https://registry.npmjs.org/vitest 119ms (cache revalidated)
207 silly packumentCache full:https://registry.npmjs.org/vitest set size:2275010 disposed:false
208 silly fetch manifest @edge-runtime/vm@*
209 silly packumentCache full:https://registry.npmjs.org/@edge-runtime%2fvm cache-miss
210 http fetch GET 200 https://registry.npmjs.org/@edge-runtime%2fvm 98ms (cache revalidated)
211 silly packumentCache full:https://registry.npmjs.org/@edge-runtime%2fvm set size:269934 disposed:false
212 silly fetch manifest @opentelemetry/api@^1.9.0
213 silly packumentCache full:https://registry.npmjs.org/@opentelemetry%2fapi cache-miss
214 http fetch GET 200 https://registry.npmjs.org/@opentelemetry%2fapi 33ms (cache revalidated)
215 silly packumentCache full:https://registry.npmjs.org/@opentelemetry%2fapi set size:272967 disposed:false
216 silly fetch manifest @vitest/browser-playwright@5.0.3
217 silly packumentCache full:https://registry.npmjs.org/@vitest%2fbrowser-playwright cache-miss
218 http fetch GET 200 https://registry.npmjs.org/@vitest%2fbrowser-playwright 263ms (cache revalidated)
219 silly packumentCache full:https://registry.npmjs.org/@vitest%2fbrowser-playwright set size:162880 disposed:false
220 silly fetch manifest playwright@*
221 silly packumentCache full:https://registry.npmjs.org/playwright cache-miss
222 http fetch GET 200 https://registry.npmjs.org/playwright 60ms (cache revalidated)
223 silly packumentCache full:https://registry.npmjs.org/playwright set size:16818549 disposed:false
224 silly fetch manifest @vitest/browser-preview@5.0.3
225 silly packumentCache full:https://registry.npmjs.org/@vitest%2fbrowser-preview cache-miss
226 http fetch GET 200 https://registry.npmjs.org/@vitest%2fbrowser-preview 84ms (cache revalidated)
227 silly packumentCache full:https://registry.npmjs.org/@vitest%2fbrowser-preview set size:156316 disposed:false
228 silly fetch manifest @vitest/browser-webdriverio@^5.0.0-beta.5 || >=5.0.0
229 silly packumentCache full:https://registry.npmjs.org/@vitest%2fbrowser-webdriverio cache-miss
230 http fetch GET 200 https://registry.npmjs.org/@vitest%2fbrowser-webdriverio 123ms (cache revalidated)
231 silly packumentCache full:https://registry.npmjs.org/@vitest%2fbrowser-webdriverio set size:144024 disposed:false
232 silly fetch manifest webdriverio@*
233 silly packumentCache full:https://registry.npmjs.org/webdriverio cache-miss
234 http fetch GET 200 https://registry.npmjs.org/webdriverio 36ms (cache revalidated)
235 silly packumentCache full:https://registry.npmjs.org/webdriverio set size:3222063 disposed:false
236 silly fetch manifest puppeteer-core@>=22.x <=24.x
237 silly packumentCache full:https://registry.npmjs.org/puppeteer-core cache-miss
238 http fetch GET 200 https://registry.npmjs.org/puppeteer-core 41ms (cache revalidated)
239 silly packumentCache full:https://registry.npmjs.org/puppeteer-core set size:1589664 disposed:false
240 silly fetch manifest @vitest/coverage-istanbul@5.0.3
241 silly packumentCache full:https://registry.npmjs.org/@vitest%2fcoverage-istanbul cache-miss
242 http fetch GET 200 https://registry.npmjs.org/@vitest%2fcoverage-istanbul 62ms (cache revalidated)
243 silly packumentCache full:https://registry.npmjs.org/@vitest%2fcoverage-istanbul set size:718242 disposed:false
244 silly fetch manifest @vitest/coverage-v8@5.0.3
245 silly packumentCache full:https://registry.npmjs.org/@vitest%2fcoverage-v8 cache-miss
246 http fetch GET 200 https://registry.npmjs.org/@vitest%2fcoverage-v8 135ms (cache revalidated)
247 silly packumentCache full:https://registry.npmjs.org/@vitest%2fcoverage-v8 set size:554644 disposed:false
248 silly fetch manifest @vitest/browser@5.0.3
249 silly packumentCache full:https://registry.npmjs.org/@vitest%2fbrowser cache-miss
250 http fetch GET 200 https://registry.npmjs.org/@vitest%2fbrowser 67ms (cache revalidated)
251 silly packumentCache full:https://registry.npmjs.org/@vitest%2fbrowser set size:819647 disposed:false
252 silly fetch manifest @vitest/ui@5.0.3
253 silly packumentCache full:https://registry.npmjs.org/@vitest%2fui cache-miss
254 http fetch GET 200 https://registry.npmjs.org/@vitest%2fui 42ms (cache revalidated)
255 silly packumentCache full:https://registry.npmjs.org/@vitest%2fui set size:1305983 disposed:false
256 silly fetch manifest happy-dom@*
257 silly packumentCache full:https://registry.npmjs.org/happy-dom cache-miss
258 http fetch GET 200 https://registry.npmjs.org/happy-dom 38ms (cache revalidated)
259 silly packumentCache full:https://registry.npmjs.org/happy-dom set size:2551937 disposed:false
260 silly fetch manifest jsdom@*
261 silly packumentCache full:https://registry.npmjs.org/jsdom cache-miss
262 http fetch GET 200 https://registry.npmjs.org/jsdom 112ms (cache revalidated)
263 silly packumentCache full:https://registry.npmjs.org/jsdom set size:1083886 disposed:false
264 silly fetch manifest canvas@^3.0.0
265 silly packumentCache full:https://registry.npmjs.org/canvas cache-miss
266 http fetch GET 200 https://registry.npmjs.org/canvas 106ms (cache revalidated)
267 silly packumentCache full:https://registry.npmjs.org/canvas set size:353371 disposed:false
268 silly fetch manifest esbuild@^0.27.0 || ^0.28.0
269 silly packumentCache full:https://registry.npmjs.org/esbuild cache-miss
270 http cache https://registry.npmjs.org/esbuild 9ms (cache hit)
271 silly packumentCache full:https://registry.npmjs.org/esbuild set size:1264676 disposed:false
272 silly fetch manifest jiti@>=1.21.0
273 silly packumentCache full:https://registry.npmjs.org/jiti cache-miss
274 http fetch GET 200 https://registry.npmjs.org/jiti 121ms (cache revalidated)
275 silly packumentCache full:https://registry.npmjs.org/jiti set size:387989 disposed:false
276 silly fetch manifest less@^4.0.0
277 silly packumentCache full:https://registry.npmjs.org/less cache-miss
278 http fetch GET 200 https://registry.npmjs.org/less 110ms (cache revalidated)
279 silly packumentCache full:https://registry.npmjs.org/less set size:577855 disposed:false
280 silly fetch manifest sass@^1.70.0
281 silly packumentCache full:https://registry.npmjs.org/sass cache-miss
282 http fetch GET 200 https://registry.npmjs.org/sass 30ms (cache revalidated)
283 silly packumentCache full:https://registry.npmjs.org/sass set size:756819 disposed:false
284 silly fetch manifest sass-embedded@^1.70.0
285 silly packumentCache full:https://registry.npmjs.org/sass-embedded cache-miss
286 http fetch GET 200 https://registry.npmjs.org/sass-embedded 35ms (cache revalidated)
287 silly packumentCache full:https://registry.npmjs.org/sass-embedded set size:445832 disposed:false
288 silly fetch manifest stylus@>=0.54.8
289 silly packumentCache full:https://registry.npmjs.org/stylus cache-miss
290 http fetch GET 200 https://registry.npmjs.org/stylus 116ms (cache revalidated)
291 silly packumentCache full:https://registry.npmjs.org/stylus set size:286766 disposed:false
292 silly fetch manifest sugarss@^5.0.0
293 silly packumentCache full:https://registry.npmjs.org/sugarss cache-miss
294 http fetch GET 200 https://registry.npmjs.org/sugarss 114ms (cache revalidated)
295 silly packumentCache full:https://registry.npmjs.org/sugarss set size:44975 disposed:false
296 silly fetch manifest postcss@^8.3.3
297 silly packumentCache full:https://registry.npmjs.org/postcss cache-miss
298 http fetch GET 200 https://registry.npmjs.org/postcss 106ms (cache revalidated)
299 silly packumentCache full:https://registry.npmjs.org/postcss set size:766699 disposed:false
300 silly fetch manifest terser@^5.16.0
301 silly packumentCache full:https://registry.npmjs.org/terser cache-miss
302 http fetch GET 200 https://registry.npmjs.org/terser 26ms (cache revalidated)
303 silly packumentCache full:https://registry.npmjs.org/terser set size:827672 disposed:false
304 silly fetch manifest tsx@^4.8.1
305 silly packumentCache full:https://registry.npmjs.org/tsx cache-miss
306 http fetch GET 200 https://registry.npmjs.org/tsx 109ms (cache revalidated)
307 silly packumentCache full:https://registry.npmjs.org/tsx set size:349770 disposed:false
308 silly fetch manifest yaml@^2.4.2
309 silly packumentCache full:https://registry.npmjs.org/yaml cache-miss
310 http fetch GET 200 https://registry.npmjs.org/yaml 31ms (cache revalidated)
311 silly packumentCache full:https://registry.npmjs.org/yaml set size:386415 disposed:false
312 silly fetch manifest @rolldown/plugin-babel@^0.1.7 || ^0.2.0
313 silly packumentCache full:https://registry.npmjs.org/@rolldown%2fplugin-babel cache-miss
314 http fetch GET 200 https://registry.npmjs.org/@rolldown%2fplugin-babel 143ms (cache miss)
315 silly packumentCache full:https://registry.npmjs.org/@rolldown%2fplugin-babel set size:undefined disposed:false
316 silly fetch manifest @babel/core@^7.29.0 || ^8.0.0-rc.1
317 silly packumentCache full:https://registry.npmjs.org/@babel%2fcore cache-miss
318 http fetch GET 200 https://registry.npmjs.org/@babel%2fcore 202ms (cache revalidated)
319 silly packumentCache full:https://registry.npmjs.org/@babel%2fcore set size:797193 disposed:false
320 silly fetch manifest @babel/plugin-transform-runtime@^7.29.0 || ^8.0.0-rc.1
321 silly packumentCache full:https://registry.npmjs.org/@babel%2fplugin-transform-runtime cache-miss
322 http fetch GET 200 https://registry.npmjs.org/@babel%2fplugin-transform-runtime 40ms (cache miss)
323 silly packumentCache full:https://registry.npmjs.org/@babel%2fplugin-transform-runtime set size:undefined disposed:false
324 silly fetch manifest @babel/runtime@^7.27.0 || ^8.0.0-rc.1
325 silly packumentCache full:https://registry.npmjs.org/@babel%2fruntime cache-miss
326 http fetch GET 200 https://registry.npmjs.org/@babel%2fruntime 153ms (cache miss)
327 silly packumentCache full:https://registry.npmjs.org/@babel%2fruntime set size:undefined disposed:false
328 silly fetch manifest rolldown@^1.0.0-rc.5
329 silly packumentCache full:https://registry.npmjs.org/rolldown cache-miss
330 http fetch GET 200 https://registry.npmjs.org/rolldown 35ms (cache revalidated)
331 silly packumentCache full:https://registry.npmjs.org/rolldown set size:3841440 disposed:false
332 silly fetch manifest babel-plugin-react-compiler@^1.0.0
333 silly packumentCache full:https://registry.npmjs.org/babel-plugin-react-compiler cache-miss
334 http fetch GET 200 https://registry.npmjs.org/babel-plugin-react-compiler 141ms (cache miss)
335 silly packumentCache full:https://registry.npmjs.org/babel-plugin-react-compiler set size:undefined disposed:false
336 silly placeDep ROOT @astrojs/internal-helpers@0.11.0 OK for: @astrojs/react@7.0.0 want: 0.11.0
337 silly placeDep ROOT @vitejs/plugin-react@6.1.1 OK for: @astrojs/react@7.0.0 want: ^6.1.1
338 silly placeDep ROOT vite@8.3.2 REPLACE for: @vitejs/plugin-react@6.1.1 want: ^8.0.0
339 silly fetch manifest js-yaml@^4.3.0
340 silly packumentCache full:https://registry.npmjs.org/js-yaml cache-hit
341 silly fetch manifest unified@^11.0.5
342 silly packumentCache full:https://registry.npmjs.org/unified cache-miss
343 silly fetch manifest smol-toml@^1.6.0
344 silly packumentCache full:https://registry.npmjs.org/smol-toml cache-hit
345 silly fetch manifest @types/hast@^3.0.4
346 silly packumentCache full:https://registry.npmjs.org/@types%2fhast cache-miss
347 silly fetch manifest @types/mdast@^4.0.4
348 silly packumentCache full:https://registry.npmjs.org/@types%2fmdast cache-miss
349 silly fetch manifest retext-smartypants@^6.2.0
350 silly packumentCache full:https://registry.npmjs.org/retext-smartypants cache-miss
351 silly fetch manifest @rolldown/pluginutils@^1.0.1
352 silly packumentCache full:https://registry.npmjs.org/@rolldown%2fpluginutils cache-miss
353 silly fetch manifest rolldown@~1.2.11
354 silly packumentCache full:https://registry.npmjs.org/rolldown cache-miss
355 silly fetch manifest lightningcss@^1.33.0
356 silly packumentCache full:https://registry.npmjs.org/lightningcss cache-miss
357 silly fetch manifest fsevents@~2.3.3
358 silly packumentCache full:https://registry.npmjs.org/fsevents cache-miss
359 http cache https://registry.npmjs.org/rolldown 28ms (cache hit)
360 silly packumentCache full:https://registry.npmjs.org/rolldown set size:3841440 disposed:false
361 http fetch GET 200 https://registry.npmjs.org/@types%2fmdast 61ms (cache revalidated)
362 silly packumentCache full:https://registry.npmjs.org/@types%2fmdast set size:47479 disposed:false
363 http fetch GET 200 https://registry.npmjs.org/fsevents 61ms (cache revalidated)
364 silly packumentCache full:https://registry.npmjs.org/fsevents set size:182472 disposed:false
365 http fetch GET 200 https://registry.npmjs.org/@rolldown%2fpluginutils 102ms (cache revalidated)
366 silly packumentCache full:https://registry.npmjs.org/@rolldown%2fpluginutils set size:300388 disposed:false
367 http fetch GET 200 https://registry.npmjs.org/unified 124ms (cache revalidated)
368 silly packumentCache full:https://registry.npmjs.org/unified set size:321787 disposed:false
369 http fetch GET 200 https://registry.npmjs.org/lightningcss 126ms (cache revalidated)
370 silly packumentCache full:https://registry.npmjs.org/lightningcss set size:191065 disposed:false
371 http fetch GET 200 https://registry.npmjs.org/@types%2fhast 130ms (cache revalidated)
372 silly packumentCache full:https://registry.npmjs.org/@types%2fhast set size:35254 disposed:false
373 http fetch GET 200 https://registry.npmjs.org/retext-smartypants 131ms (cache revalidated)
374 silly packumentCache full:https://registry.npmjs.org/retext-smartypants set size:84409 disposed:false
375 silly placeDep ROOT @types/hast@3.0.5 OK for: @astrojs/internal-helpers@0.11.0 want: ^3.0.4
376 silly placeDep ROOT @types/mdast@4.0.4 OK for: @astrojs/internal-helpers@0.11.0 want: ^4.0.4
377 silly placeDep ROOT js-yaml@4.3.2 OK for: @astrojs/internal-helpers@0.11.0 want: ^4.3.0
378 silly placeDep ROOT retext-smartypants@6.2.0 OK for: @astrojs/internal-helpers@0.11.0 want: ^6.2.0
379 silly placeDep ROOT shiki@4.5.0 OK for: @astrojs/internal-helpers@0.11.0 want: ^4.0.2
380 silly placeDep ROOT smol-toml@1.9.0 OK for: @astrojs/internal-helpers@0.11.0 want: ^1.6.0
381 silly placeDep ROOT unified@11.0.5 OK for: @astrojs/internal-helpers@0.11.0 want: ^11.0.5
382 silly fetch manifest @types/unist@*
383 silly packumentCache full:https://registry.npmjs.org/@types%2funist cache-miss
384 silly fetch manifest @types/unist@*
385 silly packumentCache full:https://registry.npmjs.org/@types%2funist cache-miss
386 silly fetch manifest argparse@^2.0.1
387 silly packumentCache full:https://registry.npmjs.org/argparse cache-miss
388 silly fetch manifest @types/nlcst@^2.0.0
389 silly packumentCache full:https://registry.npmjs.org/@types%2fnlcst cache-miss
390 silly fetch manifest nlcst-to-string@^4.0.0
391 silly packumentCache full:https://registry.npmjs.org/nlcst-to-string cache-miss
392 silly fetch manifest unist-util-visit@^5.0.0
393 silly packumentCache full:https://registry.npmjs.org/unist-util-visit cache-miss
394 silly fetch manifest @shikijs/core@4.5.0
395 silly packumentCache full:https://registry.npmjs.org/@shikijs%2fcore cache-miss
396 silly fetch manifest @shikijs/langs@4.5.0
397 silly packumentCache full:https://registry.npmjs.org/@shikijs%2flangs cache-miss
398 silly fetch manifest @shikijs/types@4.5.0
399 silly packumentCache full:https://registry.npmjs.org/@shikijs%2ftypes cache-miss
400 silly fetch manifest @shikijs/themes@4.5.0
401 silly packumentCache full:https://registry.npmjs.org/@shikijs%2fthemes cache-miss
402 silly fetch manifest @shikijs/vscode-textmate@^10.0.2
403 silly packumentCache full:https://registry.npmjs.org/@shikijs%2fvscode-textmate cache-miss
404 http fetch GET 200 https://registry.npmjs.org/unist-util-visit 40ms (cache revalidated)
405 silly packumentCache full:https://registry.npmjs.org/unist-util-visit set size:90557 disposed:false
406 silly fetch manifest @shikijs/engine-oniguruma@4.5.0
407 silly packumentCache full:https://registry.npmjs.org/@shikijs%2fengine-oniguruma cache-miss
408 http fetch GET 200 https://registry.npmjs.org/argparse 42ms (cache revalidated)
409 silly packumentCache full:https://registry.npmjs.org/argparse set size:55000 disposed:false
410 silly fetch manifest @shikijs/engine-javascript@4.5.0
411 silly packumentCache full:https://registry.npmjs.org/@shikijs%2fengine-javascript cache-miss
412 http fetch GET 200 https://registry.npmjs.org/@types%2funist 47ms (cache revalidated)
413 silly packumentCache full:https://registry.npmjs.org/@types%2funist set size:39215 disposed:false
414 silly fetch manifest @types/unist@^3.0.0
415 silly packumentCache full:https://registry.npmjs.org/@types%2funist cache-hit
416 silly fetch manifest bail@^2.0.0
417 silly packumentCache full:https://registry.npmjs.org/bail cache-miss
418 http fetch GET 200 https://registry.npmjs.org/@types%2funist 50ms (cache revalidated)
419 silly packumentCache full:https://registry.npmjs.org/@types%2funist set size:39215 disposed:false
420 silly packumentCache full:https://registry.npmjs.org/@types%2funist dispose
421 silly fetch manifest devlop@^1.0.0
422 silly packumentCache full:https://registry.npmjs.org/devlop cache-miss
423 http fetch GET 200 https://registry.npmjs.org/@shikijs%2fcore 51ms (cache revalidated)
424 silly packumentCache full:https://registry.npmjs.org/@shikijs%2fcore set size:367047 disposed:false
425 silly fetch manifest extend@^3.0.0
426 silly packumentCache full:https://registry.npmjs.org/extend cache-miss
427 http fetch GET 200 https://registry.npmjs.org/@shikijs%2fthemes 81ms (cache revalidated)
428 silly packumentCache full:https://registry.npmjs.org/@shikijs%2fthemes set size:344963 disposed:false
429 silly fetch manifest is-plain-obj@^4.0.0
430 silly packumentCache full:https://registry.npmjs.org/is-plain-obj cache-miss
431 http fetch GET 200 https://registry.npmjs.org/extend 31ms (cache revalidated)
432 silly packumentCache full:https://registry.npmjs.org/extend set size:25974 disposed:false
433 silly fetch manifest trough@^2.0.0
434 silly packumentCache full:https://registry.npmjs.org/trough cache-miss
435 http fetch GET 200 https://registry.npmjs.org/devlop 38ms (cache revalidated)
436 silly packumentCache full:https://registry.npmjs.org/devlop set size:16868 disposed:false
437 silly fetch manifest vfile@^6.0.0
438 silly packumentCache full:https://registry.npmjs.org/vfile cache-miss
439 http fetch GET 200 https://registry.npmjs.org/@shikijs%2flangs 105ms (cache revalidated)
440 silly packumentCache full:https://registry.npmjs.org/@shikijs%2flangs set size:867529 disposed:false
441 http fetch GET 200 https://registry.npmjs.org/is-plain-obj 34ms (cache revalidated)
442 silly packumentCache full:https://registry.npmjs.org/is-plain-obj set size:17899 disposed:false
443 http fetch GET 200 https://registry.npmjs.org/nlcst-to-string 119ms (cache revalidated)
444 silly packumentCache full:https://registry.npmjs.org/nlcst-to-string set size:60981 disposed:false
445 http fetch GET 200 https://registry.npmjs.org/vfile 31ms (cache revalidated)
446 silly packumentCache full:https://registry.npmjs.org/vfile set size:172678 disposed:false
447 http fetch GET 200 https://registry.npmjs.org/@shikijs%2fengine-oniguruma 80ms (cache revalidated)
448 silly packumentCache full:https://registry.npmjs.org/@shikijs%2fengine-oniguruma set size:224510 disposed:false
449 http fetch GET 200 https://registry.npmjs.org/@shikijs%2fengine-javascript 97ms (cache revalidated)
450 silly packumentCache full:https://registry.npmjs.org/@shikijs%2fengine-javascript set size:215270 disposed:false
451 http fetch GET 200 https://registry.npmjs.org/bail 122ms (cache revalidated)
452 silly packumentCache full:https://registry.npmjs.org/bail set size:30511 disposed:false
453 http fetch GET 200 https://registry.npmjs.org/@shikijs%2ftypes 180ms (cache revalidated)
454 silly packumentCache full:https://registry.npmjs.org/@shikijs%2ftypes set size:195677 disposed:false
455 http fetch GET 200 https://registry.npmjs.org/trough 112ms (cache revalidated)
456 silly packumentCache full:https://registry.npmjs.org/trough set size:46749 disposed:false
457 http fetch GET 200 https://registry.npmjs.org/@shikijs%2fvscode-textmate 220ms (cache revalidated)
458 silly packumentCache full:https://registry.npmjs.org/@shikijs%2fvscode-textmate set size:25645 disposed:false
459 http fetch GET 200 https://registry.npmjs.org/@types%2fnlcst 228ms (cache revalidated)
460 silly packumentCache full:https://registry.npmjs.org/@types%2fnlcst set size:17041 disposed:false
461 silly placeDep ROOT @types/unist@3.0.3 OK for: @types/hast@3.0.5 want: *
462 silly placeDep ROOT @rolldown/pluginutils@1.0.1 OK for: @vitejs/plugin-react@6.1.1 want: ^1.0.1
463 silly placeDep ROOT @astrojs/compiler-rs@0.5.1 OK for: astro@7.3.5 want: ^0.5.0
464 silly placeDep ROOT @astrojs/markdown-satteri@0.4.2 OK for: astro@7.3.5 want: 0.4.2
465 silly placeDep ROOT @astrojs/telemetry@3.3.3 OK for: astro@7.3.5 want: 3.3.3
466 silly placeDep ROOT @clack/prompts@1.8.1 OK for: astro@7.3.5 want: ^1.1.0
467 silly placeDep ROOT am-i-vibing@0.4.0 OK for: astro@7.3.5 want: ^0.4.0
468 silly placeDep ROOT ci-info@4.4.0 OK for: astro@7.3.5 want: ^4.4.0
469 silly placeDep ROOT common-ancestor-path@2.0.0 OK for: astro@7.3.5 want: ^2.0.0
470 silly placeDep ROOT cookie@2.0.1 OK for: astro@7.3.5 want: ^2.0.1
471 silly placeDep ROOT diff@9.0.0 OK for: astro@7.3.5 want: ^9.0.0
472 silly placeDep ROOT dset@3.1.4 OK for: astro@7.3.5 want: ^3.1.4
473 silly placeDep ROOT es-module-lexer@2.3.2 OK for: astro@7.3.5 want: ^2.0.0
474 silly placeDep ROOT esbuild@0.28.2 OK for: astro@7.3.5 want: ^0.28.0
475 silly placeDep ROOT find-proc@0.2.0 OK for: astro@7.3.5 want: 0.2.0
476 silly placeDep ROOT get-tsconfig@5.0.0-beta.4 OK for: astro@7.3.5 want: 5.0.0-beta.4
477 silly placeDep ROOT github-slugger@2.0.0 OK for: astro@7.3.5 want: ^2.0.0
478 silly placeDep ROOT jsonc-parser@3.3.1 OK for: astro@7.3.5 want: ^3.3.1
479 silly placeDep node_modules/astro magic-string@1.4.2 OK for: astro@7.3.5 want: ^1.0.0
480 silly placeDep ROOT neotraverse@1.0.1 OK for: astro@7.3.5 want: ^1.0.1
481 silly placeDep ROOT obug@3.0.0 OK for: astro@7.3.5 want: ^3.0.0
482 silly placeDep ROOT p-limit@7.3.3 OK for: astro@7.3.5 want: ^7.3.0
483 silly placeDep ROOT p-queue@9.3.3 OK for: astro@7.3.5 want: ^9.1.0
484 silly placeDep ROOT sharp@0.35.5 OK for: astro@7.3.5 want: ^0.35.4
485 silly placeDep ROOT tinyclip@1.0.3 OK for: astro@7.3.5 want: ^1.0.1
486 silly placeDep ROOT verkit@0.4.1 OK for: astro@7.3.5 want: ^0.4.0
487 silly placeDep ROOT yargs-parser@22.0.0 OK for: astro@7.3.5 want: ^22.0.0
488 silly placeDep ROOT zod@4.6.5 OK for: astro@7.3.5 want: ^4.5.4
489 silly fetch manifest @astrojs/compiler-binding@0.5.1
490 silly packumentCache full:https://registry.npmjs.org/@astrojs%2fcompiler-binding cache-miss
491 silly fetch manifest satteri@^0.10.3
492 silly packumentCache full:https://registry.npmjs.org/satteri cache-miss
493 silly fetch manifest @astrojs/prism@4.0.2
494 silly packumentCache full:https://registry.npmjs.org/@astrojs%2fprism cache-miss
495 silly fetch manifest is-docker@^4.0.0
496 silly packumentCache full:https://registry.npmjs.org/is-docker cache-miss
497 silly fetch manifest sisteransi@^1.0.5
498 silly packumentCache full:https://registry.npmjs.org/sisteransi cache-miss
499 silly fetch manifest @clack/core@1.5.1
500 silly packumentCache full:https://registry.npmjs.org/@clack%2fcore cache-miss
501 silly fetch manifest fast-wrap-ansi@^0.2.0
502 silly packumentCache full:https://registry.npmjs.org/fast-wrap-ansi cache-miss
503 silly fetch manifest fast-string-width@^3.0.2
504 silly packumentCache full:https://registry.npmjs.org/fast-string-width cache-miss
505 silly fetch manifest process-ancestry@^0.1.0
506 silly packumentCache full:https://registry.npmjs.org/process-ancestry cache-miss
507 silly fetch manifest @esbuild/aix-ppc64@0.28.2
508 silly packumentCache full:https://registry.npmjs.org/@esbuild%2faix-ppc64 cache-miss
509 silly fetch manifest @esbuild/linux-arm@0.28.2
510 silly packumentCache full:https://registry.npmjs.org/@esbuild%2flinux-arm cache-miss
511 http fetch GET 200 https://registry.npmjs.org/fast-wrap-ansi 43ms (cache miss)
512 silly packumentCache full:https://registry.npmjs.org/fast-wrap-ansi set size:undefined disposed:false
513 silly fetch manifest @esbuild/linux-x64@0.28.2
514 silly packumentCache full:https://registry.npmjs.org/@esbuild%2flinux-x64 cache-miss
515 http fetch GET 200 https://registry.npmjs.org/@clack%2fcore 54ms (cache miss)
516 silly packumentCache full:https://registry.npmjs.org/@clack%2fcore set size:undefined disposed:false
517 silly fetch manifest @esbuild/sunos-x64@0.28.2
518 silly packumentCache full:https://registry.npmjs.org/@esbuild%2fsunos-x64 cache-miss
519 http fetch GET 200 https://registry.npmjs.org/@esbuild%2faix-ppc64 70ms (cache revalidated)
520 silly packumentCache full:https://registry.npmjs.org/@esbuild%2faix-ppc64 set size:67797 disposed:false
521 silly fetch manifest @esbuild/win32-x64@0.28.2
522 silly packumentCache full:https://registry.npmjs.org/@esbuild%2fwin32-x64 cache-miss
523 http fetch GET 200 https://registry.npmjs.org/@esbuild%2flinux-arm 90ms (cache revalidated)
524 silly packumentCache full:https://registry.npmjs.org/@esbuild%2flinux-arm set size:198596 disposed:false
525 silly fetch manifest @esbuild/darwin-x64@0.28.2
526 silly packumentCache full:https://registry.npmjs.org/@esbuild%2fdarwin-x64 cache-miss
527 http fetch GET 200 https://registry.npmjs.org/@esbuild%2flinux-x64 73ms (cache revalidated)
528 silly packumentCache full:https://registry.npmjs.org/@esbuild%2flinux-x64 set size:198942 disposed:false
529 silly fetch manifest @esbuild/linux-ia32@0.28.2
530 silly packumentCache full:https://registry.npmjs.org/@esbuild%2flinux-ia32 cache-miss
531 http fetch GET 200 https://registry.npmjs.org/fast-string-width 124ms (cache miss)
532 silly packumentCache full:https://registry.npmjs.org/fast-string-width set size:undefined disposed:false
533 silly fetch manifest @esbuild/netbsd-x64@0.28.2
534 silly packumentCache full:https://registry.npmjs.org/@esbuild%2fnetbsd-x64 cache-miss
535 http fetch GET 200 https://registry.npmjs.org/process-ancestry 124ms (cache miss)
536 silly packumentCache full:https://registry.npmjs.org/process-ancestry set size:undefined disposed:false
537 silly fetch manifest @esbuild/win32-ia32@0.28.2
538 silly packumentCache full:https://registry.npmjs.org/@esbuild%2fwin32-ia32 cache-miss
539 http fetch GET 200 https://registry.npmjs.org/satteri 133ms (cache miss)
540 silly packumentCache full:https://registry.npmjs.org/satteri set size:undefined disposed:false
541 silly fetch manifest @esbuild/android-arm@0.28.2
542 silly packumentCache full:https://registry.npmjs.org/@esbuild%2fandroid-arm cache-miss
543 http fetch GET 200 https://registry.npmjs.org/is-docker 144ms (cache revalidated)
544 silly packumentCache full:https://registry.npmjs.org/is-docker set size:23690 disposed:false
545 silly fetch manifest @esbuild/android-x64@0.28.2
546 silly packumentCache full:https://registry.npmjs.org/@esbuild%2fandroid-x64 cache-miss
547 http fetch GET 200 https://registry.npmjs.org/@esbuild%2fdarwin-x64 48ms (cache revalidated)
548 silly packumentCache full:https://registry.npmjs.org/@esbuild%2fdarwin-x64 set size:199670 disposed:false
549 silly fetch manifest @esbuild/freebsd-x64@0.28.2
550 silly packumentCache full:https://registry.npmjs.org/@esbuild%2ffreebsd-x64 cache-miss
551 http fetch GET 200 https://registry.npmjs.org/sisteransi 148ms (cache revalidated)
552 silly packumentCache full:https://registry.npmjs.org/sisteransi set size:25723 disposed:false
553 silly fetch manifest @esbuild/linux-arm64@0.28.2
554 silly packumentCache full:https://registry.npmjs.org/@esbuild%2flinux-arm64 cache-miss
555 http fetch GET 200 https://registry.npmjs.org/@esbuild%2fsunos-x64 93ms (cache revalidated)
556 silly packumentCache full:https://registry.npmjs.org/@esbuild%2fsunos-x64 set size:199187 disposed:false
557 silly fetch manifest @esbuild/linux-ppc64@0.28.2
558 silly packumentCache full:https://registry.npmjs.org/@esbuild%2flinux-ppc64 cache-miss
559 http fetch GET 200 https://registry.npmjs.org/@esbuild%2fwin32-x64 87ms (cache revalidated)
560 silly packumentCache full:https://registry.npmjs.org/@esbuild%2fwin32-x64 set size:197540 disposed:false
561 silly fetch manifest @esbuild/linux-s390x@0.28.2
562 silly packumentCache full:https://registry.npmjs.org/@esbuild%2flinux-s390x cache-miss
563 http fetch GET 200 https://registry.npmjs.org/@esbuild%2fwin32-ia32 50ms (cache revalidated)
564 silly packumentCache full:https://registry.npmjs.org/@esbuild%2fwin32-ia32 set size:199854 disposed:false
565 silly fetch manifest @esbuild/openbsd-x64@0.28.2
566 silly packumentCache full:https://registry.npmjs.org/@esbuild%2fopenbsd-x64 cache-miss
567 http fetch GET 200 https://registry.npmjs.org/@esbuild%2flinux-ppc64 37ms (cache revalidated)
568 silly packumentCache full:https://registry.npmjs.org/@esbuild%2flinux-ppc64 set size:202845 disposed:false
569 silly fetch manifest @esbuild/win32-arm64@0.28.2
570 silly packumentCache full:https://registry.npmjs.org/@esbuild%2fwin32-arm64 cache-miss
571 http fetch GET 200 https://registry.npmjs.org/@esbuild%2fandroid-x64 49ms (cache revalidated)
572 silly packumentCache full:https://registry.npmjs.org/@esbuild%2fandroid-x64 set size:199017 disposed:false
573 silly fetch manifest @esbuild/darwin-arm64@0.28.2
574 silly packumentCache full:https://registry.npmjs.org/@esbuild%2fdarwin-arm64 cache-miss
575 http fetch GET 200 https://registry.npmjs.org/@esbuild%2fnetbsd-x64 72ms (cache revalidated)
576 silly packumentCache full:https://registry.npmjs.org/@esbuild%2fnetbsd-x64 set size:197314 disposed:false
577 silly fetch manifest @esbuild/netbsd-arm64@0.28.2
578 silly packumentCache full:https://registry.npmjs.org/@esbuild%2fnetbsd-arm64 cache-miss
579 http fetch GET 200 https://registry.npmjs.org/@esbuild%2fopenbsd-x64 35ms (cache revalidated)
580 silly packumentCache full:https://registry.npmjs.org/@esbuild%2fopenbsd-x64 set size:200576 disposed:false
581 silly fetch manifest @esbuild/android-arm64@0.28.2
582 silly packumentCache full:https://registry.npmjs.org/@esbuild%2fandroid-arm64 cache-miss
583 http fetch GET 200 https://registry.npmjs.org/@esbuild%2flinux-ia32 98ms (cache revalidated)
584 silly packumentCache full:https://registry.npmjs.org/@esbuild%2flinux-ia32 set size:199625 disposed:false
585 silly fetch manifest @esbuild/freebsd-arm64@0.28.2
586 silly packumentCache full:https://registry.npmjs.org/@esbuild%2ffreebsd-arm64 cache-miss
587 http fetch GET 200 https://registry.npmjs.org/@esbuild%2fnetbsd-arm64 37ms (cache revalidated)
588 silly packumentCache full:https://registry.npmjs.org/@esbuild%2fnetbsd-arm64 set size:44308 disposed:false
589 silly fetch manifest @esbuild/linux-loong64@0.28.2
590 silly packumentCache full:https://registry.npmjs.org/@esbuild%2flinux-loong64 cache-miss
591 http fetch GET 200 https://registry.npmjs.org/@esbuild%2fdarwin-arm64 45ms (cache revalidated)
592 silly packumentCache full:https://registry.npmjs.org/@esbuild%2fdarwin-arm64 set size:201471 disposed:false
593 silly fetch manifest @esbuild/linux-riscv64@0.28.2
594 silly packumentCache full:https://registry.npmjs.org/@esbuild%2flinux-riscv64 cache-miss
595 http fetch GET 200 https://registry.npmjs.org/@esbuild%2fandroid-arm 109ms (cache revalidated)
596 silly packumentCache full:https://registry.npmjs.org/@esbuild%2fandroid-arm set size:225217 disposed:false
597 silly fetch manifest @esbuild/openbsd-arm64@0.28.2
598 silly packumentCache full:https://registry.npmjs.org/@esbuild%2fopenbsd-arm64 cache-miss
599 http fetch GET 200 https://registry.npmjs.org/@esbuild%2flinux-arm64 99ms (cache revalidated)
600 silly packumentCache full:https://registry.npmjs.org/@esbuild%2flinux-arm64 set size:200773 disposed:false
601 silly fetch manifest @esbuild/linux-mips64el@0.28.2
602 silly packumentCache full:https://registry.npmjs.org/@esbuild%2flinux-mips64el cache-miss
603 http fetch GET 200 https://registry.npmjs.org/@esbuild%2ffreebsd-arm64 36ms (cache revalidated)
604 silly packumentCache full:https://registry.npmjs.org/@esbuild%2ffreebsd-arm64 set size:202383 disposed:false
605 silly fetch manifest @esbuild/openharmony-arm64@0.28.2
606 silly packumentCache full:https://registry.npmjs.org/@esbuild%2fopenharmony-arm64 cache-miss
607 http fetch GET 200 https://registry.npmjs.org/@esbuild%2fandroid-arm64 43ms (cache revalidated)
608 silly packumentCache full:https://registry.npmjs.org/@esbuild%2fandroid-arm64 set size:204216 disposed:false
609 silly fetch manifest resolve-pkg-maps@^1.0.0
610 silly packumentCache full:https://registry.npmjs.org/resolve-pkg-maps cache-miss
611 http fetch GET 200 https://registry.npmjs.org/@astrojs%2fprism 276ms (cache revalidated)
612 silly packumentCache full:https://registry.npmjs.org/@astrojs%2fprism set size:112205 disposed:false
613 silly fetch manifest yocto-queue@^1.2.1
614 silly packumentCache full:https://registry.npmjs.org/yocto-queue cache-miss
615 http fetch GET 200 https://registry.npmjs.org/@astrojs%2fcompiler-binding 280ms (cache miss)
616 silly packumentCache full:https://registry.npmjs.org/@astrojs%2fcompiler-binding set size:undefined disposed:false
617 silly fetch manifest eventemitter3@^5.0.4
618 silly packumentCache full:https://registry.npmjs.org/eventemitter3 cache-miss
619 http fetch GET 200 https://registry.npmjs.org/@esbuild%2flinux-riscv64 58ms (cache revalidated)
620 silly packumentCache full:https://registry.npmjs.org/@esbuild%2flinux-riscv64 set size:202512 disposed:false
621 silly fetch manifest p-timeout@^7.0.0
622 silly packumentCache full:https://registry.npmjs.org/p-timeout cache-miss
623 http fetch GET 200 https://registry.npmjs.org/@esbuild%2ffreebsd-x64 158ms (cache revalidated)
624 silly packumentCache full:https://registry.npmjs.org/@esbuild%2ffreebsd-x64 set size:200565 disposed:false
625 silly fetch manifest semver@^7.8.5
626 silly packumentCache full:https://registry.npmjs.org/semver cache-miss
627 http fetch GET 200 https://registry.npmjs.org/eventemitter3 46ms (cache revalidated)
628 silly packumentCache full:https://registry.npmjs.org/eventemitter3 set size:92292 disposed:false
629 silly fetch manifest @img/colour@^1.1.0
630 silly packumentCache full:https://registry.npmjs.org/@img%2fcolour cache-miss
631 http fetch GET 200 https://registry.npmjs.org/@esbuild%2flinux-loong64 89ms (cache revalidated)
632 silly packumentCache full:https://registry.npmjs.org/@esbuild%2flinux-loong64 set size:255749 disposed:false
633 silly fetch manifest @img/sharp-linux-arm@0.35.5
634 silly packumentCache full:https://registry.npmjs.org/@img%2fsharp-linux-arm cache-miss
635 http fetch GET 200 https://registry.npmjs.org/@esbuild%2fopenbsd-arm64 97ms (cache revalidated)
636 silly packumentCache full:https://registry.npmjs.org/@esbuild%2fopenbsd-arm64 set size:49642 disposed:false
637 silly fetch manifest @img/sharp-linux-x64@0.35.5
638 silly packumentCache full:https://registry.npmjs.org/@img%2fsharp-linux-x64 cache-miss
639 http fetch GET 200 https://registry.npmjs.org/@esbuild%2fopenharmony-arm64 94ms (cache revalidated)
640 silly packumentCache full:https://registry.npmjs.org/@esbuild%2fopenharmony-arm64 set size:33054 disposed:false
641 silly fetch manifest @img/sharp-win32-x64@0.35.5
642 silly packumentCache full:https://registry.npmjs.org/@img%2fsharp-win32-x64 cache-miss
643 http fetch GET 200 https://registry.npmjs.org/semver 46ms (cache revalidated)
644 silly packumentCache full:https://registry.npmjs.org/semver set size:246128 disposed:false
645 silly fetch manifest @img/sharp-darwin-x64@0.35.5
646 silly packumentCache full:https://registry.npmjs.org/@img%2fsharp-darwin-x64 cache-miss
647 http fetch GET 200 https://registry.npmjs.org/resolve-pkg-maps 109ms (cache miss)
648 silly packumentCache full:https://registry.npmjs.org/resolve-pkg-maps set size:undefined disposed:false
649 silly fetch manifest @img/sharp-win32-ia32@0.35.5
650 silly packumentCache full:https://registry.npmjs.org/@img%2fsharp-win32-ia32 cache-miss
651 http fetch GET 200 https://registry.npmjs.org/@esbuild%2flinux-mips64el 127ms (cache revalidated)
652 silly packumentCache full:https://registry.npmjs.org/@esbuild%2flinux-mips64el set size:204633 disposed:false
653 silly fetch manifest @img/sharp-linux-arm64@0.35.5
654 silly packumentCache full:https://registry.npmjs.org/@img%2fsharp-linux-arm64 cache-miss
655 http fetch GET 200 https://registry.npmjs.org/yocto-queue 113ms (cache revalidated)
656 silly packumentCache full:https://registry.npmjs.org/yocto-queue set size:20256 disposed:false
657 silly fetch manifest @img/sharp-linux-ppc64@0.35.5
658 silly packumentCache full:https://registry.npmjs.org/@img%2fsharp-linux-ppc64 cache-miss
659 http fetch GET 200 https://registry.npmjs.org/p-timeout 135ms (cache revalidated)
660 silly packumentCache full:https://registry.npmjs.org/p-timeout set size:62805 disposed:false
661 silly fetch manifest @img/sharp-linux-s390x@0.35.5
662 silly packumentCache full:https://registry.npmjs.org/@img%2fsharp-linux-s390x cache-miss
663 http fetch GET 200 https://registry.npmjs.org/@img%2fsharp-linux-arm64 60ms (cache revalidated)
664 silly packumentCache full:https://registry.npmjs.org/@img%2fsharp-linux-arm64 set size:114817 disposed:false
665 silly fetch manifest @img/sharp-win32-arm64@0.35.5
666 silly packumentCache full:https://registry.npmjs.org/@img%2fsharp-win32-arm64 cache-miss
667 http fetch GET 200 https://registry.npmjs.org/@img%2fsharp-linux-arm 145ms (cache revalidated)
668 silly packumentCache full:https://registry.npmjs.org/@img%2fsharp-linux-arm set size:113897 disposed:false
669 silly fetch manifest @img/sharp-darwin-arm64@0.35.5
670 silly packumentCache full:https://registry.npmjs.org/@img%2fsharp-darwin-arm64 cache-miss
671 http fetch GET 200 https://registry.npmjs.org/@img%2fsharp-linux-ppc64 86ms (cache revalidated)
672 silly packumentCache full:https://registry.npmjs.org/@img%2fsharp-linux-ppc64 set size:79407 disposed:false
673 silly fetch manifest @img/sharp-linux-riscv64@0.35.5
674 silly packumentCache full:https://registry.npmjs.org/@img%2fsharp-linux-riscv64 cache-miss
675 http fetch GET 200 https://registry.npmjs.org/@img%2fcolour 151ms (cache revalidated)
676 silly packumentCache full:https://registry.npmjs.org/@img%2fcolour set size:9701 disposed:false
677 silly fetch manifest @img/sharp-linuxmusl-x64@0.35.5
678 silly packumentCache full:https://registry.npmjs.org/@img%2fsharp-linuxmusl-x64 cache-miss
679 http fetch GET 200 https://registry.npmjs.org/@img%2fsharp-linux-x64 158ms (cache revalidated)
680 silly packumentCache full:https://registry.npmjs.org/@img%2fsharp-linux-x64 set size:113357 disposed:false
681 silly fetch manifest @img/sharp-freebsd-wasm32@0.35.5
682 silly packumentCache full:https://registry.npmjs.org/@img%2fsharp-freebsd-wasm32 cache-miss
683 http fetch GET 200 https://registry.npmjs.org/@img%2fsharp-darwin-x64 152ms (cache revalidated)
684 silly packumentCache full:https://registry.npmjs.org/@img%2fsharp-darwin-x64 set size:115385 disposed:false
685 silly fetch manifest @img/sharp-linuxmusl-arm64@0.35.5
686 silly packumentCache full:https://registry.npmjs.org/@img%2fsharp-linuxmusl-arm64 cache-miss
687 http fetch GET 200 https://registry.npmjs.org/@img%2fsharp-linux-s390x 87ms (cache revalidated)
688 silly packumentCache full:https://registry.npmjs.org/@img%2fsharp-linux-s390x set size:112669 disposed:false
689 silly fetch manifest @img/sharp-libvips-linux-arm@1.3.4
690 silly packumentCache full:https://registry.npmjs.org/@img%2fsharp-libvips-linux-arm cache-miss
691 http fetch GET 200 https://registry.npmjs.org/@img%2fsharp-win32-x64 177ms (cache revalidated)
692 silly packumentCache full:https://registry.npmjs.org/@img%2fsharp-win32-x64 set size:114337 disposed:false
693 silly fetch manifest @img/sharp-libvips-linux-x64@1.3.4
694 silly packumentCache full:https://registry.npmjs.org/@img%2fsharp-libvips-linux-x64 cache-miss
695 http fetch GET 200 https://registry.npmjs.org/@img%2fsharp-darwin-arm64 88ms (cache revalidated)
696 silly packumentCache full:https://registry.npmjs.org/@img%2fsharp-darwin-arm64 set size:116891 disposed:false
697 silly fetch manifest @img/sharp-libvips-darwin-x64@1.3.4
698 silly packumentCache full:https://registry.npmjs.org/@img%2fsharp-libvips-darwin-x64 cache-miss
699 http fetch GET 200 https://registry.npmjs.org/@img%2fsharp-linuxmusl-arm64 63ms (cache revalidated)
700 silly packumentCache full:https://registry.npmjs.org/@img%2fsharp-linuxmusl-arm64 set size:116571 disposed:false
701 silly fetch manifest @img/sharp-libvips-linux-arm64@1.3.4
702 silly packumentCache full:https://registry.npmjs.org/@img%2fsharp-libvips-linux-arm64 cache-miss
703 http fetch GET 200 https://registry.npmjs.org/@img%2fsharp-libvips-linux-x64 73ms (cache revalidated)
704 silly packumentCache full:https://registry.npmjs.org/@img%2fsharp-libvips-linux-x64 set size:97791 disposed:false
705 silly fetch manifest @img/sharp-libvips-linux-ppc64@1.3.4
706 silly packumentCache full:https://registry.npmjs.org/@img%2fsharp-libvips-linux-ppc64 cache-miss
707 http fetch GET 200 https://registry.npmjs.org/@esbuild%2flinux-s390x 442ms (cache revalidated)
708 silly packumentCache full:https://registry.npmjs.org/@esbuild%2flinux-s390x set size:202310 disposed:false
709 silly fetch manifest @img/sharp-libvips-linux-s390x@1.3.4
710 silly packumentCache full:https://registry.npmjs.org/@img%2fsharp-libvips-linux-s390x cache-miss
711 http fetch GET 200 https://registry.npmjs.org/@img%2fsharp-win32-arm64 168ms (cache revalidated)
712 silly packumentCache full:https://registry.npmjs.org/@img%2fsharp-win32-arm64 set size:74401 disposed:false
713 silly fetch manifest @img/sharp-libvips-darwin-arm64@1.3.4
714 silly packumentCache full:https://registry.npmjs.org/@img%2fsharp-libvips-darwin-arm64 cache-miss
715 http fetch GET 200 https://registry.npmjs.org/@esbuild%2fwin32-arm64 427ms (cache revalidated)
716 silly packumentCache full:https://registry.npmjs.org/@esbuild%2fwin32-arm64 set size:201005 disposed:false
717 silly fetch manifest @img/sharp-webcontainers-wasm32@0.35.5
718 silly packumentCache full:https://registry.npmjs.org/@img%2fsharp-webcontainers-wasm32 cache-miss
719 http fetch GET 200 https://registry.npmjs.org/@img%2fsharp-libvips-linux-arm 94ms (cache revalidated)
720 silly packumentCache full:https://registry.npmjs.org/@img%2fsharp-libvips-linux-arm set size:101980 disposed:false
721 silly fetch manifest @img/sharp-libvips-linux-riscv64@1.3.4
722 silly packumentCache full:https://registry.npmjs.org/@img%2fsharp-libvips-linux-riscv64 cache-miss
723 http fetch GET 200 https://registry.npmjs.org/@img%2fsharp-linux-riscv64 153ms (cache revalidated)
724 silly packumentCache full:https://registry.npmjs.org/@img%2fsharp-linux-riscv64 set size:57051 disposed:false
725 silly fetch manifest @img/sharp-libvips-linuxmusl-x64@1.3.4
726 silly packumentCache full:https://registry.npmjs.org/@img%2fsharp-libvips-linuxmusl-x64 cache-miss
727 http fetch GET 200 https://registry.npmjs.org/@img%2fsharp-linuxmusl-x64 153ms (cache revalidated)
728 silly packumentCache full:https://registry.npmjs.org/@img%2fsharp-linuxmusl-x64 set size:115107 disposed:false
729 silly fetch manifest @img/sharp-libvips-linuxmusl-arm64@1.3.4
730 silly packumentCache full:https://registry.npmjs.org/@img%2fsharp-libvips-linuxmusl-arm64 cache-miss
731 http fetch GET 200 https://registry.npmjs.org/@img%2fsharp-win32-ia32 283ms (cache revalidated)
732 silly packumentCache full:https://registry.npmjs.org/@img%2fsharp-win32-ia32 set size:115401 disposed:false
733 http fetch GET 200 https://registry.npmjs.org/@img%2fsharp-freebsd-wasm32 157ms (cache miss)
734 silly packumentCache full:https://registry.npmjs.org/@img%2fsharp-freebsd-wasm32 set size:undefined disposed:false
735 http fetch GET 200 https://registry.npmjs.org/@img%2fsharp-libvips-linux-ppc64 70ms (cache revalidated)
736 silly packumentCache full:https://registry.npmjs.org/@img%2fsharp-libvips-linux-ppc64 set size:84165 disposed:false
737 http fetch GET 200 https://registry.npmjs.org/@img%2fsharp-libvips-linuxmusl-x64 62ms (cache revalidated)
738 silly packumentCache full:https://registry.npmjs.org/@img%2fsharp-libvips-linuxmusl-x64 set size:95242 disposed:false
739 http fetch GET 200 https://registry.npmjs.org/@img%2fsharp-libvips-linux-s390x 89ms (cache revalidated)
740 silly packumentCache full:https://registry.npmjs.org/@img%2fsharp-libvips-linux-s390x set size:93119 disposed:false
741 http fetch GET 200 https://registry.npmjs.org/@img%2fsharp-libvips-darwin-arm64 93ms (cache revalidated)
742 silly packumentCache full:https://registry.npmjs.org/@img%2fsharp-libvips-darwin-arm64 set size:95366 disposed:false
743 http fetch GET 200 https://registry.npmjs.org/@img%2fsharp-libvips-linux-riscv64 103ms (cache revalidated)
744 silly packumentCache full:https://registry.npmjs.org/@img%2fsharp-libvips-linux-riscv64 set size:70477 disposed:false
745 http fetch GET 200 https://registry.npmjs.org/@img%2fsharp-webcontainers-wasm32 143ms (cache miss)
746 silly packumentCache full:https://registry.npmjs.org/@img%2fsharp-webcontainers-wasm32 set size:undefined disposed:false
747 http fetch GET 200 https://registry.npmjs.org/@img%2fsharp-libvips-linuxmusl-arm64 139ms (cache revalidated)
748 silly packumentCache full:https://registry.npmjs.org/@img%2fsharp-libvips-linuxmusl-arm64 set size:98430 disposed:false
749 http fetch GET 200 https://registry.npmjs.org/@img%2fsharp-libvips-linux-arm64 232ms (cache revalidated)
750 silly packumentCache full:https://registry.npmjs.org/@img%2fsharp-libvips-linux-arm64 set size:99131 disposed:false
751 http fetch GET 200 https://registry.npmjs.org/@img%2fsharp-libvips-darwin-x64 253ms (cache revalidated)
752 silly packumentCache full:https://registry.npmjs.org/@img%2fsharp-libvips-darwin-x64 set size:94351 disposed:false
753 silly placeDep ROOT @astrojs/compiler-binding@0.5.1 OK for: @astrojs/compiler-rs@0.5.1 want: 0.5.1
754 silly fetch manifest @astrojs/compiler-binding-darwin-x64@0.5.1
755 silly packumentCache full:https://registry.npmjs.org/@astrojs%2fcompiler-binding-darwin-x64 cache-miss
756 silly fetch manifest @astrojs/compiler-binding-wasm32-wasi@0.5.1
757 silly packumentCache full:https://registry.npmjs.org/@astrojs%2fcompiler-binding-wasm32-wasi cache-miss
758 silly fetch manifest @astrojs/compiler-binding-darwin-arm64@0.5.1
759 silly packumentCache full:https://registry.npmjs.org/@astrojs%2fcompiler-binding-darwin-arm64 cache-miss
760 silly fetch manifest @astrojs/compiler-binding-android-arm64@0.5.1
761 silly packumentCache full:https://registry.npmjs.org/@astrojs%2fcompiler-binding-android-arm64 cache-miss
762 silly fetch manifest @astrojs/compiler-binding-linux-x64-gnu@0.5.1
763 silly packumentCache full:https://registry.npmjs.org/@astrojs%2fcompiler-binding-linux-x64-gnu cache-miss
764 silly fetch manifest @astrojs/compiler-binding-linux-x64-musl@0.5.1
765 silly packumentCache full:https://registry.npmjs.org/@astrojs%2fcompiler-binding-linux-x64-musl cache-miss
766 silly fetch manifest @astrojs/compiler-binding-win32-x64-msvc@0.5.1
767 silly packumentCache full:https://registry.npmjs.org/@astrojs%2fcompiler-binding-win32-x64-msvc cache-miss
768 silly fetch manifest @astrojs/compiler-binding-linux-arm64-gnu@0.5.1
769 silly packumentCache full:https://registry.npmjs.org/@astrojs%2fcompiler-binding-linux-arm64-gnu cache-miss
770 silly fetch manifest @astrojs/compiler-binding-linux-arm64-musl@0.5.1
771 silly packumentCache full:https://registry.npmjs.org/@astrojs%2fcompiler-binding-linux-arm64-musl cache-miss
772 silly fetch manifest @astrojs/compiler-binding-win32-arm64-msvc@0.5.1
773 silly packumentCache full:https://registry.npmjs.org/@astrojs%2fcompiler-binding-win32-arm64-msvc cache-miss
774 http fetch GET 200 https://registry.npmjs.org/@astrojs%2fcompiler-binding-win32-x64-msvc 229ms (cache miss)
775 silly packumentCache full:https://registry.npmjs.org/@astrojs%2fcompiler-binding-win32-x64-msvc set size:undefined disposed:false
776 http fetch GET 200 https://registry.npmjs.org/@astrojs%2fcompiler-binding-linux-arm64-musl 230ms (cache miss)
777 silly packumentCache full:https://registry.npmjs.org/@astrojs%2fcompiler-binding-linux-arm64-musl set size:undefined disposed:false
778 http fetch GET 200 https://registry.npmjs.org/@astrojs%2fcompiler-binding-linux-x64-musl 237ms (cache miss)
779 silly packumentCache full:https://registry.npmjs.org/@astrojs%2fcompiler-binding-linux-x64-musl set size:undefined disposed:false
780 http fetch GET 200 https://registry.npmjs.org/@astrojs%2fcompiler-binding-win32-arm64-msvc 239ms (cache miss)
781 silly packumentCache full:https://registry.npmjs.org/@astrojs%2fcompiler-binding-win32-arm64-msvc set size:undefined disposed:false
782 http fetch GET 200 https://registry.npmjs.org/@astrojs%2fcompiler-binding-linux-arm64-gnu 242ms (cache miss)
783 silly packumentCache full:https://registry.npmjs.org/@astrojs%2fcompiler-binding-linux-arm64-gnu set size:undefined disposed:false
784 http fetch GET 200 https://registry.npmjs.org/@astrojs%2fcompiler-binding-android-arm64 263ms (cache miss)
785 silly packumentCache full:https://registry.npmjs.org/@astrojs%2fcompiler-binding-android-arm64 set size:undefined disposed:false
786 http fetch GET 200 https://registry.npmjs.org/@astrojs%2fcompiler-binding-wasm32-wasi 267ms (cache miss)
787 silly packumentCache full:https://registry.npmjs.org/@astrojs%2fcompiler-binding-wasm32-wasi set size:undefined disposed:false
788 http fetch GET 200 https://registry.npmjs.org/@astrojs%2fcompiler-binding-darwin-arm64 269ms (cache miss)
789 silly packumentCache full:https://registry.npmjs.org/@astrojs%2fcompiler-binding-darwin-arm64 set size:undefined disposed:false
790 http fetch GET 200 https://registry.npmjs.org/@astrojs%2fcompiler-binding-linux-x64-gnu 270ms (cache miss)
791 silly packumentCache full:https://registry.npmjs.org/@astrojs%2fcompiler-binding-linux-x64-gnu set size:undefined disposed:false
792 http fetch GET 200 https://registry.npmjs.org/@astrojs%2fcompiler-binding-darwin-x64 272ms (cache miss)
793 silly packumentCache full:https://registry.npmjs.org/@astrojs%2fcompiler-binding-darwin-x64 set size:undefined disposed:false
794 silly placeDep ROOT @astrojs/compiler-binding-android-arm64@0.5.1 OK for: @astrojs/compiler-binding@0.5.1 want: 0.5.1
795 silly placeDep ROOT @astrojs/compiler-binding-darwin-arm64@0.5.1 OK for: @astrojs/compiler-binding@0.5.1 want: 0.5.1
796 silly placeDep ROOT @astrojs/compiler-binding-darwin-x64@0.5.1 OK for: @astrojs/compiler-binding@0.5.1 want: 0.5.1
797 silly placeDep ROOT @astrojs/compiler-binding-linux-arm64-gnu@0.5.1 OK for: @astrojs/compiler-binding@0.5.1 want: 0.5.1
798 silly placeDep ROOT @astrojs/compiler-binding-linux-arm64-musl@0.5.1 OK for: @astrojs/compiler-binding@0.5.1 want: 0.5.1
799 silly placeDep ROOT @astrojs/compiler-binding-linux-x64-gnu@0.5.1 OK for: @astrojs/compiler-binding@0.5.1 want: 0.5.1
800 silly placeDep ROOT @astrojs/compiler-binding-linux-x64-musl@0.5.1 OK for: @astrojs/compiler-binding@0.5.1 want: 0.5.1
801 silly placeDep ROOT @astrojs/compiler-binding-wasm32-wasi@0.5.1 OK for: @astrojs/compiler-binding@0.5.1 want: 0.5.1
802 silly placeDep ROOT @astrojs/compiler-binding-win32-arm64-msvc@0.5.1 OK for: @astrojs/compiler-binding@0.5.1 want: 0.5.1
803 silly placeDep ROOT @astrojs/compiler-binding-win32-x64-msvc@0.5.1 OK for: @astrojs/compiler-binding@0.5.1 want: 0.5.1
804 silly fetch manifest @emnapi/core@1.11.3
805 silly packumentCache full:https://registry.npmjs.org/@emnapi%2fcore cache-miss
806 silly fetch manifest @napi-rs/wasm-runtime@^1.2.4
807 silly packumentCache full:https://registry.npmjs.org/@napi-rs%2fwasm-runtime cache-miss
808 http fetch GET 200 https://registry.npmjs.org/@emnapi%2fcore 51ms (cache miss)
809 silly packumentCache full:https://registry.npmjs.org/@emnapi%2fcore set size:undefined disposed:false
810 http fetch GET 200 https://registry.npmjs.org/@napi-rs%2fwasm-runtime 116ms (cache miss)
811 silly packumentCache full:https://registry.npmjs.org/@napi-rs%2fwasm-runtime set size:undefined disposed:false
812 silly fetch manifest @emnapi/runtime@1.11.3
813 silly packumentCache full:https://registry.npmjs.org/@emnapi%2fruntime cache-miss
814 http fetch GET 200 https://registry.npmjs.org/@emnapi%2fruntime 37ms (cache revalidated)
815 silly packumentCache full:https://registry.npmjs.org/@emnapi%2fruntime set size:127256 disposed:false
816 silly placeDep ROOT @emnapi/core@1.11.3 OK for: @astrojs/compiler-binding-wasm32-wasi@0.5.1 want: 1.11.3
817 silly placeDep ROOT @napi-rs/wasm-runtime@1.2.4 OK for: @astrojs/compiler-binding-wasm32-wasi@0.5.1 want: ^1.2.4
818 silly fetch manifest @emnapi/wasi-threads@1.2.3
819 silly packumentCache full:https://registry.npmjs.org/@emnapi%2fwasi-threads cache-miss
820 silly fetch manifest @tybys/wasm-util@^0.10.3
821 silly packumentCache full:https://registry.npmjs.org/@tybys%2fwasm-util cache-miss
822 http fetch GET 200 https://registry.npmjs.org/@emnapi%2fwasi-threads 116ms (cache miss)
823 silly packumentCache full:https://registry.npmjs.org/@emnapi%2fwasi-threads set size:undefined disposed:false
824 http fetch GET 200 https://registry.npmjs.org/@tybys%2fwasm-util 117ms (cache miss)
825 silly packumentCache full:https://registry.npmjs.org/@tybys%2fwasm-util set size:undefined disposed:false
826 silly placeDep ROOT @astrojs/prism@4.0.2 OK for: @astrojs/markdown-satteri@0.4.2 want: 4.0.2
827 silly placeDep ROOT satteri@0.10.5 OK for: @astrojs/markdown-satteri@0.4.2 want: ^0.10.3
828 silly fetch manifest prismjs@^1.30.0
829 silly packumentCache full:https://registry.npmjs.org/prismjs cache-miss
830 silly fetch manifest @types/estree-jsx@^1.0.5
831 silly packumentCache full:https://registry.npmjs.org/@types%2festree-jsx cache-miss
832 silly fetch manifest @bruits/satteri-darwin-x64@0.10.5
833 silly packumentCache full:https://registry.npmjs.org/@bruits%2fsatteri-darwin-x64 cache-miss
834 silly fetch manifest @bruits/satteri-wasm32-wasi@0.10.5
835 silly packumentCache full:https://registry.npmjs.org/@bruits%2fsatteri-wasm32-wasi cache-miss
836 silly fetch manifest @bruits/satteri-darwin-arm64@0.10.5
837 silly packumentCache full:https://registry.npmjs.org/@bruits%2fsatteri-darwin-arm64 cache-miss
838 silly fetch manifest @bruits/satteri-linux-x64-gnu@0.10.5
839 silly packumentCache full:https://registry.npmjs.org/@bruits%2fsatteri-linux-x64-gnu cache-miss
840 silly fetch manifest @bruits/satteri-linux-x64-musl@0.10.5
841 silly packumentCache full:https://registry.npmjs.org/@bruits%2fsatteri-linux-x64-musl cache-miss
842 silly fetch manifest @bruits/satteri-win32-x64-msvc@0.10.5
843 silly packumentCache full:https://registry.npmjs.org/@bruits%2fsatteri-win32-x64-msvc cache-miss
844 silly fetch manifest @bruits/satteri-linux-arm64-gnu@0.10.5
845 silly packumentCache full:https://registry.npmjs.org/@bruits%2fsatteri-linux-arm64-gnu cache-miss
846 silly fetch manifest @bruits/satteri-linux-arm64-musl@0.10.5
847 silly packumentCache full:https://registry.npmjs.org/@bruits%2fsatteri-linux-arm64-musl cache-miss
848 silly fetch manifest @bruits/satteri-win32-arm64-msvc@0.10.5
849 silly packumentCache full:https://registry.npmjs.org/@bruits%2fsatteri-win32-arm64-msvc cache-miss
850 http fetch GET 200 https://registry.npmjs.org/prismjs 31ms (cache revalidated)
851 silly packumentCache full:https://registry.npmjs.org/prismjs set size:114949 disposed:false
852 http fetch GET 200 https://registry.npmjs.org/@types%2festree-jsx 194ms (cache miss)
853 silly packumentCache full:https://registry.npmjs.org/@types%2festree-jsx set size:undefined disposed:false
854 http fetch GET 200 https://registry.npmjs.org/@bruits%2fsatteri-linux-x64-gnu 221ms (cache miss)
855 silly packumentCache full:https://registry.npmjs.org/@bruits%2fsatteri-linux-x64-gnu set size:undefined disposed:false
856 http fetch GET 200 https://registry.npmjs.org/@bruits%2fsatteri-win32-x64-msvc 234ms (cache miss)
857 silly packumentCache full:https://registry.npmjs.org/@bruits%2fsatteri-win32-x64-msvc set size:undefined disposed:false
858 http fetch GET 200 https://registry.npmjs.org/@bruits%2fsatteri-darwin-arm64 246ms (cache miss)
859 silly packumentCache full:https://registry.npmjs.org/@bruits%2fsatteri-darwin-arm64 set size:undefined disposed:false
860 http fetch GET 200 https://registry.npmjs.org/@bruits%2fsatteri-wasm32-wasi 249ms (cache miss)
861 silly packumentCache full:https://registry.npmjs.org/@bruits%2fsatteri-wasm32-wasi set size:undefined disposed:false
862 http fetch GET 200 https://registry.npmjs.org/@bruits%2fsatteri-linux-x64-musl 250ms (cache miss)
863 silly packumentCache full:https://registry.npmjs.org/@bruits%2fsatteri-linux-x64-musl set size:undefined disposed:false
864 http fetch GET 200 https://registry.npmjs.org/@bruits%2fsatteri-linux-arm64-musl 254ms (cache miss)
865 silly packumentCache full:https://registry.npmjs.org/@bruits%2fsatteri-linux-arm64-musl set size:undefined disposed:false
866 http fetch GET 200 https://registry.npmjs.org/@bruits%2fsatteri-darwin-x64 256ms (cache miss)
867 silly packumentCache full:https://registry.npmjs.org/@bruits%2fsatteri-darwin-x64 set size:undefined disposed:false
868 http fetch GET 200 https://registry.npmjs.org/@bruits%2fsatteri-win32-arm64-msvc 256ms (cache miss)
869 silly packumentCache full:https://registry.npmjs.org/@bruits%2fsatteri-win32-arm64-msvc set size:undefined disposed:false
870 http fetch GET 200 https://registry.npmjs.org/@bruits%2fsatteri-linux-arm64-gnu 282ms (cache miss)
871 silly packumentCache full:https://registry.npmjs.org/@bruits%2fsatteri-linux-arm64-gnu set size:undefined disposed:false
872 silly placeDep ROOT prismjs@1.30.0 OK for: @astrojs/prism@4.0.2 want: ^1.30.0
873 silly placeDep ROOT is-docker@4.0.0 OK for: @astrojs/telemetry@3.3.3 want: ^4.0.0
874 silly placeDep ROOT @clack/core@1.5.1 OK for: @clack/prompts@1.8.1 want: 1.5.1
875 silly placeDep ROOT fast-string-width@3.0.2 OK for: @clack/prompts@1.8.1 want: ^3.0.2
876 silly placeDep ROOT fast-wrap-ansi@0.2.2 OK for: @clack/prompts@1.8.1 want: ^0.2.0
877 silly placeDep ROOT sisteransi@1.0.5 OK for: @clack/prompts@1.8.1 want: ^1.0.5
878 silly fetch manifest fast-string-truncated-width@^3.0.2
879 silly packumentCache full:https://registry.npmjs.org/fast-string-truncated-width cache-miss
880 http fetch GET 200 https://registry.npmjs.org/fast-string-truncated-width 28ms (cache miss)
881 silly packumentCache full:https://registry.npmjs.org/fast-string-truncated-width set size:undefined disposed:false
882 silly placeDep ROOT @emnapi/wasi-threads@1.2.3 OK for: @emnapi/core@1.11.3 want: 1.2.3
883 silly placeDep ROOT @tybys/wasm-util@0.10.4 OK for: @napi-rs/wasm-runtime@1.2.4 want: ^0.10.3
884 silly placeDep ROOT process-ancestry@0.1.0 OK for: am-i-vibing@0.4.0 want: ^0.1.0
885 silly placeDep ROOT @esbuild/aix-ppc64@0.28.2 OK for: esbuild@0.28.2 want: 0.28.2
886 silly placeDep ROOT @esbuild/android-arm@0.28.2 OK for: esbuild@0.28.2 want: 0.28.2
887 silly placeDep ROOT @esbuild/android-arm64@0.28.2 OK for: esbuild@0.28.2 want: 0.28.2
888 silly placeDep ROOT @esbuild/android-x64@0.28.2 OK for: esbuild@0.28.2 want: 0.28.2
889 silly placeDep ROOT @esbuild/darwin-arm64@0.28.2 OK for: esbuild@0.28.2 want: 0.28.2
890 silly placeDep ROOT @esbuild/darwin-x64@0.28.2 OK for: esbuild@0.28.2 want: 0.28.2
891 silly placeDep ROOT @esbuild/freebsd-arm64@0.28.2 OK for: esbuild@0.28.2 want: 0.28.2
892 silly placeDep ROOT @esbuild/freebsd-x64@0.28.2 OK for: esbuild@0.28.2 want: 0.28.2
893 silly placeDep ROOT @esbuild/linux-arm@0.28.2 OK for: esbuild@0.28.2 want: 0.28.2
894 silly placeDep ROOT @esbuild/linux-arm64@0.28.2 OK for: esbuild@0.28.2 want: 0.28.2
895 silly placeDep ROOT @esbuild/linux-ia32@0.28.2 OK for: esbuild@0.28.2 want: 0.28.2
896 silly placeDep ROOT @esbuild/linux-loong64@0.28.2 OK for: esbuild@0.28.2 want: 0.28.2
897 silly placeDep ROOT @esbuild/linux-mips64el@0.28.2 OK for: esbuild@0.28.2 want: 0.28.2
898 silly placeDep ROOT @esbuild/linux-ppc64@0.28.2 OK for: esbuild@0.28.2 want: 0.28.2
899 silly placeDep ROOT @esbuild/linux-riscv64@0.28.2 OK for: esbuild@0.28.2 want: 0.28.2
900 silly placeDep ROOT @esbuild/linux-s390x@0.28.2 OK for: esbuild@0.28.2 want: 0.28.2
901 silly placeDep ROOT @esbuild/linux-x64@0.28.2 OK for: esbuild@0.28.2 want: 0.28.2
902 silly placeDep ROOT @esbuild/netbsd-arm64@0.28.2 OK for: esbuild@0.28.2 want: 0.28.2
903 silly placeDep ROOT @esbuild/netbsd-x64@0.28.2 OK for: esbuild@0.28.2 want: 0.28.2
904 silly placeDep ROOT @esbuild/openbsd-arm64@0.28.2 OK for: esbuild@0.28.2 want: 0.28.2
905 silly placeDep ROOT @esbuild/openbsd-x64@0.28.2 OK for: esbuild@0.28.2 want: 0.28.2
906 silly placeDep ROOT @esbuild/openharmony-arm64@0.28.2 OK for: esbuild@0.28.2 want: 0.28.2
907 silly placeDep ROOT @esbuild/sunos-x64@0.28.2 OK for: esbuild@0.28.2 want: 0.28.2
908 silly placeDep ROOT @esbuild/win32-arm64@0.28.2 OK for: esbuild@0.28.2 want: 0.28.2
909 silly placeDep ROOT @esbuild/win32-ia32@0.28.2 OK for: esbuild@0.28.2 want: 0.28.2
910 silly placeDep ROOT @esbuild/win32-x64@0.28.2 OK for: esbuild@0.28.2 want: 0.28.2
911 silly placeDep ROOT fast-string-truncated-width@3.0.3 OK for: fast-string-width@3.0.2 want: ^3.0.2
912 silly placeDep ROOT resolve-pkg-maps@1.0.0 OK for: get-tsconfig@5.0.0-beta.4 want: ^1.0.0
913 silly placeDep ROOT argparse@2.0.1 OK for: js-yaml@4.3.2 want: ^2.0.1
914 silly placeDep ROOT yocto-queue@1.2.2 OK for: p-limit@7.3.3 want: ^1.2.1
915 silly placeDep ROOT eventemitter3@5.0.4 OK for: p-queue@9.3.3 want: ^5.0.4
916 silly placeDep ROOT p-timeout@7.0.2 OK for: p-queue@9.3.3 want: ^7.0.0
917 silly placeDep ROOT @types/nlcst@2.0.3 OK for: retext-smartypants@6.2.0 want: ^2.0.0
918 silly placeDep ROOT nlcst-to-string@4.0.0 OK for: retext-smartypants@6.2.0 want: ^4.0.0
919 silly placeDep ROOT unist-util-visit@5.1.0 OK for: retext-smartypants@6.2.0 want: ^5.0.0
920 silly fetch manifest unist-util-is@^6.0.0
921 silly packumentCache full:https://registry.npmjs.org/unist-util-is cache-miss
922 silly fetch manifest unist-util-visit-parents@^6.0.0
923 silly packumentCache full:https://registry.npmjs.org/unist-util-visit-parents cache-miss
924 http fetch GET 200 https://registry.npmjs.org/unist-util-is 28ms (cache revalidated)
925 silly packumentCache full:https://registry.npmjs.org/unist-util-is set size:79350 disposed:false
926 http fetch GET 200 https://registry.npmjs.org/unist-util-visit-parents 30ms (cache revalidated)
927 silly packumentCache full:https://registry.npmjs.org/unist-util-visit-parents set size:103476 disposed:false
928 silly placeDep ROOT @bruits/satteri-darwin-arm64@0.10.5 OK for: satteri@0.10.5 want: 0.10.5
929 silly placeDep ROOT @bruits/satteri-darwin-x64@0.10.5 OK for: satteri@0.10.5 want: 0.10.5
930 silly placeDep ROOT @bruits/satteri-linux-arm64-gnu@0.10.5 OK for: satteri@0.10.5 want: 0.10.5
931 silly placeDep ROOT @bruits/satteri-linux-arm64-musl@0.10.5 OK for: satteri@0.10.5 want: 0.10.5
932 silly placeDep ROOT @bruits/satteri-linux-x64-gnu@0.10.5 OK for: satteri@0.10.5 want: 0.10.5
933 silly placeDep ROOT @bruits/satteri-linux-x64-musl@0.10.5 OK for: satteri@0.10.5 want: 0.10.5
934 silly placeDep ROOT @bruits/satteri-wasm32-wasi@0.10.5 OK for: satteri@0.10.5 want: 0.10.5
935 silly placeDep ROOT @bruits/satteri-win32-arm64-msvc@0.10.5 OK for: satteri@0.10.5 want: 0.10.5
936 silly placeDep ROOT @bruits/satteri-win32-x64-msvc@0.10.5 OK for: satteri@0.10.5 want: 0.10.5
937 silly placeDep ROOT @types/estree-jsx@1.0.5 OK for: satteri@0.10.5 want: ^1.0.5
938 silly fetch manifest @emnapi/core@1.11.1
939 silly packumentCache full:https://registry.npmjs.org/@emnapi%2fcore cache-miss
940 silly fetch manifest @emnapi/runtime@1.11.1
941 silly packumentCache full:https://registry.npmjs.org/@emnapi%2fruntime cache-hit
942 silly fetch manifest @types/estree@*
943 silly packumentCache full:https://registry.npmjs.org/@types%2festree cache-miss
944 http cache https://registry.npmjs.org/@emnapi%2fcore 8ms (cache hit)
945 silly packumentCache full:https://registry.npmjs.org/@emnapi%2fcore set size:126418 disposed:false
946 http fetch GET 200 https://registry.npmjs.org/@types%2festree 31ms (cache revalidated)
947 silly packumentCache full:https://registry.npmjs.org/@types%2festree set size:76072 disposed:false
948 silly placeDep node_modules/@bruits/satteri-wasm32-wasi @emnapi/core@1.11.1 OK for: @bruits/satteri-wasm32-wasi@0.10.5 want: 1.11.1
949 silly placeDep node_modules/@bruits/satteri-wasm32-wasi @emnapi/runtime@1.11.1 OK for: @bruits/satteri-wasm32-wasi@0.10.5 want: 1.11.1
950 silly fetch manifest @emnapi/wasi-threads@1.2.2
951 silly packumentCache full:https://registry.npmjs.org/@emnapi%2fwasi-threads cache-miss
952 http cache https://registry.npmjs.org/@emnapi%2fwasi-threads 6ms (cache hit)
953 silly packumentCache full:https://registry.npmjs.org/@emnapi%2fwasi-threads set size:35327 disposed:false
954 silly placeDep ROOT @types/estree@1.0.9 OK for: @types/estree-jsx@1.0.5 want: *
955 silly placeDep ROOT @img/colour@1.1.0 OK for: sharp@0.35.5 want: ^1.1.0
956 silly placeDep ROOT @img/sharp-darwin-arm64@0.35.5 OK for: sharp@0.35.5 want: 0.35.5
957 silly placeDep ROOT @img/sharp-darwin-x64@0.35.5 OK for: sharp@0.35.5 want: 0.35.5
958 silly placeDep ROOT @img/sharp-freebsd-wasm32@0.35.5 OK for: sharp@0.35.5 want: 0.35.5
959 silly placeDep ROOT @img/sharp-libvips-darwin-arm64@1.3.4 OK for: sharp@0.35.5 want: 1.3.4
960 silly placeDep ROOT @img/sharp-libvips-darwin-x64@1.3.4 OK for: sharp@0.35.5 want: 1.3.4
961 silly placeDep ROOT @img/sharp-libvips-linux-arm@1.3.4 OK for: sharp@0.35.5 want: 1.3.4
962 silly placeDep ROOT @img/sharp-libvips-linux-arm64@1.3.4 OK for: sharp@0.35.5 want: 1.3.4
963 silly placeDep ROOT @img/sharp-libvips-linux-ppc64@1.3.4 OK for: sharp@0.35.5 want: 1.3.4
964 silly placeDep ROOT @img/sharp-libvips-linux-riscv64@1.3.4 OK for: sharp@0.35.5 want: 1.3.4
965 silly placeDep ROOT @img/sharp-libvips-linux-s390x@1.3.4 OK for: sharp@0.35.5 want: 1.3.4
966 silly placeDep ROOT @img/sharp-libvips-linux-x64@1.3.4 OK for: sharp@0.35.5 want: 1.3.4
967 silly placeDep ROOT @img/sharp-libvips-linuxmusl-arm64@1.3.4 OK for: sharp@0.35.5 want: 1.3.4
968 silly placeDep ROOT @img/sharp-libvips-linuxmusl-x64@1.3.4 OK for: sharp@0.35.5 want: 1.3.4
969 silly placeDep ROOT @img/sharp-linux-arm@0.35.5 OK for: sharp@0.35.5 want: 0.35.5
970 silly placeDep ROOT @img/sharp-linux-arm64@0.35.5 OK for: sharp@0.35.5 want: 0.35.5
971 silly placeDep ROOT @img/sharp-linux-ppc64@0.35.5 OK for: sharp@0.35.5 want: 0.35.5
972 silly placeDep ROOT @img/sharp-linux-riscv64@0.35.5 OK for: sharp@0.35.5 want: 0.35.5
973 silly placeDep ROOT @img/sharp-linux-s390x@0.35.5 OK for: sharp@0.35.5 want: 0.35.5
974 silly placeDep ROOT @img/sharp-linux-x64@0.35.5 OK for: sharp@0.35.5 want: 0.35.5
975 silly placeDep ROOT @img/sharp-linuxmusl-arm64@0.35.5 OK for: sharp@0.35.5 want: 0.35.5
976 silly placeDep ROOT @img/sharp-linuxmusl-x64@0.35.5 OK for: sharp@0.35.5 want: 0.35.5
977 silly placeDep ROOT @img/sharp-webcontainers-wasm32@0.35.5 OK for: sharp@0.35.5 want: 0.35.5
978 silly placeDep ROOT @img/sharp-win32-arm64@0.35.5 OK for: sharp@0.35.5 want: 0.35.5
979 silly placeDep ROOT @img/sharp-win32-ia32@0.35.5 OK for: sharp@0.35.5 want: 0.35.5
980 silly placeDep ROOT @img/sharp-win32-x64@0.35.5 OK for: sharp@0.35.5 want: 0.35.5
981 silly placeDep ROOT semver@7.8.5 OK for: sharp@0.35.5 want: ^7.8.5
982 silly fetch manifest @img/sharp-wasm32@0.35.5
983 silly packumentCache full:https://registry.npmjs.org/@img%2fsharp-wasm32 cache-miss
984 silly fetch manifest @img/sharp-wasm32@0.35.5
985 silly packumentCache full:https://registry.npmjs.org/@img%2fsharp-wasm32 cache-miss
986 http fetch GET 200 https://registry.npmjs.org/@img%2fsharp-wasm32 167ms (cache revalidated)
987 silly packumentCache full:https://registry.npmjs.org/@img%2fsharp-wasm32 set size:110142 disposed:false
988 http fetch GET 200 https://registry.npmjs.org/@img%2fsharp-wasm32 170ms (cache revalidated)
989 silly packumentCache full:https://registry.npmjs.org/@img%2fsharp-wasm32 set size:110142 disposed:false
990 silly packumentCache full:https://registry.npmjs.org/@img%2fsharp-wasm32 dispose
991 silly placeDep ROOT @img/sharp-wasm32@0.35.5 OK for: @img/sharp-freebsd-wasm32@0.35.5 want: 0.35.5
992 silly placeDep ROOT @shikijs/core@4.5.0 OK for: shiki@4.5.0 want: 4.5.0
993 silly placeDep ROOT @shikijs/engine-javascript@4.5.0 OK for: shiki@4.5.0 want: 4.5.0
994 silly placeDep ROOT @shikijs/engine-oniguruma@4.5.0 OK for: shiki@4.5.0 want: 4.5.0
995 silly placeDep ROOT @shikijs/langs@4.5.0 OK for: shiki@4.5.0 want: 4.5.0
996 silly placeDep ROOT @shikijs/themes@4.5.0 OK for: shiki@4.5.0 want: 4.5.0
997 silly placeDep ROOT @shikijs/types@4.5.0 OK for: shiki@4.5.0 want: 4.5.0
998 silly placeDep ROOT @shikijs/vscode-textmate@10.0.2 OK for: shiki@4.5.0 want: ^10.0.2
999 silly fetch manifest hast-util-to-html@^9.0.5
1000 silly packumentCache full:https://registry.npmjs.org/hast-util-to-html cache-miss
1001 silly fetch manifest @shikijs/primitive@4.5.0
1002 silly packumentCache full:https://registry.npmjs.org/@shikijs%2fprimitive cache-miss
1003 silly fetch manifest oniguruma-to-es@^4.3.6
1004 silly packumentCache full:https://registry.npmjs.org/oniguruma-to-es cache-miss
1005 http fetch GET 200 https://registry.npmjs.org/oniguruma-to-es 27ms (cache revalidated)
1006 silly packumentCache full:https://registry.npmjs.org/oniguruma-to-es set size:143732 disposed:false
1007 http fetch GET 200 https://registry.npmjs.org/hast-util-to-html 31ms (cache revalidated)
1008 silly packumentCache full:https://registry.npmjs.org/hast-util-to-html set size:123778 disposed:false
1009 http fetch GET 200 https://registry.npmjs.org/@shikijs%2fprimitive 82ms (cache miss)
1010 silly packumentCache full:https://registry.npmjs.org/@shikijs%2fprimitive set size:undefined disposed:false
1011 silly placeDep ROOT @shikijs/primitive@4.5.0 OK for: @shikijs/core@4.5.0 want: 4.5.0
1012 silly placeDep ROOT hast-util-to-html@9.0.5 OK for: @shikijs/core@4.5.0 want: ^9.0.5
1013 silly fetch manifest ccount@^2.0.0
1014 silly packumentCache full:https://registry.npmjs.org/ccount cache-miss
1015 silly fetch manifest comma-separated-tokens@^2.0.0
1016 silly packumentCache full:https://registry.npmjs.org/comma-separated-tokens cache-miss
1017 silly fetch manifest hast-util-whitespace@^3.0.0
1018 silly packumentCache full:https://registry.npmjs.org/hast-util-whitespace cache-miss
1019 silly fetch manifest html-void-elements@^3.0.0
1020 silly packumentCache full:https://registry.npmjs.org/html-void-elements cache-miss
1021 silly fetch manifest mdast-util-to-hast@^13.0.0
1022 silly packumentCache full:https://registry.npmjs.org/mdast-util-to-hast cache-miss
1023 silly fetch manifest property-information@^7.0.0
1024 silly packumentCache full:https://registry.npmjs.org/property-information cache-miss
1025 silly fetch manifest space-separated-tokens@^2.0.0
1026 silly packumentCache full:https://registry.npmjs.org/space-separated-tokens cache-miss
1027 silly fetch manifest stringify-entities@^4.0.0
1028 silly packumentCache full:https://registry.npmjs.org/stringify-entities cache-miss
1029 silly fetch manifest zwitch@^2.0.4
1030 silly packumentCache full:https://registry.npmjs.org/zwitch cache-miss
1031 http fetch GET 200 https://registry.npmjs.org/ccount 32ms (cache revalidated)
1032 silly packumentCache full:https://registry.npmjs.org/ccount set size:30836 disposed:false
1033 http fetch GET 200 https://registry.npmjs.org/comma-separated-tokens 33ms (cache revalidated)
1034 silly packumentCache full:https://registry.npmjs.org/comma-separated-tokens set size:45877 disposed:false
1035 http fetch GET 200 https://registry.npmjs.org/space-separated-tokens 35ms (cache revalidated)
1036 silly packumentCache full:https://registry.npmjs.org/space-separated-tokens set size:36967 disposed:false
1037 http fetch GET 200 https://registry.npmjs.org/mdast-util-to-hast 36ms (cache revalidated)
1038 silly packumentCache full:https://registry.npmjs.org/mdast-util-to-hast set size:257722 disposed:false
1039 http fetch GET 200 https://registry.npmjs.org/stringify-entities 41ms (cache revalidated)
1040 silly packumentCache full:https://registry.npmjs.org/stringify-entities set size:61449 disposed:false
1041 http fetch GET 200 https://registry.npmjs.org/html-void-elements 42ms (cache revalidated)
1042 silly packumentCache full:https://registry.npmjs.org/html-void-elements set size:33031 disposed:false
1043 http fetch GET 200 https://registry.npmjs.org/property-information 111ms (cache revalidated)
1044 silly packumentCache full:https://registry.npmjs.org/property-information set size:188512 disposed:false
1045 http fetch GET 200 https://registry.npmjs.org/zwitch 121ms (cache revalidated)
1046 silly packumentCache full:https://registry.npmjs.org/zwitch set size:39712 disposed:false
1047 http fetch GET 200 https://registry.npmjs.org/hast-util-whitespace 123ms (cache revalidated)
1048 silly packumentCache full:https://registry.npmjs.org/hast-util-whitespace set size:35245 disposed:false
1049 silly placeDep ROOT oniguruma-to-es@4.3.6 OK for: @shikijs/engine-javascript@4.5.0 want: ^4.3.6
1050 silly fetch manifest oniguruma-parser@^0.12.2
1051 silly packumentCache full:https://registry.npmjs.org/oniguruma-parser cache-miss
1052 silly fetch manifest regex@^6.1.0
1053 silly packumentCache full:https://registry.npmjs.org/regex cache-miss
1054 silly fetch manifest regex-recursion@^6.0.2
1055 silly packumentCache full:https://registry.npmjs.org/regex-recursion cache-miss
1056 http fetch GET 200 https://registry.npmjs.org/oniguruma-parser 26ms (cache revalidated)
1057 silly packumentCache full:https://registry.npmjs.org/oniguruma-parser set size:84201 disposed:false
1058 http fetch GET 200 https://registry.npmjs.org/regex-recursion 27ms (cache revalidated)
1059 silly packumentCache full:https://registry.npmjs.org/regex-recursion set size:35271 disposed:false
1060 http fetch GET 200 https://registry.npmjs.org/regex 33ms (cache revalidated)
1061 silly packumentCache full:https://registry.npmjs.org/regex set size:122384 disposed:false
1062 silly placeDep ROOT ccount@2.0.1 OK for: hast-util-to-html@9.0.5 want: ^2.0.0
1063 silly placeDep ROOT comma-separated-tokens@2.0.3 OK for: hast-util-to-html@9.0.5 want: ^2.0.0
1064 silly placeDep ROOT hast-util-whitespace@3.0.0 OK for: hast-util-to-html@9.0.5 want: ^3.0.0
1065 silly placeDep ROOT html-void-elements@3.0.0 OK for: hast-util-to-html@9.0.5 want: ^3.0.0
1066 silly placeDep ROOT mdast-util-to-hast@13.2.1 OK for: hast-util-to-html@9.0.5 want: ^13.0.0
1067 silly placeDep ROOT property-information@7.2.0 OK for: hast-util-to-html@9.0.5 want: ^7.0.0
1068 silly placeDep ROOT space-separated-tokens@2.0.2 OK for: hast-util-to-html@9.0.5 want: ^2.0.0
1069 silly placeDep ROOT stringify-entities@4.0.4 OK for: hast-util-to-html@9.0.5 want: ^4.0.0
1070 silly placeDep ROOT zwitch@2.0.4 OK for: hast-util-to-html@9.0.5 want: ^2.0.4
1071 silly fetch manifest @ungap/structured-clone@^1.0.0
1072 silly packumentCache full:https://registry.npmjs.org/@ungap%2fstructured-clone cache-miss
1073 silly fetch manifest micromark-util-sanitize-uri@^2.0.0
1074 silly packumentCache full:https://registry.npmjs.org/micromark-util-sanitize-uri cache-miss
1075 silly fetch manifest trim-lines@^3.0.0
1076 silly packumentCache full:https://registry.npmjs.org/trim-lines cache-miss
1077 silly fetch manifest unist-util-position@^5.0.0
1078 silly packumentCache full:https://registry.npmjs.org/unist-util-position cache-miss
1079 silly fetch manifest character-entities-html4@^2.0.0
1080 silly packumentCache full:https://registry.npmjs.org/character-entities-html4 cache-miss
1081 silly fetch manifest character-entities-legacy@^3.0.0
1082 silly packumentCache full:https://registry.npmjs.org/character-entities-legacy cache-miss
1083 http fetch GET 200 https://registry.npmjs.org/micromark-util-sanitize-uri 26ms (cache revalidated)
1084 silly packumentCache full:https://registry.npmjs.org/micromark-util-sanitize-uri set size:32376 disposed:false
1085 http fetch GET 200 https://registry.npmjs.org/character-entities-legacy 34ms (cache revalidated)
1086 silly packumentCache full:https://registry.npmjs.org/character-entities-legacy set size:34121 disposed:false
1087 http fetch GET 200 https://registry.npmjs.org/character-entities-html4 109ms (cache revalidated)
1088 silly packumentCache full:https://registry.npmjs.org/character-entities-html4 set size:33529 disposed:false
1089 http fetch GET 200 https://registry.npmjs.org/unist-util-position 112ms (cache revalidated)
1090 silly packumentCache full:https://registry.npmjs.org/unist-util-position set size:51342 disposed:false
1091 http fetch GET 200 https://registry.npmjs.org/trim-lines 114ms (cache revalidated)
1092 silly packumentCache full:https://registry.npmjs.org/trim-lines set size:28474 disposed:false
1093 http fetch GET 200 https://registry.npmjs.org/@ungap%2fstructured-clone 209ms (cache revalidated)
1094 silly packumentCache full:https://registry.npmjs.org/@ungap%2fstructured-clone set size:68313 disposed:false
1095 silly placeDep ROOT @ungap/structured-clone@1.4.0 OK for: mdast-util-to-hast@13.2.1 want: ^1.0.0
1096 silly placeDep ROOT devlop@1.1.0 OK for: mdast-util-to-hast@13.2.1 want: ^1.0.0
1097 silly placeDep ROOT micromark-util-sanitize-uri@2.0.1 OK for: mdast-util-to-hast@13.2.1 want: ^2.0.0
1098 silly placeDep ROOT trim-lines@3.0.1 OK for: mdast-util-to-hast@13.2.1 want: ^3.0.0
1099 silly placeDep ROOT unist-util-position@5.0.0 OK for: mdast-util-to-hast@13.2.1 want: ^5.0.0
1100 silly placeDep ROOT vfile@6.0.3 OK for: mdast-util-to-hast@13.2.1 want: ^6.0.0
1101 silly fetch manifest dequal@^2.0.0
1102 silly packumentCache full:https://registry.npmjs.org/dequal cache-miss
1103 silly fetch manifest micromark-util-character@^2.0.0
1104 silly packumentCache full:https://registry.npmjs.org/micromark-util-character cache-miss
1105 silly fetch manifest micromark-util-encode@^2.0.0
1106 silly packumentCache full:https://registry.npmjs.org/micromark-util-encode cache-miss
1107 silly fetch manifest micromark-util-symbol@^2.0.0
1108 silly packumentCache full:https://registry.npmjs.org/micromark-util-symbol cache-miss
1109 silly fetch manifest vfile-message@^4.0.0
1110 silly packumentCache full:https://registry.npmjs.org/vfile-message cache-miss
1111 http fetch GET 200 https://registry.npmjs.org/dequal 28ms (cache revalidated)
1112 silly packumentCache full:https://registry.npmjs.org/dequal set size:24037 disposed:false
1113 http fetch GET 200 https://registry.npmjs.org/micromark-util-symbol 28ms (cache revalidated)
1114 silly packumentCache full:https://registry.npmjs.org/micromark-util-symbol set size:29566 disposed:false
1115 http fetch GET 200 https://registry.npmjs.org/micromark-util-character 38ms (cache revalidated)
1116 silly packumentCache full:https://registry.npmjs.org/micromark-util-character set size:41720 disposed:false
1117 http fetch GET 200 https://registry.npmjs.org/micromark-util-encode 39ms (cache revalidated)
1118 silly packumentCache full:https://registry.npmjs.org/micromark-util-encode set size:28579 disposed:false
1119 http fetch GET 200 https://registry.npmjs.org/vfile-message 113ms (cache revalidated)
1120 silly packumentCache full:https://registry.npmjs.org/vfile-message set size:81663 disposed:false
1121 silly placeDep ROOT dequal@2.0.3 OK for: devlop@1.1.0 want: ^2.0.0
1122 silly placeDep ROOT micromark-util-character@2.1.1 OK for: micromark-util-sanitize-uri@2.0.1 want: ^2.0.0
1123 silly placeDep ROOT micromark-util-encode@2.0.1 OK for: micromark-util-sanitize-uri@2.0.1 want: ^2.0.0
1124 silly placeDep ROOT micromark-util-symbol@2.0.1 OK for: micromark-util-sanitize-uri@2.0.1 want: ^2.0.0
1125 silly fetch manifest micromark-util-types@^2.0.0
1126 silly packumentCache full:https://registry.npmjs.org/micromark-util-types cache-miss
1127 http fetch GET 200 https://registry.npmjs.org/micromark-util-types 25ms (cache revalidated)
1128 silly packumentCache full:https://registry.npmjs.org/micromark-util-types set size:34489 disposed:false
1129 silly placeDep ROOT micromark-util-types@2.0.3 OK for: micromark-util-character@2.1.1 want: ^2.0.0
1130 silly placeDep ROOT oniguruma-parser@0.12.2 OK for: oniguruma-to-es@4.3.6 want: ^0.12.2
1131 silly placeDep ROOT regex@6.1.0 OK for: oniguruma-to-es@4.3.6 want: ^6.1.0
1132 silly placeDep ROOT regex-recursion@6.0.2 OK for: oniguruma-to-es@4.3.6 want: ^6.0.2
1133 silly fetch manifest regex-utilities@^2.3.0
1134 silly packumentCache full:https://registry.npmjs.org/regex-utilities cache-miss
1135 silly fetch manifest regex-utilities@^2.3.0
1136 silly packumentCache full:https://registry.npmjs.org/regex-utilities cache-miss
1137 http fetch GET 200 https://registry.npmjs.org/regex-utilities 46ms (cache revalidated)
1138 silly packumentCache full:https://registry.npmjs.org/regex-utilities set size:16214 disposed:false
1139 http fetch GET 200 https://registry.npmjs.org/regex-utilities 47ms (cache revalidated)
1140 silly packumentCache full:https://registry.npmjs.org/regex-utilities set size:16214 disposed:false
1141 silly packumentCache full:https://registry.npmjs.org/regex-utilities dispose
1142 silly placeDep ROOT regex-utilities@2.3.0 OK for: regex@6.1.0 want: ^2.3.0
1143 silly placeDep ROOT character-entities-html4@2.1.0 OK for: stringify-entities@4.0.4 want: ^2.0.0
1144 silly placeDep ROOT character-entities-legacy@3.0.0 OK for: stringify-entities@4.0.4 want: ^3.0.0
1145 silly placeDep ROOT bail@2.0.2 OK for: unified@11.0.5 want: ^2.0.0
1146 silly placeDep ROOT extend@3.0.2 OK for: unified@11.0.5 want: ^3.0.0
1147 silly placeDep ROOT is-plain-obj@4.1.0 OK for: unified@11.0.5 want: ^4.0.0
1148 silly placeDep ROOT trough@2.2.0 OK for: unified@11.0.5 want: ^2.0.0
1149 silly placeDep ROOT unist-util-is@6.0.1 OK for: unist-util-visit@5.1.0 want: ^6.0.0
1150 silly placeDep ROOT unist-util-visit-parents@6.0.2 OK for: unist-util-visit@5.1.0 want: ^6.0.0
1151 silly placeDep ROOT vfile-message@4.0.3 OK for: vfile@6.0.3 want: ^4.0.0
1152 silly fetch manifest unist-util-stringify-position@^4.0.0
1153 silly packumentCache full:https://registry.npmjs.org/unist-util-stringify-position cache-miss
1154 http fetch GET 200 https://registry.npmjs.org/unist-util-stringify-position 24ms (cache revalidated)
1155 silly packumentCache full:https://registry.npmjs.org/unist-util-stringify-position set size:52357 disposed:false
1156 silly placeDep ROOT unist-util-stringify-position@4.0.0 OK for: vfile-message@4.0.3 want: ^4.0.0
1157 silly placeDep ROOT fsevents@2.3.3 OK for: vite@8.3.2 want: ~2.3.3
1158 silly placeDep node_modules/vite lightningcss@1.33.0 OK for: vite@8.3.2 want: ^1.33.0
1159 silly placeDep ROOT rolldown@1.2.12 OK for: vite@8.3.2 want: ~1.2.11
1160 silly fetch manifest lightningcss-darwin-x64@1.33.0
1161 silly packumentCache full:https://registry.npmjs.org/lightningcss-darwin-x64 cache-miss
1162 silly fetch manifest lightningcss-linux-x64-gnu@1.33.0
1163 silly packumentCache full:https://registry.npmjs.org/lightningcss-linux-x64-gnu cache-miss
1164 silly fetch manifest lightningcss-win32-x64-msvc@1.33.0
1165 silly packumentCache full:https://registry.npmjs.org/lightningcss-win32-x64-msvc cache-miss
1166 silly fetch manifest lightningcss-win32-arm64-msvc@1.33.0
1167 silly packumentCache full:https://registry.npmjs.org/lightningcss-win32-arm64-msvc cache-miss
1168 silly fetch manifest lightningcss-darwin-arm64@1.33.0
1169 silly packumentCache full:https://registry.npmjs.org/lightningcss-darwin-arm64 cache-miss
1170 silly fetch manifest lightningcss-linux-arm64-gnu@1.33.0
1171 silly packumentCache full:https://registry.npmjs.org/lightningcss-linux-arm64-gnu cache-miss
1172 silly fetch manifest lightningcss-linux-arm-gnueabihf@1.33.0
1173 silly packumentCache full:https://registry.npmjs.org/lightningcss-linux-arm-gnueabihf cache-miss
1174 silly fetch manifest lightningcss-linux-arm64-musl@1.33.0
1175 silly packumentCache full:https://registry.npmjs.org/lightningcss-linux-arm64-musl cache-miss
1176 silly fetch manifest lightningcss-linux-x64-musl@1.33.0
1177 silly packumentCache full:https://registry.npmjs.org/lightningcss-linux-x64-musl cache-miss
1178 silly fetch manifest lightningcss-freebsd-x64@1.33.0
1179 silly packumentCache full:https://registry.npmjs.org/lightningcss-freebsd-x64 cache-miss
1180 silly fetch manifest lightningcss-android-arm64@1.33.0
1181 silly packumentCache full:https://registry.npmjs.org/lightningcss-android-arm64 cache-miss
1182 http fetch GET 200 https://registry.npmjs.org/lightningcss-win32-arm64-msvc 33ms (cache revalidated)
1183 silly packumentCache full:https://registry.npmjs.org/lightningcss-win32-arm64-msvc set size:28346 disposed:false
1184 silly fetch manifest @oxc-project/types@=0.152.0
1185 silly packumentCache full:https://registry.npmjs.org/@oxc-project%2ftypes cache-miss
1186 http fetch GET 200 https://registry.npmjs.org/lightningcss-linux-arm64-gnu 36ms (cache revalidated)
1187 silly packumentCache full:https://registry.npmjs.org/lightningcss-linux-arm64-gnu set size:82397 disposed:false
1188 silly fetch manifest @rolldown/binding-darwin-x64@1.2.12
1189 silly packumentCache full:https://registry.npmjs.org/@rolldown%2fbinding-darwin-x64 cache-miss
1190 http fetch GET 200 https://registry.npmjs.org/lightningcss-darwin-arm64 45ms (cache revalidated)
1191 silly packumentCache full:https://registry.npmjs.org/lightningcss-darwin-arm64 set size:80970 disposed:false
1192 silly fetch manifest @rolldown/binding-freebsd-x64@1.2.12
1193 silly packumentCache full:https://registry.npmjs.org/@rolldown%2fbinding-freebsd-x64 cache-miss
1194 http fetch GET 200 https://registry.npmjs.org/lightningcss-linux-arm64-musl 48ms (cache revalidated)
1195 silly packumentCache full:https://registry.npmjs.org/lightningcss-linux-arm64-musl set size:82617 disposed:false
1196 silly fetch manifest @rolldown/binding-darwin-arm64@1.2.12
1197 silly packumentCache full:https://registry.npmjs.org/@rolldown%2fbinding-darwin-arm64 cache-miss
1198 http fetch GET 200 https://registry.npmjs.org/lightningcss-linux-arm-gnueabihf 50ms (cache revalidated)
1199 silly packumentCache full:https://registry.npmjs.org/lightningcss-linux-arm-gnueabihf set size:82635 disposed:false
1200 silly fetch manifest @rolldown/binding-android-arm64@1.2.12
1201 silly packumentCache full:https://registry.npmjs.org/@rolldown%2fbinding-android-arm64 cache-miss
1202 http fetch GET 200 https://registry.npmjs.org/lightningcss-android-arm64 52ms (cache revalidated)
1203 silly packumentCache full:https://registry.npmjs.org/lightningcss-android-arm64 set size:9371 disposed:false
1204 silly fetch manifest @rolldown/binding-linux-x64-gnu@1.2.12
1205 silly packumentCache full:https://registry.npmjs.org/@rolldown%2fbinding-linux-x64-gnu cache-miss
1206 http fetch GET 200 https://registry.npmjs.org/lightningcss-linux-x64-musl 53ms (cache revalidated)
1207 silly packumentCache full:https://registry.npmjs.org/lightningcss-linux-x64-musl set size:82032 disposed:false
1208 silly fetch manifest @rolldown/binding-linux-x64-musl@1.2.12
1209 silly packumentCache full:https://registry.npmjs.org/@rolldown%2fbinding-linux-x64-musl cache-miss
1210 http fetch GET 200 https://registry.npmjs.org/lightningcss-freebsd-x64 54ms (cache revalidated)
1211 silly packumentCache full:https://registry.npmjs.org/lightningcss-freebsd-x64 set size:44564 disposed:false
1212 silly fetch manifest @rolldown/binding-win32-x64-msvc@1.2.12
1213 silly packumentCache full:https://registry.npmjs.org/@rolldown%2fbinding-win32-x64-msvc cache-miss
1214 http fetch GET 200 https://registry.npmjs.org/@rolldown%2fbinding-darwin-arm64 65ms (cache miss)
1215 silly packumentCache full:https://registry.npmjs.org/@rolldown%2fbinding-darwin-arm64 set size:undefined disposed:false
1216 silly fetch manifest @rolldown/binding-linux-arm64-gnu@1.2.12
1217 silly packumentCache full:https://registry.npmjs.org/@rolldown%2fbinding-linux-arm64-gnu cache-miss
1218 http fetch GET 200 https://registry.npmjs.org/lightningcss-darwin-x64 129ms (cache revalidated)
1219 silly packumentCache full:https://registry.npmjs.org/lightningcss-darwin-x64 set size:80374 disposed:false
1220 silly fetch manifest @rolldown/binding-linux-ppc64-gnu@1.2.12
1221 silly packumentCache full:https://registry.npmjs.org/@rolldown%2fbinding-linux-ppc64-gnu cache-miss
1222 http fetch GET 200 https://registry.npmjs.org/lightningcss-linux-x64-gnu 132ms (cache revalidated)
1223 silly packumentCache full:https://registry.npmjs.org/lightningcss-linux-x64-gnu set size:81819 disposed:false
1224 silly fetch manifest @rolldown/binding-linux-s390x-gnu@1.2.12
1225 silly packumentCache full:https://registry.npmjs.org/@rolldown%2fbinding-linux-s390x-gnu cache-miss
1226 http fetch GET 200 https://registry.npmjs.org/lightningcss-win32-x64-msvc 133ms (cache revalidated)
1227 silly packumentCache full:https://registry.npmjs.org/lightningcss-win32-x64-msvc set size:81347 disposed:false
1228 silly fetch manifest @rolldown/binding-android-arm-eabi@1.2.12
1229 silly packumentCache full:https://registry.npmjs.org/@rolldown%2fbinding-android-arm-eabi cache-miss
1230 http fetch GET 200 https://registry.npmjs.org/@rolldown%2fbinding-android-arm64 87ms (cache miss)
1231 silly packumentCache full:https://registry.npmjs.org/@rolldown%2fbinding-android-arm64 set size:undefined disposed:false
1232 silly fetch manifest @rolldown/binding-linux-arm64-musl@1.2.12
1233 silly packumentCache full:https://registry.npmjs.org/@rolldown%2fbinding-linux-arm64-musl cache-miss
1234 http fetch GET 200 https://registry.npmjs.org/@rolldown%2fbinding-darwin-x64 113ms (cache miss)
1235 silly packumentCache full:https://registry.npmjs.org/@rolldown%2fbinding-darwin-x64 set size:undefined disposed:false
1236 silly fetch manifest @rolldown/binding-win32-arm64-msvc@1.2.12
1237 silly packumentCache full:https://registry.npmjs.org/@rolldown%2fbinding-win32-arm64-msvc cache-miss
1238 http fetch GET 200 https://registry.npmjs.org/@oxc-project%2ftypes 135ms (cache miss)
1239 silly packumentCache full:https://registry.npmjs.org/@oxc-project%2ftypes set size:undefined disposed:false
1240 silly fetch manifest @rolldown/binding-openharmony-arm64@1.2.12
1241 silly packumentCache full:https://registry.npmjs.org/@rolldown%2fbinding-openharmony-arm64 cache-miss
1242 http fetch GET 200 https://registry.npmjs.org/@rolldown%2fbinding-linux-ppc64-gnu 64ms (cache miss)
1243 silly packumentCache full:https://registry.npmjs.org/@rolldown%2fbinding-linux-ppc64-gnu set size:undefined disposed:false
1244 silly fetch manifest @rolldown/binding-linux-arm-gnueabihf@1.2.12
1245 silly packumentCache full:https://registry.npmjs.org/@rolldown%2fbinding-linux-arm-gnueabihf cache-miss
1246 http fetch GET 200 https://registry.npmjs.org/@rolldown%2fbinding-linux-arm64-gnu 83ms (cache miss)
1247 silly packumentCache full:https://registry.npmjs.org/@rolldown%2fbinding-linux-arm64-gnu set size:undefined disposed:false
1248 http fetch GET 200 https://registry.npmjs.org/@rolldown%2fbinding-linux-x64-musl 181ms (cache miss)
1249 silly packumentCache full:https://registry.npmjs.org/@rolldown%2fbinding-linux-x64-musl set size:undefined disposed:false
1250 http fetch GET 200 https://registry.npmjs.org/@rolldown%2fbinding-freebsd-x64 198ms (cache miss)
1251 silly packumentCache full:https://registry.npmjs.org/@rolldown%2fbinding-freebsd-x64 set size:undefined disposed:false
1252 http fetch GET 200 https://registry.npmjs.org/@rolldown%2fbinding-win32-x64-msvc 201ms (cache miss)
1253 silly packumentCache full:https://registry.npmjs.org/@rolldown%2fbinding-win32-x64-msvc set size:undefined disposed:false
1254 http fetch GET 200 https://registry.npmjs.org/@rolldown%2fbinding-android-arm-eabi 141ms (cache miss)
1255 silly packumentCache full:https://registry.npmjs.org/@rolldown%2fbinding-android-arm-eabi set size:undefined disposed:false
1256 http fetch GET 200 https://registry.npmjs.org/@rolldown%2fbinding-linux-arm64-musl 144ms (cache miss)
1257 silly packumentCache full:https://registry.npmjs.org/@rolldown%2fbinding-linux-arm64-musl set size:undefined disposed:false
1258 http fetch GET 200 https://registry.npmjs.org/@rolldown%2fbinding-linux-x64-gnu 245ms (cache miss)
1259 silly packumentCache full:https://registry.npmjs.org/@rolldown%2fbinding-linux-x64-gnu set size:undefined disposed:false
1260 http fetch GET 200 https://registry.npmjs.org/@rolldown%2fbinding-linux-s390x-gnu 182ms (cache miss)
1261 silly packumentCache full:https://registry.npmjs.org/@rolldown%2fbinding-linux-s390x-gnu set size:undefined disposed:false
1262 http fetch GET 200 https://registry.npmjs.org/@rolldown%2fbinding-openharmony-arm64 151ms (cache miss)
1263 silly packumentCache full:https://registry.npmjs.org/@rolldown%2fbinding-openharmony-arm64 set size:undefined disposed:false
1264 http fetch GET 200 https://registry.npmjs.org/@rolldown%2fbinding-win32-arm64-msvc 171ms (cache miss)
1265 silly packumentCache full:https://registry.npmjs.org/@rolldown%2fbinding-win32-arm64-msvc set size:undefined disposed:false
1266 http fetch GET 200 https://registry.npmjs.org/@rolldown%2fbinding-linux-arm-gnueabihf 359ms (cache miss)
1267 silly packumentCache full:https://registry.npmjs.org/@rolldown%2fbinding-linux-arm-gnueabihf set size:undefined disposed:false
1268 silly placeDep ROOT @oxc-project/types@0.152.0 OK for: rolldown@1.2.12 want: =0.152.0
1269 silly placeDep ROOT @rolldown/binding-android-arm-eabi@1.2.12 OK for: rolldown@1.2.12 want: 1.2.12
1270 silly placeDep ROOT @rolldown/binding-android-arm64@1.2.12 OK for: rolldown@1.2.12 want: 1.2.12
1271 silly placeDep ROOT @rolldown/binding-darwin-arm64@1.2.12 OK for: rolldown@1.2.12 want: 1.2.12
1272 silly placeDep ROOT @rolldown/binding-darwin-x64@1.2.12 OK for: rolldown@1.2.12 want: 1.2.12
1273 silly placeDep ROOT @rolldown/binding-freebsd-x64@1.2.12 OK for: rolldown@1.2.12 want: 1.2.12
1274 silly placeDep ROOT @rolldown/binding-linux-arm-gnueabihf@1.2.12 OK for: rolldown@1.2.12 want: 1.2.12
1275 silly placeDep ROOT @rolldown/binding-linux-arm64-gnu@1.2.12 OK for: rolldown@1.2.12 want: 1.2.12
1276 silly placeDep ROOT @rolldown/binding-linux-arm64-musl@1.2.12 OK for: rolldown@1.2.12 want: 1.2.12
1277 silly placeDep ROOT @rolldown/binding-linux-ppc64-gnu@1.2.12 OK for: rolldown@1.2.12 want: 1.2.12
1278 silly placeDep ROOT @rolldown/binding-linux-s390x-gnu@1.2.12 OK for: rolldown@1.2.12 want: 1.2.12
1279 silly placeDep ROOT @rolldown/binding-linux-x64-gnu@1.2.12 OK for: rolldown@1.2.12 want: 1.2.12
1280 silly placeDep ROOT @rolldown/binding-linux-x64-musl@1.2.12 OK for: rolldown@1.2.12 want: 1.2.12
1281 silly placeDep ROOT @rolldown/binding-openharmony-arm64@1.2.12 OK for: rolldown@1.2.12 want: 1.2.12
1282 silly placeDep ROOT @rolldown/binding-win32-arm64-msvc@1.2.12 OK for: rolldown@1.2.12 want: 1.2.12
1283 silly placeDep ROOT @rolldown/binding-win32-x64-msvc@1.2.12 OK for: rolldown@1.2.12 want: 1.2.12
1284 silly placeDep node_modules/@bruits/satteri-wasm32-wasi @emnapi/wasi-threads@1.2.2 OK for: @emnapi/core@1.11.1 want: 1.2.2
1285 silly placeDep node_modules/vite lightningcss-android-arm64@1.33.0 OK for: lightningcss@1.33.0 want: 1.33.0
1286 silly placeDep node_modules/vite lightningcss-darwin-arm64@1.33.0 OK for: lightningcss@1.33.0 want: 1.33.0
1287 silly placeDep node_modules/vite lightningcss-darwin-x64@1.33.0 OK for: lightningcss@1.33.0 want: 1.33.0
1288 silly placeDep node_modules/vite lightningcss-freebsd-x64@1.33.0 OK for: lightningcss@1.33.0 want: 1.33.0
1289 silly placeDep node_modules/vite lightningcss-linux-arm-gnueabihf@1.33.0 OK for: lightningcss@1.33.0 want: 1.33.0
1290 silly placeDep node_modules/vite lightningcss-linux-arm64-gnu@1.33.0 OK for: lightningcss@1.33.0 want: 1.33.0
1291 silly placeDep node_modules/vite lightningcss-linux-arm64-musl@1.33.0 OK for: lightningcss@1.33.0 want: 1.33.0
1292 silly placeDep node_modules/vite lightningcss-linux-x64-gnu@1.33.0 OK for: lightningcss@1.33.0 want: 1.33.0
1293 silly placeDep node_modules/vite lightningcss-linux-x64-musl@1.33.0 OK for: lightningcss@1.33.0 want: 1.33.0
1294 silly placeDep node_modules/vite lightningcss-win32-arm64-msvc@1.33.0 OK for: lightningcss@1.33.0 want: 1.33.0
1295 silly placeDep node_modules/vite lightningcss-win32-x64-msvc@1.33.0 OK for: lightningcss@1.33.0 want: 1.33.0
1296 silly reify mark retired [
1296 silly reify   'C:\\Users\\reymi\\Desktop\\rockgames\\node_modules\\@astrojs\\compiler'
1296 silly reify ]
1297 silly reify mark retired [
1297 silly reify   'C:\\Users\\reymi\\Desktop\\rockgames\\node_modules\\@astrojs\\internal-helpers'
1297 silly reify ]
1298 silly reify mark retired [
1298 silly reify   'C:\\Users\\reymi\\Desktop\\rockgames\\node_modules\\@astrojs\\markdown-remark'
1298 silly reify ]
1299 silly reify mark retired [
1299 silly reify   'C:\\Users\\reymi\\Desktop\\rockgames\\node_modules\\@astrojs\\prism'
1299 silly reify ]
1300 silly reify mark retired [
1300 silly reify   'C:\\Users\\reymi\\Desktop\\rockgames\\node_modules\\@astrojs\\react'
1300 silly reify ]
1301 silly reify mark retired [
1301 silly reify   'C:\\Users\\reymi\\Desktop\\rockgames\\node_modules\\@astrojs\\telemetry'
1301 silly reify ]
1302 silly reify mark retired [
1302 silly reify   'C:\\Users\\reymi\\Desktop\\rockgames\\node_modules\\@babel\\code-frame'
1302 silly reify ]
1303 silly reify mark retired [
1303 silly reify   'C:\\Users\\reymi\\Desktop\\rockgames\\node_modules\\@babel\\compat-data'
1303 silly reify ]
1304 silly reify mark retired [ 'C:\\Users\\reymi\\Desktop\\rockgames\\node_modules\\@babel\\core' ]
1305 silly reify mark retired [
1305 silly reify   'C:\\Users\\reymi\\Desktop\\rockgames\\node_modules\\@babel\\generator'
1305 silly reify ]
1306 silly reify mark retired [
1306 silly reify   'C:\\Users\\reymi\\Desktop\\rockgames\\node_modules\\@babel\\helper-compilation-targets'
1306 silly reify ]
1307 silly reify mark retired [
1307 silly reify   'C:\\Users\\reymi\\Desktop\\rockgames\\node_modules\\@babel\\helper-globals'
1307 silly reify ]
1308 silly reify mark retired [
1308 silly reify   'C:\\Users\\reymi\\Desktop\\rockgames\\node_modules\\@babel\\helper-module-imports'
1308 silly reify ]
1309 silly reify mark retired [
1309 silly reify   'C:\\Users\\reymi\\Desktop\\rockgames\\node_modules\\@babel\\helper-module-transforms'
1309 silly reify ]
1310 silly reify mark retired [
1310 silly reify   'C:\\Users\\reymi\\Desktop\\rockgames\\node_modules\\@babel\\helper-plugin-utils'
1310 silly reify ]
1311 silly reify mark retired [
1311 silly reify   'C:\\Users\\reymi\\Desktop\\rockgames\\node_modules\\@babel\\helper-validator-option'
1311 silly reify ]
1312 silly reify mark retired [
1312 silly reify   'C:\\Users\\reymi\\Desktop\\rockgames\\node_modules\\@babel\\helpers'
1312 silly reify ]
1313 silly reify mark retired [
1313 silly reify   'C:\\Users\\reymi\\Desktop\\rockgames\\node_modules\\@babel\\plugin-transform-react-jsx-self'
1313 silly reify ]
1314 silly reify mark retired [
1314 silly reify   'C:\\Users\\reymi\\Desktop\\rockgames\\node_modules\\@babel\\plugin-transform-react-jsx-source'
1314 silly reify ]
1315 silly reify mark retired [
1315 silly reify   'C:\\Users\\reymi\\Desktop\\rockgames\\node_modules\\@babel\\template'
1315 silly reify ]
1316 silly reify mark retired [
1316 silly reify   'C:\\Users\\reymi\\Desktop\\rockgames\\node_modules\\@babel\\traverse'
1316 silly reify ]
1317 silly reify mark retired [
1317 silly reify   'C:\\Users\\reymi\\Desktop\\rockgames\\node_modules\\@esbuild\\aix-ppc64'
1317 silly reify ]
1318 silly reify mark retired [
1318 silly reify   'C:\\Users\\reymi\\Desktop\\rockgames\\node_modules\\@esbuild\\android-arm'
1318 silly reify ]
1319 silly reify mark retired [
1319 silly reify   'C:\\Users\\reymi\\Desktop\\rockgames\\node_modules\\@esbuild\\android-arm64'
1319 silly reify ]
1320 silly reify mark retired [
1320 silly reify   'C:\\Users\\reymi\\Desktop\\rockgames\\node_modules\\@esbuild\\android-x64'
1320 silly reify ]
1321 silly reify mark retired [
1321 silly reify   'C:\\Users\\reymi\\Desktop\\rockgames\\node_modules\\@esbuild\\darwin-arm64'
1321 silly reify ]
1322 silly reify mark retired [
1322 silly reify   'C:\\Users\\reymi\\Desktop\\rockgames\\node_modules\\@esbuild\\darwin-x64'
1322 silly reify ]
1323 silly reify mark retired [
1323 silly reify   'C:\\Users\\reymi\\Desktop\\rockgames\\node_modules\\@esbuild\\freebsd-arm64'
1323 silly reify ]
1324 silly reify mark retired [
1324 silly reify   'C:\\Users\\reymi\\Desktop\\rockgames\\node_modules\\@esbuild\\freebsd-x64'
1324 silly reify ]
1325 silly reify mark retired [
1325 silly reify   'C:\\Users\\reymi\\Desktop\\rockgames\\node_modules\\@esbuild\\linux-arm'
1325 silly reify ]
1326 silly reify mark retired [
1326 silly reify   'C:\\Users\\reymi\\Desktop\\rockgames\\node_modules\\@esbuild\\linux-arm64'
1326 silly reify ]
1327 silly reify mark retired [
1327 silly reify   'C:\\Users\\reymi\\Desktop\\rockgames\\node_modules\\@esbuild\\linux-ia32'
1327 silly reify ]
1328 silly reify mark retired [
1328 silly reify   'C:\\Users\\reymi\\Desktop\\rockgames\\node_modules\\@esbuild\\linux-loong64'
1328 silly reify ]
1329 silly reify mark retired [
1329 silly reify   'C:\\Users\\reymi\\Desktop\\rockgames\\node_modules\\@esbuild\\linux-mips64el'
1329 silly reify ]
1330 silly reify mark retired [
1330 silly reify   'C:\\Users\\reymi\\Desktop\\rockgames\\node_modules\\@esbuild\\linux-ppc64'
1330 silly reify ]
1331 silly reify mark retired [
1331 silly reify   'C:\\Users\\reymi\\Desktop\\rockgames\\node_modules\\@esbuild\\linux-riscv64'
1331 silly reify ]
1332 silly reify mark retired [
1332 silly reify   'C:\\Users\\reymi\\Desktop\\rockgames\\node_modules\\@esbuild\\linux-s390x'
1332 silly reify ]
1333 silly reify mark retired [
1333 silly reify   'C:\\Users\\reymi\\Desktop\\rockgames\\node_modules\\@esbuild\\linux-x64'
1333 silly reify ]
1334 silly reify mark retired [
1334 silly reify   'C:\\Users\\reymi\\Desktop\\rockgames\\node_modules\\@esbuild\\netbsd-arm64'
1334 silly reify ]
1335 silly reify mark retired [
1335 silly reify   'C:\\Users\\reymi\\Desktop\\rockgames\\node_modules\\@esbuild\\netbsd-x64'
1335 silly reify ]
1336 silly reify mark retired [
1336 silly reify   'C:\\Users\\reymi\\Desktop\\rockgames\\node_modules\\@esbuild\\openbsd-arm64'
1336 silly reify ]
1337 silly reify mark retired [
1337 silly reify   'C:\\Users\\reymi\\Desktop\\rockgames\\node_modules\\@esbuild\\openbsd-x64'
1337 silly reify ]
1338 silly reify mark retired [
1338 silly reify   'C:\\Users\\reymi\\Desktop\\rockgames\\node_modules\\@esbuild\\openharmony-arm64'
1338 silly reify ]
1339 silly reify mark retired [
1339 silly reify   'C:\\Users\\reymi\\Desktop\\rockgames\\node_modules\\@esbuild\\sunos-x64'
1339 silly reify ]
1340 silly reify mark retired [
1340 silly reify   'C:\\Users\\reymi\\Desktop\\rockgames\\node_modules\\@esbuild\\win32-arm64'
1340 silly reify ]
1341 silly reify mark retired [
1341 silly reify   'C:\\Users\\reymi\\Desktop\\rockgames\\node_modules\\@esbuild\\win32-ia32'
1341 silly reify ]
1342 silly reify mark retired [
1342 silly reify   'C:\\Users\\reymi\\Desktop\\rockgames\\node_modules\\@esbuild\\win32-x64'
1342 silly reify ]
1343 silly reify mark retired [
1343 silly reify   'C:\\Users\\reymi\\Desktop\\rockgames\\node_modules\\@img\\sharp-darwin-arm64'
1343 silly reify ]
1344 silly reify mark retired [
1344 silly reify   'C:\\Users\\reymi\\Desktop\\rockgames\\node_modules\\@img\\sharp-darwin-x64'
1344 silly reify ]
1345 silly reify mark retired [
1345 silly reify   'C:\\Users\\reymi\\Desktop\\rockgames\\node_modules\\@img\\sharp-libvips-darwin-arm64'
1345 silly reify ]
1346 silly reify mark retired [
1346 silly reify   'C:\\Users\\reymi\\Desktop\\rockgames\\node_modules\\@img\\sharp-libvips-darwin-x64'
1346 silly reify ]
1347 silly reify mark retired [
1347 silly reify   'C:\\Users\\reymi\\Desktop\\rockgames\\node_modules\\@img\\sharp-libvips-linux-arm'
1347 silly reify ]
1348 silly reify mark retired [
1348 silly reify   'C:\\Users\\reymi\\Desktop\\rockgames\\node_modules\\@img\\sharp-libvips-linux-arm64'
1348 silly reify ]
1349 silly reify mark retired [
1349 silly reify   'C:\\Users\\reymi\\Desktop\\rockgames\\node_modules\\@img\\sharp-libvips-linux-ppc64'
1349 silly reify ]
1350 silly reify mark retired [
1350 silly reify   'C:\\Users\\reymi\\Desktop\\rockgames\\node_modules\\@img\\sharp-libvips-linux-riscv64'
1350 silly reify ]
1351 silly reify mark retired [
1351 silly reify   'C:\\Users\\reymi\\Desktop\\rockgames\\node_modules\\@img\\sharp-libvips-linux-s390x'
1351 silly reify ]
1352 silly reify mark retired [
1352 silly reify   'C:\\Users\\reymi\\Desktop\\rockgames\\node_modules\\@img\\sharp-libvips-linux-x64'
1352 silly reify ]
1353 silly reify mark retired [
1353 silly reify   'C:\\Users\\reymi\\Desktop\\rockgames\\node_modules\\@img\\sharp-libvips-linuxmusl-arm64'
1353 silly reify ]
1354 silly reify mark retired [
1354 silly reify   'C:\\Users\\reymi\\Desktop\\rockgames\\node_modules\\@img\\sharp-libvips-linuxmusl-x64'
1354 silly reify ]
1355 silly reify mark retired [
1355 silly reify   'C:\\Users\\reymi\\Desktop\\rockgames\\node_modules\\@img\\sharp-linux-arm'
1355 silly reify ]
1356 silly reify mark retired [
1356 silly reify   'C:\\Users\\reymi\\Desktop\\rockgames\\node_modules\\@img\\sharp-linux-arm64'
1356 silly reify ]
1357 silly reify mark retired [
1357 silly reify   'C:\\Users\\reymi\\Desktop\\rockgames\\node_modules\\@img\\sharp-linux-ppc64'
1357 silly reify ]
1358 silly reify mark retired [
1358 silly reify   'C:\\Users\\reymi\\Desktop\\rockgames\\node_modules\\@img\\sharp-linux-riscv64'
1358 silly reify ]
1359 silly reify mark retired [
1359 silly reify   'C:\\Users\\reymi\\Desktop\\rockgames\\node_modules\\@img\\sharp-linux-s390x'
1359 silly reify ]
1360 silly reify mark retired [
1360 silly reify   'C:\\Users\\reymi\\Desktop\\rockgames\\node_modules\\@img\\sharp-linux-x64'
1360 silly reify ]
1361 silly reify mark retired [
1361 silly reify   'C:\\Users\\reymi\\Desktop\\rockgames\\node_modules\\@img\\sharp-linuxmusl-arm64'
1361 silly reify ]
1362 silly reify mark retired [
1362 silly reify   'C:\\Users\\reymi\\Desktop\\rockgames\\node_modules\\@img\\sharp-linuxmusl-x64'
1362 silly reify ]
1363 silly reify mark retired [
1363 silly reify   'C:\\Users\\reymi\\Desktop\\rockgames\\node_modules\\@img\\sharp-wasm32'
1363 silly reify ]
1364 silly reify mark retired [
1364 silly reify   'C:\\Users\\reymi\\Desktop\\rockgames\\node_modules\\@img\\sharp-win32-arm64'
1364 silly reify ]
1365 silly reify mark retired [
1365 silly reify   'C:\\Users\\reymi\\Desktop\\rockgames\\node_modules\\@img\\sharp-win32-ia32'
1365 silly reify ]
1366 silly reify mark retired [
1366 silly reify   'C:\\Users\\reymi\\Desktop\\rockgames\\node_modules\\@img\\sharp-win32-x64'
1366 silly reify ]
1367 silly reify mark retired [
1367 silly reify   'C:\\Users\\reymi\\Desktop\\rockgames\\node_modules\\@napi-rs\\lzma-linux-x64-gnu'
1367 silly reify ]
1368 silly reify mark retired [
1368 silly reify   'C:\\Users\\reymi\\Desktop\\rockgames\\node_modules\\@rolldown\\pluginutils'
1368 silly reify ]
1369 silly reify mark retired [
1369 silly reify   'C:\\Users\\reymi\\Desktop\\rockgames\\node_modules\\@rollup\\pluginutils'
1369 silly reify ]
1370 silly reify mark retired [
1370 silly reify   'C:\\Users\\reymi\\Desktop\\rockgames\\node_modules\\@rollup\\rollup-android-arm-eabi'
1370 silly reify ]
1371 silly reify mark retired [
1371 silly reify   'C:\\Users\\reymi\\Desktop\\rockgames\\node_modules\\@rollup\\rollup-android-arm64'
1371 silly reify ]
1372 silly reify mark retired [
1372 silly reify   'C:\\Users\\reymi\\Desktop\\rockgames\\node_modules\\@rollup\\rollup-darwin-arm64'
1372 silly reify ]
1373 silly reify mark retired [
1373 silly reify   'C:\\Users\\reymi\\Desktop\\rockgames\\node_modules\\@rollup\\rollup-darwin-x64'
1373 silly reify ]
1374 silly reify mark retired [
1374 silly reify   'C:\\Users\\reymi\\Desktop\\rockgames\\node_modules\\@rollup\\rollup-freebsd-arm64'
1374 silly reify ]
1375 silly reify mark retired [
1375 silly reify   'C:\\Users\\reymi\\Desktop\\rockgames\\node_modules\\@rollup\\rollup-freebsd-x64'
1375 silly reify ]
1376 silly reify mark retired [
1376 silly reify   'C:\\Users\\reymi\\Desktop\\rockgames\\node_modules\\@rollup\\rollup-linux-arm-gnueabihf'
1376 silly reify ]
1377 silly reify mark retired [
1377 silly reify   'C:\\Users\\reymi\\Desktop\\rockgames\\node_modules\\@rollup\\rollup-linux-arm-musleabihf'
1377 silly reify ]
1378 silly reify mark retired [
1378 silly reify   'C:\\Users\\reymi\\Desktop\\rockgames\\node_modules\\@rollup\\rollup-linux-arm64-gnu'
1378 silly reify ]
1379 silly reify mark retired [
1379 silly reify   'C:\\Users\\reymi\\Desktop\\rockgames\\node_modules\\@rollup\\rollup-linux-arm64-musl'
1379 silly reify ]
1380 silly reify mark retired [
1380 silly reify   'C:\\Users\\reymi\\Desktop\\rockgames\\node_modules\\@rollup\\rollup-linux-loong64-gnu'
1380 silly reify ]
1381 silly reify mark retired [
1381 silly reify   'C:\\Users\\reymi\\Desktop\\rockgames\\node_modules\\@rollup\\rollup-linux-loong64-musl'
1381 silly reify ]
1382 silly reify mark retired [
1382 silly reify   'C:\\Users\\reymi\\Desktop\\rockgames\\node_modules\\@rollup\\rollup-linux-ppc64-gnu'
1382 silly reify ]
1383 silly reify mark retired [
1383 silly reify   'C:\\Users\\reymi\\Desktop\\rockgames\\node_modules\\@rollup\\rollup-linux-ppc64-musl'
1383 silly reify ]
1384 silly reify mark retired [
1384 silly reify   'C:\\Users\\reymi\\Desktop\\rockgames\\node_modules\\@rollup\\rollup-linux-riscv64-gnu'
1384 silly reify ]
1385 silly reify mark retired [
1385 silly reify   'C:\\Users\\reymi\\Desktop\\rockgames\\node_modules\\@rollup\\rollup-linux-riscv64-musl'
1385 silly reify ]
1386 silly reify mark retired [
1386 silly reify   'C:\\Users\\reymi\\Desktop\\rockgames\\node_modules\\@rollup\\rollup-linux-s390x-gnu'
1386 silly reify ]
1387 silly reify mark retired [
1387 silly reify   'C:\\Users\\reymi\\Desktop\\rockgames\\node_modules\\@rollup\\rollup-linux-x64-gnu'
1387 silly reify ]
1388 silly reify mark retired [
1388 silly reify   'C:\\Users\\reymi\\Desktop\\rockgames\\node_modules\\@rollup\\rollup-linux-x64-musl'
1388 silly reify ]
1389 silly reify mark retired [
1389 silly reify   'C:\\Users\\reymi\\Desktop\\rockgames\\node_modules\\@rollup\\rollup-openbsd-x64'
1389 silly reify ]
1390 silly reify mark retired [
1390 silly reify   'C:\\Users\\reymi\\Desktop\\rockgames\\node_modules\\@rollup\\rollup-openharmony-arm64'
1390 silly reify ]
1391 silly reify mark retired [
1391 silly reify   'C:\\Users\\reymi\\Desktop\\rockgames\\node_modules\\@rollup\\rollup-win32-arm64-msvc'
1391 silly reify ]
1392 silly reify mark retired [
1392 silly reify   'C:\\Users\\reymi\\Desktop\\rockgames\\node_modules\\@rollup\\rollup-win32-ia32-msvc'
1392 silly reify ]
1393 silly reify mark retired [
1393 silly reify   'C:\\Users\\reymi\\Desktop\\rockgames\\node_modules\\@rollup\\rollup-win32-x64-gnu'
1393 silly reify ]
1394 silly reify mark retired [
1394 silly reify   'C:\\Users\\reymi\\Desktop\\rockgames\\node_modules\\@rollup\\rollup-win32-x64-msvc'
1394 silly reify ]
1395 silly reify mark retired [
1395 silly reify   'C:\\Users\\reymi\\Desktop\\rockgames\\node_modules\\@shikijs\\core'
1395 silly reify ]
1396 silly reify mark retired [
1396 silly reify   'C:\\Users\\reymi\\Desktop\\rockgames\\node_modules\\@shikijs\\engine-javascript'
1396 silly reify ]
1397 silly reify mark retired [
1397 silly reify   'C:\\Users\\reymi\\Desktop\\rockgames\\node_modules\\@shikijs\\engine-oniguruma'
1397 silly reify ]
1398 silly reify mark retired [
1398 silly reify   'C:\\Users\\reymi\\Desktop\\rockgames\\node_modules\\@shikijs\\langs'
1398 silly reify ]
1399 silly reify mark retired [
1399 silly reify   'C:\\Users\\reymi\\Desktop\\rockgames\\node_modules\\@shikijs\\themes'
1399 silly reify ]
1400 silly reify mark retired [
1400 silly reify   'C:\\Users\\reymi\\Desktop\\rockgames\\node_modules\\@shikijs\\types'
1400 silly reify ]
1401 silly reify mark retired [
1401 silly reify   'C:\\Users\\reymi\\Desktop\\rockgames\\node_modules\\@types\\babel__core'
1401 silly reify ]
1402 silly reify mark retired [
1402 silly reify   'C:\\Users\\reymi\\Desktop\\rockgames\\node_modules\\@types\\babel__generator'
1402 silly reify ]
1403 silly reify mark retired [
1403 silly reify   'C:\\Users\\reymi\\Desktop\\rockgames\\node_modules\\@types\\babel__template'
1403 silly reify ]
1404 silly reify mark retired [
1404 silly reify   'C:\\Users\\reymi\\Desktop\\rockgames\\node_modules\\@types\\babel__traverse'
1404 silly reify ]
1405 silly reify mark retired [ 'C:\\Users\\reymi\\Desktop\\rockgames\\node_modules\\@types\\debug' ]
1406 silly reify mark retired [ 'C:\\Users\\reymi\\Desktop\\rockgames\\node_modules\\@types\\ms' ]
1407 silly reify mark retired [
1407 silly reify   'C:\\Users\\reymi\\Desktop\\rockgames\\node_modules\\@vitejs\\plugin-react'
1407 silly reify ]
1408 silly reify mark retired [
1408 silly reify   'C:\\Users\\reymi\\Desktop\\rockgames\\node_modules\\acorn',
1408 silly reify   'C:\\Users\\reymi\\Desktop\\rockgames\\node_modules\\.bin\\acorn',
1408 silly reify   'C:\\Users\\reymi\\Desktop\\rockgames\\node_modules\\.bin\\acorn.cmd',
1408 silly reify   'C:\\Users\\reymi\\Desktop\\rockgames\\node_modules\\.bin\\acorn.ps1'
1408 silly reify ]
1409 silly reify mark retired [ 'C:\\Users\\reymi\\Desktop\\rockgames\\node_modules\\ansi-align' ]
1410 silly reify mark retired [ 'C:\\Users\\reymi\\Desktop\\rockgames\\node_modules\\ansi-regex' ]
1411 silly reify mark retired [ 'C:\\Users\\reymi\\Desktop\\rockgames\\node_modules\\ansi-styles' ]
1412 silly reify mark retired [ 'C:\\Users\\reymi\\Desktop\\rockgames\\node_modules\\array-iterate' ]
1413 silly reify mark retired [
1413 silly reify   'C:\\Users\\reymi\\Desktop\\rockgames\\node_modules\\astro',
1413 silly reify   'C:\\Users\\reymi\\Desktop\\rockgames\\node_modules\\.bin\\astro',
1413 silly reify   'C:\\Users\\reymi\\Desktop\\rockgames\\node_modules\\.bin\\astro.cmd',
1413 silly reify   'C:\\Users\\reymi\\Desktop\\rockgames\\node_modules\\.bin\\astro.ps1'
1413 silly reify ]
1414 silly reify mark retired [ 'C:\\Users\\reymi\\Desktop\\rockgames\\node_modules\\base-64' ]
1415 silly reify mark retired [
1415 silly reify   'C:\\Users\\reymi\\Desktop\\rockgames\\node_modules\\baseline-browser-mapping',
1415 silly reify   'C:\\Users\\reymi\\Desktop\\rockgames\\node_modules\\.bin\\baseline-browser-mapping',
1415 silly reify   'C:\\Users\\reymi\\Desktop\\rockgames\\node_modules\\.bin\\baseline-browser-mapping.cmd',
1415 silly reify   'C:\\Users\\reymi\\Desktop\\rockgames\\node_modules\\.bin\\baseline-browser-mapping.ps1'
1415 silly reify ]
1416 silly reify mark retired [ 'C:\\Users\\reymi\\Desktop\\rockgames\\node_modules\\boxen' ]
1417 silly reify mark retired [
1417 silly reify   'C:\\Users\\reymi\\Desktop\\rockgames\\node_modules\\browserslist',
1417 silly reify   'C:\\Users\\reymi\\Desktop\\rockgames\\node_modules\\.bin\\browserslist',
1417 silly reify   'C:\\Users\\reymi\\Desktop\\rockgames\\node_modules\\.bin\\browserslist.cmd',
1417 silly reify   'C:\\Users\\reymi\\Desktop\\rockgames\\node_modules\\.bin\\browserslist.ps1'
1417 silly reify ]
1418 silly reify mark retired [ 'C:\\Users\\reymi\\Desktop\\rockgames\\node_modules\\camelcase' ]
1419 silly reify mark retired [ 'C:\\Users\\reymi\\Desktop\\rockgames\\node_modules\\caniuse-lite' ]
1420 silly reify mark retired [ 'C:\\Users\\reymi\\Desktop\\rockgames\\node_modules\\chalk' ]
1421 silly reify mark retired [
1421 silly reify   'C:\\Users\\reymi\\Desktop\\rockgames\\node_modules\\character-entities'
1421 silly reify ]
1422 silly reify mark retired [ 'C:\\Users\\reymi\\Desktop\\rockgames\\node_modules\\cli-boxes' ]
1423 silly reify mark retired [
1423 silly reify   'C:\\Users\\reymi\\Desktop\\rockgames\\node_modules\\common-ancestor-path'
1423 silly reify ]
1424 silly reify mark retired [
1424 silly reify   'C:\\Users\\reymi\\Desktop\\rockgames\\node_modules\\convert-source-map'
1424 silly reify ]
1425 silly reify mark retired [ 'C:\\Users\\reymi\\Desktop\\rockgames\\node_modules\\cookie' ]
1426 silly reify mark retired [
1426 silly reify   'C:\\Users\\reymi\\Desktop\\rockgames\\node_modules\\cssesc',
1426 silly reify   'C:\\Users\\reymi\\Desktop\\rockgames\\node_modules\\.bin\\cssesc',
1426 silly reify   'C:\\Users\\reymi\\Desktop\\rockgames\\node_modules\\.bin\\cssesc.cmd',
1426 silly reify   'C:\\Users\\reymi\\Desktop\\rockgames\\node_modules\\.bin\\cssesc.ps1'
1426 silly reify ]
1427 silly reify mark retired [ 'C:\\Users\\reymi\\Desktop\\rockgames\\node_modules\\debug' ]
1428 silly reify mark retired [
1428 silly reify   'C:\\Users\\reymi\\Desktop\\rockgames\\node_modules\\decode-named-character-reference'
1428 silly reify ]
1429 silly reify mark retired [
1429 silly reify   'C:\\Users\\reymi\\Desktop\\rockgames\\node_modules\\deterministic-object-hash'
1429 silly reify ]
1430 silly reify mark retired [ 'C:\\Users\\reymi\\Desktop\\rockgames\\node_modules\\diff' ]
1431 silly reify mark retired [ 'C:\\Users\\reymi\\Desktop\\rockgames\\node_modules\\dlv' ]
1432 silly reify mark retired [
1432 silly reify   'C:\\Users\\reymi\\Desktop\\rockgames\\node_modules\\electron-to-chromium'
1432 silly reify ]
1433 silly reify mark retired [ 'C:\\Users\\reymi\\Desktop\\rockgames\\node_modules\\emoji-regex' ]
1434 silly reify mark retired [ 'C:\\Users\\reymi\\Desktop\\rockgames\\node_modules\\entities' ]
1435 silly reify mark retired [
1435 silly reify   'C:\\Users\\reymi\\Desktop\\rockgames\\node_modules\\es-module-lexer'
1435 silly reify ]
1436 silly reify mark retired [
1436 silly reify   'C:\\Users\\reymi\\Desktop\\rockgames\\node_modules\\esbuild',
1436 silly reify   'C:\\Users\\reymi\\Desktop\\rockgames\\node_modules\\.bin\\esbuild',
1436 silly reify   'C:\\Users\\reymi\\Desktop\\rockgames\\node_modules\\.bin\\esbuild.cmd',
1436 silly reify   'C:\\Users\\reymi\\Desktop\\rockgames\\node_modules\\.bin\\esbuild.ps1'
1436 silly reify ]
1437 silly reify mark retired [ 'C:\\Users\\reymi\\Desktop\\rockgames\\node_modules\\escalade' ]
1438 silly reify mark retired [
1438 silly reify   'C:\\Users\\reymi\\Desktop\\rockgames\\node_modules\\escape-string-regexp'
1438 silly reify ]
1439 silly reify mark retired [ 'C:\\Users\\reymi\\Desktop\\rockgames\\node_modules\\estree-walker' ]
1440 silly reify mark retired [ 'C:\\Users\\reymi\\Desktop\\rockgames\\node_modules\\gensync' ]
1441 silly reify mark retired [
1441 silly reify   'C:\\Users\\reymi\\Desktop\\rockgames\\node_modules\\get-east-asian-width'
1441 silly reify ]
1442 silly reify mark retired [
1442 silly reify   'C:\\Users\\reymi\\Desktop\\rockgames\\node_modules\\hast-util-from-html'
1442 silly reify ]
1443 silly reify mark retired [
1443 silly reify   'C:\\Users\\reymi\\Desktop\\rockgames\\node_modules\\hast-util-from-parse5'
1443 silly reify ]
1444 silly reify mark retired [
1444 silly reify   'C:\\Users\\reymi\\Desktop\\rockgames\\node_modules\\hast-util-is-element'
1444 silly reify ]
1445 silly reify mark retired [
1445 silly reify   'C:\\Users\\reymi\\Desktop\\rockgames\\node_modules\\hast-util-parse-selector'
1445 silly reify ]
1446 silly reify mark retired [ 'C:\\Users\\reymi\\Desktop\\rockgames\\node_modules\\hast-util-raw' ]
1447 silly reify mark retired [
1447 silly reify   'C:\\Users\\reymi\\Desktop\\rockgames\\node_modules\\hast-util-to-parse5'
1447 silly reify ]
1448 silly reify mark retired [
1448 silly reify   'C:\\Users\\reymi\\Desktop\\rockgames\\node_modules\\hast-util-to-text'
1448 silly reify ]
1449 silly reify mark retired [ 'C:\\Users\\reymi\\Desktop\\rockgames\\node_modules\\hastscript' ]
1450 silly reify mark retired [
1450 silly reify   'C:\\Users\\reymi\\Desktop\\rockgames\\node_modules\\import-meta-resolve'
1450 silly reify ]
1451 silly reify mark retired [
1451 silly reify   'C:\\Users\\reymi\\Desktop\\rockgames\\node_modules\\is-docker',
1451 silly reify   'C:\\Users\\reymi\\Desktop\\rockgames\\node_modules\\.bin\\is-docker',
1451 silly reify   'C:\\Users\\reymi\\Desktop\\rockgames\\node_modules\\.bin\\is-docker.cmd',
1451 silly reify   'C:\\Users\\reymi\\Desktop\\rockgames\\node_modules\\.bin\\is-docker.ps1'
1451 silly reify ]
1452 silly reify mark retired [
1452 silly reify   'C:\\Users\\reymi\\Desktop\\rockgames\\node_modules\\is-fullwidth-code-point'
1452 silly reify ]
1453 silly reify mark retired [
1453 silly reify   'C:\\Users\\reymi\\Desktop\\rockgames\\node_modules\\is-inside-container',
1453 silly reify   'C:\\Users\\reymi\\Desktop\\rockgames\\node_modules\\.bin\\is-inside-container',
1453 silly reify   'C:\\Users\\reymi\\Desktop\\rockgames\\node_modules\\.bin\\is-inside-container.cmd',
1453 silly reify   'C:\\Users\\reymi\\Desktop\\rockgames\\node_modules\\.bin\\is-inside-container.ps1'
1453 silly reify ]
1454 silly reify mark retired [ 'C:\\Users\\reymi\\Desktop\\rockgames\\node_modules\\is-wsl' ]
1455 silly reify mark retired [ 'C:\\Users\\reymi\\Desktop\\rockgames\\node_modules\\js-tokens' ]
1456 silly reify mark retired [
1456 silly reify   'C:\\Users\\reymi\\Desktop\\rockgames\\node_modules\\jsesc',
1456 silly reify   'C:\\Users\\reymi\\Desktop\\rockgames\\node_modules\\.bin\\jsesc',
1456 silly reify   'C:\\Users\\reymi\\Desktop\\rockgames\\node_modules\\.bin\\jsesc.cmd',
1456 silly reify   'C:\\Users\\reymi\\Desktop\\rockgames\\node_modules\\.bin\\jsesc.ps1'
1456 silly reify ]
1457 silly reify mark retired [
1457 silly reify   'C:\\Users\\reymi\\Desktop\\rockgames\\node_modules\\json5',
1457 silly reify   'C:\\Users\\reymi\\Desktop\\rockgames\\node_modules\\.bin\\json5',
1457 silly reify   'C:\\Users\\reymi\\Desktop\\rockgames\\node_modules\\.bin\\json5.cmd',
1457 silly reify   'C:\\Users\\reymi\\Desktop\\rockgames\\node_modules\\.bin\\json5.ps1'
1457 silly reify ]
1458 silly reify mark retired [ 'C:\\Users\\reymi\\Desktop\\rockgames\\node_modules\\kleur' ]
1459 silly reify mark retired [
1459 silly reify   'C:\\Users\\reymi\\Desktop\\rockgames\\node_modules\\longest-streak'
1459 silly reify ]
1460 silly reify mark retired [ 'C:\\Users\\reymi\\Desktop\\rockgames\\node_modules\\lru-cache' ]
1461 silly reify mark retired [
1461 silly reify   'C:\\Users\\reymi\\Desktop\\rockgames\\node_modules\\markdown-table'
1461 silly reify ]
1462 silly reify mark retired [
1462 silly reify   'C:\\Users\\reymi\\Desktop\\rockgames\\node_modules\\mdast-util-definitions'
1462 silly reify ]
1463 silly reify mark retired [
1463 silly reify   'C:\\Users\\reymi\\Desktop\\rockgames\\node_modules\\mdast-util-find-and-replace'
1463 silly reify ]
1464 silly reify mark retired [
1464 silly reify   'C:\\Users\\reymi\\Desktop\\rockgames\\node_modules\\mdast-util-from-markdown'
1464 silly reify ]
1465 silly reify mark retired [
1465 silly reify   'C:\\Users\\reymi\\Desktop\\rockgames\\node_modules\\mdast-util-gfm'
1465 silly reify ]
1466 silly reify mark retired [
1466 silly reify   'C:\\Users\\reymi\\Desktop\\rockgames\\node_modules\\mdast-util-gfm-autolink-literal'
1466 silly reify ]
1467 silly reify mark retired [
1467 silly reify   'C:\\Users\\reymi\\Desktop\\rockgames\\node_modules\\mdast-util-gfm-footnote'
1467 silly reify ]
1468 silly reify mark retired [
1468 silly reify   'C:\\Users\\reymi\\Desktop\\rockgames\\node_modules\\mdast-util-gfm-strikethrough'
1468 silly reify ]
1469 silly reify mark retired [
1469 silly reify   'C:\\Users\\reymi\\Desktop\\rockgames\\node_modules\\mdast-util-gfm-table'
1469 silly reify ]
1470 silly reify mark retired [
1470 silly reify   'C:\\Users\\reymi\\Desktop\\rockgames\\node_modules\\mdast-util-gfm-task-list-item'
1470 silly reify ]
1471 silly reify mark retired [
1471 silly reify   'C:\\Users\\reymi\\Desktop\\rockgames\\node_modules\\mdast-util-phrasing'
1471 silly reify ]
1472 silly reify mark retired [
1472 silly reify   'C:\\Users\\reymi\\Desktop\\rockgames\\node_modules\\mdast-util-to-markdown'
1472 silly reify ]
1473 silly reify mark retired [
1473 silly reify   'C:\\Users\\reymi\\Desktop\\rockgames\\node_modules\\mdast-util-to-string'
1473 silly reify ]
1474 silly reify mark retired [ 'C:\\Users\\reymi\\Desktop\\rockgames\\node_modules\\micromark' ]
1475 silly reify mark retired [
1475 silly reify   'C:\\Users\\reymi\\Desktop\\rockgames\\node_modules\\micromark-core-commonmark'
1475 silly reify ]
1476 silly reify mark retired [
1476 silly reify   'C:\\Users\\reymi\\Desktop\\rockgames\\node_modules\\micromark-extension-gfm'
1476 silly reify ]
1477 silly reify mark retired [
1477 silly reify   'C:\\Users\\reymi\\Desktop\\rockgames\\node_modules\\micromark-extension-gfm-autolink-literal'
1477 silly reify ]
1478 silly reify mark retired [
1478 silly reify   'C:\\Users\\reymi\\Desktop\\rockgames\\node_modules\\micromark-extension-gfm-footnote'
1478 silly reify ]
1479 silly reify mark retired [
1479 silly reify   'C:\\Users\\reymi\\Desktop\\rockgames\\node_modules\\micromark-extension-gfm-strikethrough'
1479 silly reify ]
1480 silly reify mark retired [
1480 silly reify   'C:\\Users\\reymi\\Desktop\\rockgames\\node_modules\\micromark-extension-gfm-table'
1480 silly reify ]
1481 silly reify mark retired [
1481 silly reify   'C:\\Users\\reymi\\Desktop\\rockgames\\node_modules\\micromark-extension-gfm-tagfilter'
1481 silly reify ]
1482 silly reify mark retired [
1482 silly reify   'C:\\Users\\reymi\\Desktop\\rockgames\\node_modules\\micromark-extension-gfm-task-list-item'
1482 silly reify ]
1483 silly reify mark retired [
1483 silly reify   'C:\\Users\\reymi\\Desktop\\rockgames\\node_modules\\micromark-factory-destination'
1483 silly reify ]
1484 silly reify mark retired [
1484 silly reify   'C:\\Users\\reymi\\Desktop\\rockgames\\node_modules\\micromark-factory-label'
1484 silly reify ]
1485 silly reify mark retired [
1485 silly reify   'C:\\Users\\reymi\\Desktop\\rockgames\\node_modules\\micromark-factory-space'
1485 silly reify ]
1486 silly reify mark retired [
1486 silly reify   'C:\\Users\\reymi\\Desktop\\rockgames\\node_modules\\micromark-factory-title'
1486 silly reify ]
1487 silly reify mark retired [
1487 silly reify   'C:\\Users\\reymi\\Desktop\\rockgames\\node_modules\\micromark-factory-whitespace'
1487 silly reify ]
1488 silly reify mark retired [
1488 silly reify   'C:\\Users\\reymi\\Desktop\\rockgames\\node_modules\\micromark-util-chunked'
1488 silly reify ]
1489 silly reify mark retired [
1489 silly reify   'C:\\Users\\reymi\\Desktop\\rockgames\\node_modules\\micromark-util-classify-character'
1489 silly reify ]
1490 silly reify mark retired [
1490 silly reify   'C:\\Users\\reymi\\Desktop\\rockgames\\node_modules\\micromark-util-combine-extensions'
1490 silly reify ]
1491 silly reify mark retired [
1491 silly reify   'C:\\Users\\reymi\\Desktop\\rockgames\\node_modules\\micromark-util-decode-numeric-character-reference'
1491 silly reify ]
1492 silly reify mark retired [
1492 silly reify   'C:\\Users\\reymi\\Desktop\\rockgames\\node_modules\\micromark-util-decode-string'
1492 silly reify ]
1493 silly reify mark retired [
1493 silly reify   'C:\\Users\\reymi\\Desktop\\rockgames\\node_modules\\micromark-util-edit-map'
1493 silly reify ]
1494 silly reify mark retired [
1494 silly reify   'C:\\Users\\reymi\\Desktop\\rockgames\\node_modules\\micromark-util-html-tag-name'
1494 silly reify ]
1495 silly reify mark retired [
1495 silly reify   'C:\\Users\\reymi\\Desktop\\rockgames\\node_modules\\micromark-util-normalize-identifier'
1495 silly reify ]
1496 silly reify mark retired [
1496 silly reify   'C:\\Users\\reymi\\Desktop\\rockgames\\node_modules\\micromark-util-resolve-all'
1496 silly reify ]
1497 silly reify mark retired [
1497 silly reify   'C:\\Users\\reymi\\Desktop\\rockgames\\node_modules\\micromark-util-subtokenize'
1497 silly reify ]
1498 silly reify mark retired [ 'C:\\Users\\reymi\\Desktop\\rockgames\\node_modules\\ms' ]
1499 silly reify mark retired [ 'C:\\Users\\reymi\\Desktop\\rockgames\\node_modules\\neotraverse' ]
1500 silly reify mark retired [ 'C:\\Users\\reymi\\Desktop\\rockgames\\node_modules\\node-releases' ]
1501 silly reify mark retired [ 'C:\\Users\\reymi\\Desktop\\rockgames\\node_modules\\p-limit' ]
1502 silly reify mark retired [ 'C:\\Users\\reymi\\Desktop\\rockgames\\node_modules\\p-queue' ]
1503 silly reify mark retired [ 'C:\\Users\\reymi\\Desktop\\rockgames\\node_modules\\p-timeout' ]
1504 silly reify mark retired [ 'C:\\Users\\reymi\\Desktop\\rockgames\\node_modules\\parse-latin' ]
1505 silly reify mark retired [ 'C:\\Users\\reymi\\Desktop\\rockgames\\node_modules\\parse5' ]
1506 silly reify mark retired [ 'C:\\Users\\reymi\\Desktop\\rockgames\\node_modules\\prompts' ]
1507 silly reify mark retired [ 'C:\\Users\\reymi\\Desktop\\rockgames\\node_modules\\react-refresh' ]
1508 silly reify mark retired [ 'C:\\Users\\reymi\\Desktop\\rockgames\\node_modules\\rehype' ]
1509 silly reify mark retired [ 'C:\\Users\\reymi\\Desktop\\rockgames\\node_modules\\rehype-parse' ]
1510 silly reify mark retired [ 'C:\\Users\\reymi\\Desktop\\rockgames\\node_modules\\rehype-raw' ]
1511 silly reify mark retired [
1511 silly reify   'C:\\Users\\reymi\\Desktop\\rockgames\\node_modules\\rehype-stringify'
1511 silly reify ]
1512 silly reify mark retired [ 'C:\\Users\\reymi\\Desktop\\rockgames\\node_modules\\remark-gfm' ]
1513 silly reify mark retired [ 'C:\\Users\\reymi\\Desktop\\rockgames\\node_modules\\remark-parse' ]
1514 silly reify mark retired [ 'C:\\Users\\reymi\\Desktop\\rockgames\\node_modules\\remark-rehype' ]
1515 silly reify mark retired [
1515 silly reify   'C:\\Users\\reymi\\Desktop\\rockgames\\node_modules\\remark-smartypants'
1515 silly reify ]
1516 silly reify mark retired [
1516 silly reify   'C:\\Users\\reymi\\Desktop\\rockgames\\node_modules\\remark-stringify'
1516 silly reify ]
1517 silly reify mark retired [ 'C:\\Users\\reymi\\Desktop\\rockgames\\node_modules\\retext' ]
1518 silly reify mark retired [ 'C:\\Users\\reymi\\Desktop\\rockgames\\node_modules\\retext-latin' ]
1519 silly reify mark retired [
1519 silly reify   'C:\\Users\\reymi\\Desktop\\rockgames\\node_modules\\retext-stringify'
1519 silly reify ]
1520 silly reify mark retired [
1520 silly reify   'C:\\Users\\reymi\\Desktop\\rockgames\\node_modules\\rollup',
1520 silly reify   'C:\\Users\\reymi\\Desktop\\rockgames\\node_modules\\.bin\\rollup',
1520 silly reify   'C:\\Users\\reymi\\Desktop\\rockgames\\node_modules\\.bin\\rollup.cmd',
1520 silly reify   'C:\\Users\\reymi\\Desktop\\rockgames\\node_modules\\.bin\\rollup.ps1'
1520 silly reify ]
1521 silly reify mark retired [
1521 silly reify   'C:\\Users\\reymi\\Desktop\\rockgames\\node_modules\\semver',
1521 silly reify   'C:\\Users\\reymi\\Desktop\\rockgames\\node_modules\\.bin\\semver',
1521 silly reify   'C:\\Users\\reymi\\Desktop\\rockgames\\node_modules\\.bin\\semver.cmd',
1521 silly reify   'C:\\Users\\reymi\\Desktop\\rockgames\\node_modules\\.bin\\semver.ps1'
1521 silly reify ]
1522 silly reify mark retired [ 'C:\\Users\\reymi\\Desktop\\rockgames\\node_modules\\sharp' ]
1523 silly reify mark retired [ 'C:\\Users\\reymi\\Desktop\\rockgames\\node_modules\\shiki' ]
1524 silly reify mark retired [ 'C:\\Users\\reymi\\Desktop\\rockgames\\node_modules\\string-width' ]
1525 silly reify mark retired [ 'C:\\Users\\reymi\\Desktop\\rockgames\\node_modules\\strip-ansi' ]
1526 silly reify mark retired [
1526 silly reify   'C:\\Users\\reymi\\Desktop\\rockgames\\node_modules\\tsconfck',
1526 silly reify   'C:\\Users\\reymi\\Desktop\\rockgames\\node_modules\\.bin\\tsconfck',
1526 silly reify   'C:\\Users\\reymi\\Desktop\\rockgames\\node_modules\\.bin\\tsconfck.cmd',
1526 silly reify   'C:\\Users\\reymi\\Desktop\\rockgames\\node_modules\\.bin\\tsconfck.ps1'
1526 silly reify ]
1527 silly reify mark retired [ 'C:\\Users\\reymi\\Desktop\\rockgames\\node_modules\\type-fest' ]
1528 silly reify mark retired [
1528 silly reify   'C:\\Users\\reymi\\Desktop\\rockgames\\node_modules\\unist-util-find-after'
1528 silly reify ]
1529 silly reify mark retired [
1529 silly reify   'C:\\Users\\reymi\\Desktop\\rockgames\\node_modules\\unist-util-modify-children'
1529 silly reify ]
1530 silly reify mark retired [
1530 silly reify   'C:\\Users\\reymi\\Desktop\\rockgames\\node_modules\\unist-util-remove-position'
1530 silly reify ]
1531 silly reify mark retired [
1531 silly reify   'C:\\Users\\reymi\\Desktop\\rockgames\\node_modules\\unist-util-visit-children'
1531 silly reify ]
1532 silly reify mark retired [
1532 silly reify   'C:\\Users\\reymi\\Desktop\\rockgames\\node_modules\\update-browserslist-db',
1532 silly reify   'C:\\Users\\reymi\\Desktop\\rockgames\\node_modules\\.bin\\update-browserslist-db',
1532 silly reify   'C:\\Users\\reymi\\Desktop\\rockgames\\node_modules\\.bin\\update-browserslist-db.cmd',
1532 silly reify   'C:\\Users\\reymi\\Desktop\\rockgames\\node_modules\\.bin\\update-browserslist-db.ps1'
1532 silly reify ]
1533 silly reify mark retired [
1533 silly reify   'C:\\Users\\reymi\\Desktop\\rockgames\\node_modules\\vfile-location'
1533 silly reify ]
1534 silly reify mark retired [
1534 silly reify   'C:\\Users\\reymi\\Desktop\\rockgames\\node_modules\\vite',
1534 silly reify   'C:\\Users\\reymi\\Desktop\\rockgames\\node_modules\\.bin\\vite',
1534 silly reify   'C:\\Users\\reymi\\Desktop\\rockgames\\node_modules\\.bin\\vite.cmd',
1534 silly reify   'C:\\Users\\reymi\\Desktop\\rockgames\\node_modules\\.bin\\vite.ps1'
1534 silly reify ]
1535 silly reify mark retired [
1535 silly reify   'C:\\Users\\reymi\\Desktop\\rockgames\\node_modules\\web-namespaces'
1535 silly reify ]
1536 silly reify mark retired [ 'C:\\Users\\reymi\\Desktop\\rockgames\\node_modules\\which-pm-runs' ]
1537 silly reify mark retired [ 'C:\\Users\\reymi\\Desktop\\rockgames\\node_modules\\widest-line' ]
1538 silly reify mark retired [ 'C:\\Users\\reymi\\Desktop\\rockgames\\node_modules\\wrap-ansi' ]
1539 silly reify mark retired [ 'C:\\Users\\reymi\\Desktop\\rockgames\\node_modules\\yallist' ]
1540 silly reify mark retired [ 'C:\\Users\\reymi\\Desktop\\rockgames\\node_modules\\yargs-parser' ]
1541 silly reify mark retired [ 'C:\\Users\\reymi\\Desktop\\rockgames\\node_modules\\yocto-spinner' ]
1542 silly reify mark retired [ 'C:\\Users\\reymi\\Desktop\\rockgames\\node_modules\\yoctocolors' ]
1543 silly reify mark retired [ 'C:\\Users\\reymi\\Desktop\\rockgames\\node_modules\\zod' ]
1544 silly reify mark retired [
1544 silly reify   'C:\\Users\\reymi\\Desktop\\rockgames\\node_modules\\zod-to-json-schema'
1544 silly reify ]
1545 silly reify mark retired [ 'C:\\Users\\reymi\\Desktop\\rockgames\\node_modules\\zod-to-ts' ]
1546 silly reify moves {
1546 silly reify   'C:\\Users\\reymi\\Desktop\\rockgames\\node_modules\\@astrojs\\compiler': 'C:\\Users\\reymi\\Desktop\\rockgames\\node_modules\\@astrojs\\.compiler-FkkY5Pl3',
1546 silly reify   'C:\\Users\\reymi\\Desktop\\rockgames\\node_modules\\@astrojs\\internal-helpers': 'C:\\Users\\reymi\\Desktop\\rockgames\\node_modules\\@astrojs\\.internal-helpers-izkQUhdj',
1546 silly reify   'C:\\Users\\reymi\\Desktop\\rockgames\\node_modules\\@astrojs\\markdown-remark': 'C:\\Users\\reymi\\Desktop\\rockgames\\node_modules\\@astrojs\\.markdown-remark-Ms1m2TFm',
1546 silly reify   'C:\\Users\\reymi\\Desktop\\rockgames\\node_modules\\@astrojs\\prism': 'C:\\Users\\reymi\\Desktop\\rockgames\\node_modules\\@astrojs\\.prism-iUZUAtoK',
1546 silly reify   'C:\\Users\\reymi\\Desktop\\rockgames\\node_modules\\@astrojs\\react': 'C:\\Users\\reymi\\Desktop\\rockgames\\node_modules\\@astrojs\\.react-ZeMfPjwj',
1546 silly reify   'C:\\Users\\reymi\\Desktop\\rockgames\\node_modules\\@astrojs\\telemetry': 'C:\\Users\\reymi\\Desktop\\rockgames\\node_modules\\@astrojs\\.telemetry-ge4opoOS',
1546 silly reify   'C:\\Users\\reymi\\Desktop\\rockgames\\node_modules\\@babel\\code-frame': 'C:\\Users\\reymi\\Desktop\\rockgames\\node_modules\\@babel\\.code-frame-7a3Teewo',
1546 silly reify   'C:\\Users\\reymi\\Desktop\\rockgames\\node_modules\\@babel\\compat-data': 'C:\\Users\\reymi\\Desktop\\rockgames\\node_modules\\@babel\\.compat-data-mwEoVaIH',
1546 silly reify   'C:\\Users\\reymi\\Desktop\\rockgames\\node_modules\\@babel\\core': 'C:\\Users\\reymi\\Desktop\\rockgames\\node_modules\\@babel\\.core-znqc0VV8',
1546 silly reify   'C:\\Users\\reymi\\Desktop\\rockgames\\node_modules\\@babel\\generator': 'C:\\Users\\reymi\\Desktop\\rockgames\\node_modules\\@babel\\.generator-tOM4NGch',
1546 silly reify   'C:\\Users\\reymi\\Desktop\\rockgames\\node_modules\\@babel\\helper-compilation-targets': 'C:\\Users\\reymi\\Desktop\\rockgames\\node_modules\\@babel\\.helper-compilation-targets-lzGev30u',
1546 silly reify   'C:\\Users\\reymi\\Desktop\\rockgames\\node_modules\\@babel\\helper-globals': 'C:\\Users\\reymi\\Desktop\\rockgames\\node_modules\\@babel\\.helper-globals-ZR2ufgTq',
1546 silly reify   'C:\\Users\\reymi\\Desktop\\rockgames\\node_modules\\@babel\\helper-module-imports': 'C:\\Users\\reymi\\Desktop\\rockgames\\node_modules\\@babel\\.helper-module-imports-We1V41f4',
1546 silly reify   'C:\\Users\\reymi\\Desktop\\rockgames\\node_modules\\@babel\\helper-module-transforms': 'C:\\Users\\reymi\\Desktop\\rockgames\\node_modules\\@babel\\.helper-module-transforms-IbzRSfGb',
1546 silly reify   'C:\\Users\\reymi\\Desktop\\rockgames\\node_modules\\@babel\\helper-plugin-utils': 'C:\\Users\\reymi\\Desktop\\rockgames\\node_modules\\@babel\\.helper-plugin-utils-emoiy4Cz',
1546 silly reify   'C:\\Users\\reymi\\Desktop\\rockgames\\node_modules\\@babel\\helper-validator-option': 'C:\\Users\\reymi\\Desktop\\rockgames\\node_modules\\@babel\\.helper-validator-option-8CgBf04u',
1546 silly reify   'C:\\Users\\reymi\\Desktop\\rockgames\\node_modules\\@babel\\helpers': 'C:\\Users\\reymi\\Desktop\\rockgames\\node_modules\\@babel\\.helpers-VTIKPIxm',
1546 silly reify   'C:\\Users\\reymi\\Desktop\\rockgames\\node_modules\\@babel\\plugin-transform-react-jsx-self': 'C:\\Users\\reymi\\Desktop\\rockgames\\node_modules\\@babel\\.plugin-transform-react-jsx-self-jGu6H6q1',
1546 silly reify   'C:\\Users\\reymi\\Desktop\\rockgames\\node_modules\\@babel\\plugin-transform-react-jsx-source': 'C:\\Users\\reymi\\Desktop\\rockgames\\node_modules\\@babel\\.plugin-transform-react-jsx-source-BnI7Zmmk',
1546 silly reify   'C:\\Users\\reymi\\Desktop\\rockgames\\node_modules\\@babel\\template': 'C:\\Users\\reymi\\Desktop\\rockgames\\node_modules\\@babel\\.template-3eQTWO7P',
1546 silly reify   'C:\\Users\\reymi\\Desktop\\rockgames\\node_modules\\@babel\\traverse': 'C:\\Users\\reymi\\Desktop\\rockgames\\node_modules\\@babel\\.traverse-pMAOiCxT',
1546 silly reify   'C:\\Users\\reymi\\Desktop\\rockgames\\node_modules\\@esbuild\\aix-ppc64': 'C:\\Users\\reymi\\Desktop\\rockgames\\node_modules\\@esbuild\\.aix-ppc64-fEMypkXM',
1546 silly reify   'C:\\Users\\reymi\\Desktop\\rockgames\\node_modules\\@esbuild\\android-arm': 'C:\\Users\\reymi\\Desktop\\rockgames\\node_modules\\@esbuild\\.android-arm-DI3AmQB2',
1546 silly reify   'C:\\Users\\reymi\\Desktop\\rockgames\\node_modules\\@esbuild\\android-arm64': 'C:\\Users\\reymi\\Desktop\\rockgames\\node_modules\\@esbuild\\.android-arm64-U5kZnbZu',
1546 silly reify   'C:\\Users\\reymi\\Desktop\\rockgames\\node_modules\\@esbuild\\android-x64': 'C:\\Users\\reymi\\Desktop\\rockgames\\node_modules\\@esbuild\\.android-x64-Gqm3t9Bv',
1546 silly reify   'C:\\Users\\reymi\\Desktop\\rockgames\\node_modules\\@esbuild\\darwin-arm64': 'C:\\Users\\reymi\\Desktop\\rockgames\\node_modules\\@esbuild\\.darwin-arm64-SsmgFAX9',
1546 silly reify   'C:\\Users\\reymi\\Desktop\\rockgames\\node_modules\\@esbuild\\darwin-x64': 'C:\\Users\\reymi\\Desktop\\rockgames\\node_modules\\@esbuild\\.darwin-x64-8aAxMiv6',
1546 silly reify   'C:\\Users\\reymi\\Desktop\\rockgames\\node_modules\\@esbuild\\freebsd-arm64': 'C:\\Users\\reymi\\Desktop\\rockgames\\node_modules\\@esbuild\\.freebsd-arm64-mD31BSWG',
1546 silly reify   'C:\\Users\\reymi\\Desktop\\rockgames\\node_modules\\@esbuild\\freebsd-x64': 'C:\\Users\\reymi\\Desktop\\rockgames\\node_modules\\@esbuild\\.freebsd-x64-LwiWqYCI',
1546 silly reify   'C:\\Users\\reymi\\Desktop\\rockgames\\node_modules\\@esbuild\\linux-arm': 'C:\\Users\\reymi\\Desktop\\rockgames\\node_modules\\@esbuild\\.linux-arm-O0dW5OdN',
1546 silly reify   'C:\\Users\\reymi\\Desktop\\rockgames\\node_modules\\@esbuild\\linux-arm64': 'C:\\Users\\reymi\\Desktop\\rockgames\\node_modules\\@esbuild\\.linux-arm64-hbyM3dCM',
1546 silly reify   'C:\\Users\\reymi\\Desktop\\rockgames\\node_modules\\@esbuild\\linux-ia32': 'C:\\Users\\reymi\\Desktop\\rockgames\\node_modules\\@esbuild\\.linux-ia32-rEuPxlwW',
1546 silly reify   'C:\\Users\\reymi\\Desktop\\rockgames\\node_modules\\@esbuild\\linux-loong64': 'C:\\Users\\reymi\\Desktop\\rockgames\\node_modules\\@esbuild\\.linux-loong64-rOyg8xqs',
1546 silly reify   'C:\\Users\\reymi\\Desktop\\rockgames\\node_modules\\@esbuild\\linux-mips64el': 'C:\\Users\\reymi\\Desktop\\rockgames\\node_modules\\@esbuild\\.linux-mips64el-DgOmXh8K',
1546 silly reify   'C:\\Users\\reymi\\Desktop\\rockgames\\node_modules\\@esbuild\\linux-ppc64': 'C:\\Users\\reymi\\Desktop\\rockgames\\node_modules\\@esbuild\\.linux-ppc64-K5eMfjkr',
1546 silly reify   'C:\\Users\\reymi\\Desktop\\rockgames\\node_modules\\@esbuild\\linux-riscv64': 'C:\\Users\\reymi\\Desktop\\rockgames\\node_modules\\@esbuild\\.linux-riscv64-udH4KCjK',
1546 silly reify   'C:\\Users\\reymi\\Desktop\\rockgames\\node_modules\\@esbuild\\linux-s390x': 'C:\\Users\\reymi\\Desktop\\rockgames\\node_modules\\@esbuild\\.linux-s390x-DvxSI2Xx',
1546 silly reify   'C:\\Users\\reymi\\Desktop\\rockgames\\node_modules\\@esbuild\\linux-x64': 'C:\\Users\\reymi\\Desktop\\rockgames\\node_modules\\@esbuild\\.linux-x64-rYKJIvik',
1546 silly reify   'C:\\Users\\reymi\\Desktop\\rockgames\\node_modules\\@esbuild\\netbsd-arm64': 'C:\\Users\\reymi\\Desktop\\rockgames\\node_modules\\@esbuild\\.netbsd-arm64-ht87H45D',
1546 silly reify   'C:\\Users\\reymi\\Desktop\\rockgames\\node_modules\\@esbuild\\netbsd-x64': 'C:\\Users\\reymi\\Desktop\\rockgames\\node_modules\\@esbuild\\.netbsd-x64-DrBTRD91',
1546 silly reify   'C:\\Users\\reymi\\Desktop\\rockgames\\node_modules\\@esbuild\\openbsd-arm64': 'C:\\Users\\reymi\\Desktop\\rockgames\\node_modules\\@esbuild\\.openbsd-arm64-wN44s772',
1546 silly reify   'C:\\Users\\reymi\\Desktop\\rockgames\\node_modules\\@esbuild\\openbsd-x64': 'C:\\Users\\reymi\\Desktop\\rockgames\\node_modules\\@esbuild\\.openbsd-x64-cj0btxuA',
1546 silly reify   'C:\\Users\\reymi\\Desktop\\rockgames\\node_modules\\@esbuild\\openharmony-arm64': 'C:\\Users\\reymi\\Desktop\\rockgames\\node_modules\\@esbuild\\.openharmony-arm64-YwlqYQ75',
1546 silly reify   'C:\\Users\\reymi\\Desktop\\rockgames\\node_modules\\@esbuild\\sunos-x64': 'C:\\Users\\reymi\\Desktop\\rockgames\\node_modules\\@esbuild\\.sunos-x64-udMXoOf6',
1546 silly reify   'C:\\Users\\reymi\\Desktop\\rockgames\\node_modules\\@esbuild\\win32-arm64': 'C:\\Users\\reymi\\Desktop\\rockgames\\node_modules\\@esbuild\\.win32-arm64-8YYf8Dq3',
1546 silly reify   'C:\\Users\\reymi\\Desktop\\rockgames\\node_modules\\@esbuild\\win32-ia32': 'C:\\Users\\reymi\\Desktop\\rockgames\\node_modules\\@esbuild\\.win32-ia32-NpN9YUKV',
1546 silly reify   'C:\\Users\\reymi\\Desktop\\rockgames\\node_modules\\@esbuild\\win32-x64': 'C:\\Users\\reymi\\Desktop\\rockgames\\node_modules\\@esbuild\\.win32-x64-P7f7ekCK',
1546 silly reify   'C:\\Users\\reymi\\Desktop\\rockgames\\node_modules\\@img\\sharp-darwin-arm64': 'C:\\Users\\reymi\\Desktop\\rockgames\\node_modules\\@img\\.sharp-darwin-arm64-vxpypybw',
1546 silly reify   'C:\\Users\\reymi\\Desktop\\rockgames\\node_modules\\@img\\sharp-darwin-x64': 'C:\\Users\\reymi\\Desktop\\rockgames\\node_modules\\@img\\.sharp-darwin-x64-oS5H4oko',
1546 silly reify   'C:\\Users\\reymi\\Desktop\\rockgames\\node_modules\\@img\\sharp-libvips-darwin-arm64': 'C:\\Users\\reymi\\Desktop\\rockgames\\node_modules\\@img\\.sharp-libvips-darwin-arm64-5l31feWM',
1546 silly reify   'C:\\Users\\reymi\\Desktop\\rockgames\\node_modules\\@img\\sharp-libvips-darwin-x64': 'C:\\Users\\reymi\\Desktop\\rockgames\\node_modules\\@img\\.sharp-libvips-darwin-x64-JwZhqZTo',
1546 silly reify   'C:\\Users\\reymi\\Desktop\\rockgames\\node_modules\\@img\\sharp-libvips-linux-arm': 'C:\\Users\\reymi\\Desktop\\rockgames\\node_modules\\@img\\.sharp-libvips-linux-arm-VZWNVBpC',
1546 silly reify   'C:\\Users\\reymi\\Desktop\\rockgames\\node_modules\\@img\\sharp-libvips-linux-arm64': 'C:\\Users\\reymi\\Desktop\\rockgames\\node_modules\\@img\\.sharp-libvips-linux-arm64-uEyBsCp6',
1546 silly reify   'C:\\Users\\reymi\\Desktop\\rockgames\\node_modules\\@img\\sharp-libvips-linux-ppc64': 'C:\\Users\\reymi\\Desktop\\rockgames\\node_modules\\@img\\.sharp-libvips-linux-ppc64-pKsKmBg7',
1546 silly reify   'C:\\Users\\reymi\\Desktop\\rockgames\\node_modules\\@img\\sharp-libvips-linux-riscv64': 'C:\\Users\\reymi\\Desktop\\rockgames\\node_modules\\@img\\.sharp-libvips-linux-riscv64-z6MZ8b6C',
1546 silly reify   'C:\\Users\\reymi\\Desktop\\rockgames\\node_modules\\@img\\sharp-libvips-linux-s390x': 'C:\\Users\\reymi\\Desktop\\rockgames\\node_modules\\@img\\.sharp-libvips-linux-s390x-Bdn1RTFR',
1546 silly reify   'C:\\Users\\reymi\\Desktop\\rockgames\\node_modules\\@img\\sharp-libvips-linux-x64': 'C:\\Users\\reymi\\Desktop\\rockgames\\node_modules\\@img\\.sharp-libvips-linux-x64-ZQYlVVYL',
1546 silly reify   'C:\\Users\\reymi\\Desktop\\rockgames\\node_modules\\@img\\sharp-libvips-linuxmusl-arm64': 'C:\\Users\\reymi\\Desktop\\rockgames\\node_modules\\@img\\.sharp-libvips-linuxmusl-arm64-uIQwTSIK',
1546 silly reify   'C:\\Users\\reymi\\Desktop\\rockgames\\node_modules\\@img\\sharp-libvips-linuxmusl-x64': 'C:\\Users\\reymi\\Desktop\\rockgames\\node_modules\\@img\\.sharp-libvips-linuxmusl-x64-56IJ2mOu',
1546 silly reify   'C:\\Users\\reymi\\Desktop\\rockgames\\node_modules\\@img\\sharp-linux-arm': 'C:\\Users\\reymi\\Desktop\\rockgames\\node_modules\\@img\\.sharp-linux-arm-9hdxGOJz',
1546 silly reify   'C:\\Users\\reymi\\Desktop\\rockgames\\node_modules\\@img\\sharp-linux-arm64': 'C:\\Users\\reymi\\Desktop\\rockgames\\node_modules\\@img\\.sharp-linux-arm64-uQBfIYIQ',
1546 silly reify   'C:\\Users\\reymi\\Desktop\\rockgames\\node_modules\\@img\\sharp-linux-ppc64': 'C:\\Users\\reymi\\Desktop\\rockgames\\node_modules\\@img\\.sharp-linux-ppc64-cWB2OE9i',
1546 silly reify   'C:\\Users\\reymi\\Desktop\\rockgames\\node_modules\\@img\\sharp-linux-riscv64': 'C:\\Users\\reymi\\Desktop\\rockgames\\node_modules\\@img\\.sharp-linux-riscv64-qIGDKL7H',
1546 silly reify   'C:\\Users\\reymi\\Desktop\\rockgames\\node_modules\\@img\\sharp-linux-s390x': 'C:\\Users\\reymi\\Desktop\\rockgames\\node_modules\\@img\\.sharp-linux-s390x-CJKJWo9Y',
1546 silly reify   'C:\\Users\\reymi\\Desktop\\rockgames\\node_modules\\@img\\sharp-linux-x64': 'C:\\Users\\reymi\\Desktop\\rockgames\\node_modules\\@img\\.sharp-linux-x64-BYcMUP6V',
1546 silly reify   'C:\\Users\\reymi\\Desktop\\rockgames\\node_modules\\@img\\sharp-linuxmusl-arm64': 'C:\\Users\\reymi\\Desktop\\rockgames\\node_modules\\@img\\.sharp-linuxmusl-arm64-JV7WNyvn',
1546 silly reify   'C:\\Users\\reymi\\Desktop\\rockgames\\node_modules\\@img\\sharp-linuxmusl-x64': 'C:\\Users\\reymi\\Desktop\\rockgames\\node_modules\\@img\\.sharp-linuxmusl-x64-qewmvvwr',
1546 silly reify   'C:\\Users\\reymi\\Desktop\\rockgames\\node_modules\\@img\\sharp-wasm32': 'C:\\Users\\reymi\\Desktop\\rockgames\\node_modules\\@img\\.sharp-wasm32-y9UViEGH',
1546 silly reify   'C:\\Users\\reymi\\Desktop\\rockgames\\node_modules\\@img\\sharp-win32-arm64': 'C:\\Users\\reymi\\Desktop\\rockgames\\node_modules\\@img\\.sharp-win32-arm64-MteRd4Lu',
1546 silly reify   'C:\\Users\\reymi\\Desktop\\rockgames\\node_modules\\@img\\sharp-win32-ia32': 'C:\\Users\\reymi\\Desktop\\rockgames\\node_modules\\@img\\.sharp-win32-ia32-MM7pCILZ',
1546 silly reify   'C:\\Users\\reymi\\Desktop\\rockgames\\node_modules\\@img\\sharp-win32-x64': 'C:\\Users\\reymi\\Desktop\\rockgames\\node_modules\\@img\\.sharp-win32-x64-j8I94NHv',
1546 silly reify   'C:\\Users\\reymi\\Desktop\\rockgames\\node_modules\\@napi-rs\\lzma-linux-x64-gnu': 'C:\\Users\\reymi\\Desktop\\rockgames\\node_modules\\@napi-rs\\.lzma-linux-x64-gnu-FAjCOmeF',
1546 silly reify   'C:\\Users\\reymi\\Desktop\\rockgames\\node_modules\\@rolldown\\pluginutils': 'C:\\Users\\reymi\\Desktop\\rockgames\\node_modules\\@rolldown\\.pluginutils-rwrwPweg',
1546 silly reify   'C:\\Users\\reymi\\Desktop\\rockgames\\node_modules\\@rollup\\pluginutils': 'C:\\Users\\reymi\\Desktop\\rockgames\\node_modules\\@rollup\\.pluginutils-KquLIfFW',
1546 silly reify   'C:\\Users\\reymi\\Desktop\\rockgames\\node_modules\\@rollup\\rollup-android-arm-eabi': 'C:\\Users\\reymi\\Desktop\\rockgames\\node_modules\\@rollup\\.rollup-android-arm-eabi-40XbPeIf',
1546 silly reify   'C:\\Users\\reymi\\Desktop\\rockgames\\node_modules\\@rollup\\rollup-android-arm64': 'C:\\Users\\reymi\\Desktop\\rockgames\\node_modules\\@rollup\\.rollup-android-arm64-XdguEs0I',
1546 silly reify   'C:\\Users\\reymi\\Desktop\\rockgames\\node_modules\\@rollup\\rollup-darwin-arm64': 'C:\\Users\\reymi\\Desktop\\rockgames\\node_modules\\@rollup\\.rollup-darwin-arm64-rBkQJTw0',
1546 silly reify   'C:\\Users\\reymi\\Desktop\\rockgames\\node_modules\\@rollup\\rollup-darwin-x64': 'C:\\Users\\reymi\\Desktop\\rockgames\\node_modules\\@rollup\\.rollup-darwin-x64-GRVzO8n0',
1546 silly reify   'C:\\Users\\reymi\\Desktop\\rockgames\\node_modules\\@rollup\\rollup-freebsd-arm64': 'C:\\Users\\reymi\\Desktop\\rockgames\\node_modules\\@rollup\\.rollup-freebsd-arm64-ydMjplG1',
1546 silly reify   'C:\\Users\\reymi\\Desktop\\rockgames\\node_modules\\@rollup\\rollup-freebsd-x64': 'C:\\Users\\reymi\\Desktop\\rockgames\\node_modules\\@rollup\\.rollup-freebsd-x64-XQ6tqHHn',
1546 silly reify   'C:\\Users\\reymi\\Desktop\\rockgames\\node_modules\\@rollup\\rollup-linux-arm-gnueabihf': 'C:\\Users\\reymi\\Desktop\\rockgames\\node_modules\\@rollup\\.rollup-linux-arm-gnueabihf-j9hUyOrx',
1546 silly reify   'C:\\Users\\reymi\\Desktop\\rockgames\\node_modules\\@rollup\\rollup-linux-arm-musleabihf': 'C:\\Users\\reymi\\Desktop\\rockgames\\node_modules\\@rollup\\.rollup-linux-arm-musleabihf-lOVV7hrk',
1546 silly reify   'C:\\Users\\reymi\\Desktop\\rockgames\\node_modules\\@rollup\\rollup-linux-arm64-gnu': 'C:\\Users\\reymi\\Desktop\\rockgames\\node_modules\\@rollup\\.rollup-linux-arm64-gnu-AIxJGUWn',
1546 silly reify   'C:\\Users\\reymi\\Desktop\\rockgames\\node_modules\\@rollup\\rollup-linux-arm64-musl': 'C:\\Users\\reymi\\Desktop\\rockgames\\node_modules\\@rollup\\.rollup-linux-arm64-musl-LGf2rWre',
1546 silly reify   'C:\\Users\\reymi\\Desktop\\rockgames\\node_modules\\@rollup\\rollup-linux-loong64-gnu': 'C:\\Users\\reymi\\Desktop\\rockgames\\node_modules\\@rollup\\.rollup-linux-loong64-gnu-nbyRPRYp',
1546 silly reify   'C:\\Users\\reymi\\Desktop\\rockgames\\node_modules\\@rollup\\rollup-linux-loong64-musl': 'C:\\Users\\reymi\\Desktop\\rockgames\\node_modules\\@rollup\\.rollup-linux-loong64-musl-HICs2T2h',
1546 silly reify   'C:\\Users\\reymi\\Desktop\\rockgames\\node_modules\\@rollup\\rollup-linux-ppc64-gnu': 'C:\\Users\\reymi\\Desktop\\rockgames\\node_modules\\@rollup\\.rollup-linux-ppc64-gnu-eNUf4vYw',
1546 silly reify   'C:\\Users\\reymi\\Desktop\\rockgames\\node_modules\\@rollup\\rollup-linux-ppc64-musl': 'C:\\Users\\reymi\\Desktop\\rockgames\\node_modules\\@rollup\\.rollup-linux-ppc64-musl-W84vPoXv',
1546 silly reify   'C:\\Users\\reymi\\Desktop\\rockgames\\node_modules\\@rollup\\rollup-linux-riscv64-gnu': 'C:\\Users\\reymi\\Desktop\\rockgames\\node_modules\\@rollup\\.rollup-linux-riscv64-gnu-TwpQ6YaE',
1546 silly reify   'C:\\Users\\reymi\\Desktop\\rockgames\\node_modules\\@rollup\\rollup-linux-riscv64-musl': 'C:\\Users\\reymi\\Desktop\\rockgames\\node_modules\\@rollup\\.rollup-linux-riscv64-musl-ZpAUOKXS',
1546 silly reify   'C:\\Users\\reymi\\Desktop\\rockgames\\node_modules\\@rollup\\rollup-linux-s390x-gnu': 'C:\\Users\\reymi\\Desktop\\rockgames\\node_modules\\@rollup\\.rollup-linux-s390x-gnu-UC4oiPBq',
1546 silly reify   'C:\\Users\\reymi\\Desktop\\rockgames\\node_modules\\@rollup\\rollup-linux-x64-gnu': 'C:\\Users\\reymi\\Desktop\\rockgames\\node_modules\\@rollup\\.rollup-linux-x64-gnu-zalYbFen',
1546 silly reify   'C:\\Users\\reymi\\Desktop\\rockgames\\node_modules\\@rollup\\rollup-linux-x64-musl': 'C:\\Users\\reymi\\Desktop\\rockgames\\node_modules\\@rollup\\.rollup-linux-x64-musl-u7n9jYic',
1546 silly reify   'C:\\Users\\reymi\\Desktop\\rockgames\\node_modules\\@rollup\\rollup-openbsd-x64': 'C:\\Users\\reymi\\Desktop\\rockgames\\node_modules\\@rollup\\.rollup-openbsd-x64-7MSY95GQ',
1546 silly reify   'C:\\Users\\reymi\\Desktop\\rockgames\\node_modules\\@rollup\\rollup-openharmony-arm64': 'C:\\Users\\reymi\\Desktop\\rockgames\\node_modules\\@rollup\\.rollup-openharmony-arm64-lY4mPZj1',
1546 silly reify   'C:\\Users\\reymi\\Desktop\\rockgames\\node_modules\\@rollup\\rollup-win32-arm64-msvc': 'C:\\Users\\reymi\\Desktop\\rockgames\\node_modules\\@rollup\\.rollup-win32-arm64-msvc-hQHWutTy',
1546 silly reify   'C:\\Users\\reymi\\Desktop\\rockgames\\node_modules\\@rollup\\rollup-win32-ia32-msvc': 'C:\\Users\\reymi\\Desktop\\rockgames\\node_modules\\@rollup\\.rollup-win32-ia32-msvc-Wxy17YwT',
1546 silly reify   'C:\\Users\\reymi\\Desktop\\rockgames\\node_modules\\@rollup\\rollup-win32-x64-gnu': 'C:\\Users\\reymi\\Desktop\\rockgames\\node_modules\\@rollup\\.rollup-win32-x64-gnu-ZOgiSwTI',
1546 silly reify   'C:\\Users\\reymi\\Desktop\\rockgames\\node_modules\\@rollup\\rollup-win32-x64-msvc': 'C:\\Users\\reymi\\Desktop\\rockgames\\node_modules\\@rollup\\.rollup-win32-x64-msvc-Iptxd6vL',
1546 silly reify   'C:\\Users\\reymi\\Desktop\\rockgames\\node_modules\\@shikijs\\core': 'C:\\Users\\reymi\\Desktop\\rockgames\\node_modules\\@shikijs\\.core-uZz6BX3X',
1546 silly reify   'C:\\Users\\reymi\\Desktop\\rockgames\\node_modules\\@shikijs\\engine-javascript': 'C:\\Users\\reymi\\Desktop\\rockgames\\node_modules\\@shikijs\\.engine-javascript-4PCyuxvB',
1546 silly reify   'C:\\Users\\reymi\\Desktop\\rockgames\\node_modules\\@shikijs\\engine-oniguruma': 'C:\\Users\\reymi\\Desktop\\rockgames\\node_modules\\@shikijs\\.engine-oniguruma-u6NfEcry',
1546 silly reify   'C:\\Users\\reymi\\Desktop\\rockgames\\node_modules\\@shikijs\\langs': 'C:\\Users\\reymi\\Desktop\\rockgames\\node_modules\\@shikijs\\.langs-H3ZdS8Re',
1546 silly reify   'C:\\Users\\reymi\\Desktop\\rockgames\\node_modules\\@shikijs\\themes': 'C:\\Users\\reymi\\Desktop\\rockgames\\node_modules\\@shikijs\\.themes-1sOM7Zw3',
1546 silly reify   'C:\\Users\\reymi\\Desktop\\rockgames\\node_modules\\@shikijs\\types': 'C:\\Users\\reymi\\Desktop\\rockgames\\node_modules\\@shikijs\\.types-sbZpS96a',
1546 silly reify   'C:\\Users\\reymi\\Desktop\\rockgames\\node_modules\\@types\\babel__core': 'C:\\Users\\reymi\\Desktop\\rockgames\\node_modules\\@types\\.babel__core-8IlKM7Ux',
1546 silly reify   'C:\\Users\\reymi\\Desktop\\rockgames\\node_modules\\@types\\babel__generator': 'C:\\Users\\reymi\\Desktop\\rockgames\\node_modules\\@types\\.babel__generator-PCJWtooD',
1546 silly reify   'C:\\Users\\reymi\\Desktop\\rockgames\\node_modules\\@types\\babel__template': 'C:\\Users\\reymi\\Desktop\\rockgames\\node_modules\\@types\\.babel__template-g81VLZHX',
1546 silly reify   'C:\\Users\\reymi\\Desktop\\rockgames\\node_modules\\@types\\babel__traverse': 'C:\\Users\\reymi\\Desktop\\rockgames\\node_modules\\@types\\.babel__traverse-pFugwLXe',
1546 silly reify   'C:\\Users\\reymi\\Desktop\\rockgames\\node_modules\\@types\\debug': 'C:\\Users\\reymi\\Desktop\\rockgames\\node_modules\\@types\\.debug-Xa23dDip',
1546 silly reify   'C:\\Users\\reymi\\Desktop\\rockgames\\node_modules\\@types\\ms': 'C:\\Users\\reymi\\Desktop\\rockgames\\node_modules\\@types\\.ms-1yQkZpw1',
1546 silly reify   'C:\\Users\\reymi\\Desktop\\rockgames\\node_modules\\@vitejs\\plugin-react': 'C:\\Users\\reymi\\Desktop\\rockgames\\node_modules\\@vitejs\\.plugin-react-OaEZTbBu',
1546 silly reify   'C:\\Users\\reymi\\Desktop\\rockgames\\node_modules\\acorn': 'C:\\Users\\reymi\\Desktop\\rockgames\\node_modules\\.acorn-sLJJhOag',
1546 silly reify   'C:\\Users\\reymi\\Desktop\\rockgames\\node_modules\\.bin\\acorn': 'C:\\Users\\reymi\\Desktop\\rockgames\\node_modules\\.bin\\.acorn-VJC6OcuN',
1546 silly reify   'C:\\Users\\reymi\\Desktop\\rockgames\\node_modules\\.bin\\acorn.cmd': 'C:\\Users\\reymi\\Desktop\\rockgames\\node_modules\\.bin\\.acorn.cmd-vjKjgZr9',
1546 silly reify   'C:\\Users\\reymi\\Desktop\\rockgames\\node_modules\\.bin\\acorn.ps1': 'C:\\Users\\reymi\\Desktop\\rockgames\\node_modules\\.bin\\.acorn.ps1-eX2UioHF',
1546 silly reify   'C:\\Users\\reymi\\Desktop\\rockgames\\node_modules\\ansi-align': 'C:\\Users\\reymi\\Desktop\\rockgames\\node_modules\\.ansi-align-fDDsjKW4',
1546 silly reify   'C:\\Users\\reymi\\Desktop\\rockgames\\node_modules\\ansi-regex': 'C:\\Users\\reymi\\Desktop\\rockgames\\node_modules\\.ansi-regex-2ItTztUG',
1546 silly reify   'C:\\Users\\reymi\\Desktop\\rockgames\\node_modules\\ansi-styles': 'C:\\Users\\reymi\\Desktop\\rockgames\\node_modules\\.ansi-styles-BnJ7Rs3i',
1546 silly reify   'C:\\Users\\reymi\\Desktop\\rockgames\\node_modules\\array-iterate': 'C:\\Users\\reymi\\Desktop\\rockgames\\node_modules\\.array-iterate-Q0Tf8hSR',
1546 silly reify   'C:\\Users\\reymi\\Desktop\\rockgames\\node_modules\\astro': 'C:\\Users\\reymi\\Desktop\\rockgames\\node_modules\\.astro-2OXd1kzL',
1546 silly reify   'C:\\Users\\reymi\\Desktop\\rockgames\\node_modules\\.bin\\astro': 'C:\\Users\\reymi\\Desktop\\rockgames\\node_modules\\.bin\\.astro-2c0kgWHM',
1546 silly reify   'C:\\Users\\reymi\\Desktop\\rockgames\\node_modules\\.bin\\astro.cmd': 'C:\\Users\\reymi\\Desktop\\rockgames\\node_modules\\.bin\\.astro.cmd-BQCaJLO5',
1546 silly reify   'C:\\Users\\reymi\\Desktop\\rockgames\\node_modules\\.bin\\astro.ps1': 'C:\\Users\\reymi\\Desktop\\rockgames\\node_modules\\.bin\\.astro.ps1-2VAwi4R4',
1546 silly reify   'C:\\Users\\reymi\\Desktop\\rockgames\\node_modules\\base-64': 'C:\\Users\\reymi\\Desktop\\rockgames\\node_modules\\.base-64-8EfFQViS',
1546 silly reify   'C:\\Users\\reymi\\Desktop\\rockgames\\node_modules\\baseline-browser-mapping': 'C:\\Users\\reymi\\Desktop\\rockgames\\node_modules\\.baseline-browser-mapping-T80zL0L5',
1546 silly reify   'C:\\Users\\reymi\\Desktop\\rockgames\\node_modules\\.bin\\baseline-browser-mapping': 'C:\\Users\\reymi\\Desktop\\rockgames\\node_modules\\.bin\\.baseline-browser-mapping-R8r5wBoq',
1546 silly reify   'C:\\Users\\reymi\\Desktop\\rockgames\\node_modules\\.bin\\baseline-browser-mapping.cmd': 'C:\\Users\\reymi\\Desktop\\rockgames\\node_modules\\.bin\\.baseline-browser-mapping.cmd-jEBZQ32D',
1546 silly reify   'C:\\Users\\reymi\\Desktop\\rockgames\\node_modules\\.bin\\baseline-browser-mapping.ps1': 'C:\\Users\\reymi\\Desktop\\rockgames\\node_modules\\.bin\\.baseline-browser-mapping.ps1-CYiUvYv6',
1546 silly reify   'C:\\Users\\reymi\\Desktop\\rockgames\\node_modules\\boxen': 'C:\\Users\\reymi\\Desktop\\rockgames\\node_modules\\.boxen-2XWcGMA9',
1546 silly reify   'C:\\Users\\reymi\\Desktop\\rockgames\\node_modules\\browserslist': 'C:\\Users\\reymi\\Desktop\\rockgames\\node_modules\\.browserslist-SsriH4Ie',
1546 silly reify   'C:\\Users\\reymi\\Desktop\\rockgames\\node_modules\\.bin\\browserslist': 'C:\\Users\\reymi\\Desktop\\rockgames\\node_modules\\.bin\\.browserslist-rSGANceR',
1546 silly reify   'C:\\Users\\reymi\\Desktop\\rockgames\\node_modules\\.bin\\browserslist.cmd': 'C:\\Users\\reymi\\Desktop\\rockgames\\node_modules\\.bin\\.browserslist.cmd-HqPi4SWn',
1546 silly reify   'C:\\Users\\reymi\\Desktop\\rockgames\\node_modules\\.bin\\browserslist.ps1': 'C:\\Users\\reymi\\Desktop\\rockgames\\node_modules\\.bin\\.browserslist.ps1-5HxEtp9Z',
1546 silly reify   'C:\\Users\\reymi\\Desktop\\rockgames\\node_modules\\camelcase': 'C:\\Users\\reymi\\Desktop\\rockgames\\node_modules\\.camelcase-yhausfoU',
1546 silly reify   'C:\\Users\\reymi\\Desktop\\rockgames\\node_modules\\caniuse-lite': 'C:\\Users\\reymi\\Desktop\\rockgames\\node_modules\\.caniuse-lite-nNyyTASp',
1546 silly reify   'C:\\Users\\reymi\\Desktop\\rockgames\\node_modules\\chalk': 'C:\\Users\\reymi\\Desktop\\rockgames\\node_modules\\.chalk-vofXtqKJ',
1546 silly reify   'C:\\Users\\reymi\\Desktop\\rockgames\\node_modules\\character-entities': 'C:\\Users\\reymi\\Desktop\\rockgames\\node_modules\\.character-entities-qRSC1RsU',
1546 silly reify   'C:\\Users\\reymi\\Desktop\\rockgames\\node_modules\\cli-boxes': 'C:\\Users\\reymi\\Desktop\\rockgames\\node_modules\\.cli-boxes-RJ5M0Hmh',
1546 silly reify   'C:\\Users\\reymi\\Desktop\\rockgames\\node_modules\\common-ancestor-path': 'C:\\Users\\reymi\\Desktop\\rockgames\\node_modules\\.common-ancestor-path-l2uF1lNQ',
1546 silly reify   'C:\\Users\\reymi\\Desktop\\rockgames\\node_modules\\convert-source-map': 'C:\\Users\\reymi\\Desktop\\rockgames\\node_modules\\.convert-source-map-kk1V0v2T',
1546 silly reify   'C:\\Users\\reymi\\Desktop\\rockgames\\node_modules\\cookie': 'C:\\Users\\reymi\\Desktop\\rockgames\\node_modules\\.cookie-cTX5AEBH',
1546 silly reify   'C:\\Users\\reymi\\Desktop\\rockgames\\node_modules\\cssesc': 'C:\\Users\\reymi\\Desktop\\rockgames\\node_modules\\.cssesc-qBB3j8IK',
1546 silly reify   'C:\\Users\\reymi\\Desktop\\rockgames\\node_modules\\.bin\\cssesc': 'C:\\Users\\reymi\\Desktop\\rockgames\\node_modules\\.bin\\.cssesc-vrtTENxI',
1546 silly reify   'C:\\Users\\reymi\\Desktop\\rockgames\\node_modules\\.bin\\cssesc.cmd': 'C:\\Users\\reymi\\Desktop\\rockgames\\node_modules\\.bin\\.cssesc.cmd-3zAOER8n',
1546 silly reify   'C:\\Users\\reymi\\Desktop\\rockgames\\node_modules\\.bin\\cssesc.ps1': 'C:\\Users\\reymi\\Desktop\\rockgames\\node_modules\\.bin\\.cssesc.ps1-j1DwrQOV',
1546 silly reify   'C:\\Users\\reymi\\Desktop\\rockgames\\node_modules\\debug': 'C:\\Users\\reymi\\Desktop\\rockgames\\node_modules\\.debug-CLnt84zW',
1546 silly reify   'C:\\Users\\reymi\\Desktop\\rockgames\\node_modules\\decode-named-character-reference': 'C:\\Users\\reymi\\Desktop\\rockgames\\node_modules\\.decode-named-character-reference-6aof9QDa',
1546 silly reify   'C:\\Users\\reymi\\Desktop\\rockgames\\node_modules\\deterministic-object-hash': 'C:\\Users\\reymi\\Desktop\\rockgames\\node_modules\\.deterministic-object-hash-5LbE0FQF',
1546 silly reify   'C:\\Users\\reymi\\Desktop\\rockgames\\node_modules\\diff': 'C:\\Users\\reymi\\Desktop\\rockgames\\node_modules\\.diff-InHAiLwA',
1546 silly reify   'C:\\Users\\reymi\\Desktop\\rockgames\\node_modules\\dlv': 'C:\\Users\\reymi\\Desktop\\rockgames\\node_modules\\.dlv-QnTwVH3M',
1546 silly reify   'C:\\Users\\reymi\\Desktop\\rockgames\\node_modules\\electron-to-chromium': 'C:\\Users\\reymi\\Desktop\\rockgames\\node_modules\\.electron-to-chromium-7W5QS0Eh',
1546 silly reify   'C:\\Users\\reymi\\Desktop\\rockgames\\node_modules\\emoji-regex': 'C:\\Users\\reymi\\Desktop\\rockgames\\node_modules\\.emoji-regex-4M43LQyL',
1546 silly reify   'C:\\Users\\reymi\\Desktop\\rockgames\\node_modules\\entities': 'C:\\Users\\reymi\\Desktop\\rockgames\\node_modules\\.entities-DDdYwhEJ',
1546 silly reify   'C:\\Users\\reymi\\Desktop\\rockgames\\node_modules\\es-module-lexer': 'C:\\Users\\reymi\\Desktop\\rockgames\\node_modules\\.es-module-lexer-ddvEprhD',
1546 silly reify   'C:\\Users\\reymi\\Desktop\\rockgames\\node_modules\\esbuild': 'C:\\Users\\reymi\\Desktop\\rockgames\\node_modules\\.esbuild-3cTMcMXm',
1546 silly reify   'C:\\Users\\reymi\\Desktop\\rockgames\\node_modules\\.bin\\esbuild': 'C:\\Users\\reymi\\Desktop\\rockgames\\node_modules\\.bin\\.esbuild-C7R0Xfjy',
1546 silly reify   'C:\\Users\\reymi\\Desktop\\rockgames\\node_modules\\.bin\\esbuild.cmd': 'C:\\Users\\reymi\\Desktop\\rockgames\\node_modules\\.bin\\.esbuild.cmd-y4Xhaep0',
1546 silly reify   'C:\\Users\\reymi\\Desktop\\rockgames\\node_modules\\.bin\\esbuild.ps1': 'C:\\Users\\reymi\\Desktop\\rockgames\\node_modules\\.bin\\.esbuild.ps1-csWD8G9F',
1546 silly reify   'C:\\Users\\reymi\\Desktop\\rockgames\\node_modules\\escalade': 'C:\\Users\\reymi\\Desktop\\rockgames\\node_modules\\.escalade-AQ4GaFrB',
1546 silly reify   'C:\\Users\\reymi\\Desktop\\rockgames\\node_modules\\escape-string-regexp': 'C:\\Users\\reymi\\Desktop\\rockgames\\node_modules\\.escape-string-regexp-Cgakod1n',
1546 silly reify   'C:\\Users\\reymi\\Desktop\\rockgames\\node_modules\\estree-walker': 'C:\\Users\\reymi\\Desktop\\rockgames\\node_modules\\.estree-walker-qetNYDJV',
1546 silly reify   'C:\\Users\\reymi\\Desktop\\rockgames\\node_modules\\gensync': 'C:\\Users\\reymi\\Desktop\\rockgames\\node_modules\\.gensync-QvZEGcJP',
1546 silly reify   'C:\\Users\\reymi\\Desktop\\rockgames\\node_modules\\get-east-asian-width': 'C:\\Users\\reymi\\Desktop\\rockgames\\node_modules\\.get-east-asian-width-znxgtgkQ',
1546 silly reify   'C:\\Users\\reymi\\Desktop\\rockgames\\node_modules\\hast-util-from-html': 'C:\\Users\\reymi\\Desktop\\rockgames\\node_modules\\.hast-util-from-html-Ufi598cu',
1546 silly reify   'C:\\Users\\reymi\\Desktop\\rockgames\\node_modules\\hast-util-from-parse5': 'C:\\Users\\reymi\\Desktop\\rockgames\\node_modules\\.hast-util-from-parse5-MsmjHjlP',
1546 silly reify   'C:\\Users\\reymi\\Desktop\\rockgames\\node_modules\\hast-util-is-element': 'C:\\Users\\reymi\\Desktop\\rockgames\\node_modules\\.hast-util-is-element-e8L3Xrt2',
1546 silly reify   'C:\\Users\\reymi\\Desktop\\rockgames\\node_modules\\hast-util-parse-selector': 'C:\\Users\\reymi\\Desktop\\rockgames\\node_modules\\.hast-util-parse-selector-DCkVBzTg',
1546 silly reify   'C:\\Users\\reymi\\Desktop\\rockgames\\node_modules\\hast-util-raw': 'C:\\Users\\reymi\\Desktop\\rockgames\\node_modules\\.hast-util-raw-gqM2XPfU',
1546 silly reify   'C:\\Users\\reymi\\Desktop\\rockgames\\node_modules\\hast-util-to-parse5': 'C:\\Users\\reymi\\Desktop\\rockgames\\node_modules\\.hast-util-to-parse5-4nh5nlSw',
1546 silly reify   'C:\\Users\\reymi\\Desktop\\rockgames\\node_modules\\hast-util-to-text': 'C:\\Users\\reymi\\Desktop\\rockgames\\node_modules\\.hast-util-to-text-cGun89Qo',
1546 silly reify   'C:\\Users\\reymi\\Desktop\\rockgames\\node_modules\\hastscript': 'C:\\Users\\reymi\\Desktop\\rockgames\\node_modules\\.hastscript-SeYjR4kF',
1546 silly reify   'C:\\Users\\reymi\\Desktop\\rockgames\\node_modules\\import-meta-resolve': 'C:\\Users\\reymi\\Desktop\\rockgames\\node_modules\\.import-meta-resolve-6gI4gxFO',
1546 silly reify   'C:\\Users\\reymi\\Desktop\\rockgames\\node_modules\\is-docker': 'C:\\Users\\reymi\\Desktop\\rockgames\\node_modules\\.is-docker-buNNTF2q',
1546 silly reify   'C:\\Users\\reymi\\Desktop\\rockgames\\node_modules\\.bin\\is-docker': 'C:\\Users\\reymi\\Desktop\\rockgames\\node_modules\\.bin\\.is-docker-ru4h9T8C',
1546 silly reify   'C:\\Users\\reymi\\Desktop\\rockgames\\node_modules\\.bin\\is-docker.cmd': 'C:\\Users\\reymi\\Desktop\\rockgames\\node_modules\\.bin\\.is-docker.cmd-OY58qtRW',
1546 silly reify   'C:\\Users\\reymi\\Desktop\\rockgames\\node_modules\\.bin\\is-docker.ps1': 'C:\\Users\\reymi\\Desktop\\rockgames\\node_modules\\.bin\\.is-docker.ps1-CNSxxaL6',
1546 silly reify   'C:\\Users\\reymi\\Desktop\\rockgames\\node_modules\\is-fullwidth-code-point': 'C:\\Users\\reymi\\Desktop\\rockgames\\node_modules\\.is-fullwidth-code-point-e1svEn7t',
1546 silly reify   'C:\\Users\\reymi\\Desktop\\rockgames\\node_modules\\is-inside-container': 'C:\\Users\\reymi\\Desktop\\rockgames\\node_modules\\.is-inside-container-Uu0HEitF',
1546 silly reify   'C:\\Users\\reymi\\Desktop\\rockgames\\node_modules\\.bin\\is-inside-container': 'C:\\Users\\reymi\\Desktop\\rockgames\\node_modules\\.bin\\.is-inside-container-XfTdvNkA',
1546 silly reify   'C:\\Users\\reymi\\Desktop\\rockgames\\node_modules\\.bin\\is-inside-container.cmd': 'C:\\Users\\reymi\\Desktop\\rockgames\\node_modules\\.bin\\.is-inside-container.cmd-EWZVzY3a',
1546 silly reify   'C:\\Users\\reymi\\Desktop\\rockgames\\node_modules\\.bin\\is-inside-container.ps1': 'C:\\Users\\reymi\\Desktop\\rockgames\\node_modules\\.bin\\.is-inside-container.ps1-Cg4tN1Kq',
1546 silly reify   'C:\\Users\\reymi\\Desktop\\rockgames\\node_modules\\is-wsl': 'C:\\Users\\reymi\\Desktop\\rockgames\\node_modules\\.is-wsl-5if5tGzY',
1546 silly reify   'C:\\Users\\reymi\\Desktop\\rockgames\\node_modules\\js-tokens': 'C:\\Users\\reymi\\Desktop\\rockgames\\node_modules\\.js-tokens-9jGr2HVM',
1546 silly reify   'C:\\Users\\reymi\\Desktop\\rockgames\\node_modules\\jsesc': 'C:\\Users\\reymi\\Desktop\\rockgames\\node_modules\\.jsesc-Wcs0cfy7',
1546 silly reify   'C:\\Users\\reymi\\Desktop\\rockgames\\node_modules\\.bin\\jsesc': 'C:\\Users\\reymi\\Desktop\\rockgames\\node_modules\\.bin\\.jsesc-f2aYG8ZT',
1546 silly reify   'C:\\Users\\reymi\\Desktop\\rockgames\\node_modules\\.bin\\jsesc.cmd': 'C:\\Users\\reymi\\Desktop\\rockgames\\node_modules\\.bin\\.jsesc.cmd-zPrwgwRZ',
1546 silly reify   'C:\\Users\\reymi\\Desktop\\rockgames\\node_modules\\.bin\\jsesc.ps1': 'C:\\Users\\reymi\\Desktop\\rockgames\\node_modules\\.bin\\.jsesc.ps1-HjwQtqnL',
1546 silly reify   'C:\\Users\\reymi\\Desktop\\rockgames\\node_modules\\json5': 'C:\\Users\\reymi\\Desktop\\rockgames\\node_modules\\.json5-OaWau9wl',
1546 silly reify   'C:\\Users\\reymi\\Desktop\\rockgames\\node_modules\\.bin\\json5': 'C:\\Users\\reymi\\Desktop\\rockgames\\node_modules\\.bin\\.json5-4XbFLR7s',
1546 silly reify   'C:\\Users\\reymi\\Desktop\\rockgames\\node_modules\\.bin\\json5.cmd': 'C:\\Users\\reymi\\Desktop\\rockgames\\node_modules\\.bin\\.json5.cmd-aqYkGINv',
1546 silly reify   'C:\\Users\\reymi\\Desktop\\rockgames\\node_modules\\.bin\\json5.ps1': 'C:\\Users\\reymi\\Desktop\\rockgames\\node_modules\\.bin\\.json5.ps1-5Co3fTMH',
1546 silly reify   'C:\\Users\\reymi\\Desktop\\rockgames\\node_modules\\kleur': 'C:\\Users\\reymi\\Desktop\\rockgames\\node_modules\\.kleur-bSKR21rZ',
1546 silly reify   'C:\\Users\\reymi\\Desktop\\rockgames\\node_modules\\longest-streak': 'C:\\Users\\reymi\\Desktop\\rockgames\\node_modules\\.longest-streak-hMpqGape',
1546 silly reify   'C:\\Users\\reymi\\Desktop\\rockgames\\node_modules\\lru-cache': 'C:\\Users\\reymi\\Desktop\\rockgames\\node_modules\\.lru-cache-fuCAF5GB',
1546 silly reify   'C:\\Users\\reymi\\Desktop\\rockgames\\node_modules\\markdown-table': 'C:\\Users\\reymi\\Desktop\\rockgames\\node_modules\\.markdown-table-qWsglV2b',
1546 silly reify   'C:\\Users\\reymi\\Desktop\\rockgames\\node_modules\\mdast-util-definitions': 'C:\\Users\\reymi\\Desktop\\rockgames\\node_modules\\.mdast-util-definitions-v4Jo0JvY',
1546 silly reify   'C:\\Users\\reymi\\Desktop\\rockgames\\node_modules\\mdast-util-find-and-replace': 'C:\\Users\\reymi\\Desktop\\rockgames\\node_modules\\.mdast-util-find-and-replace-lfdY0NPg',
1546 silly reify   'C:\\Users\\reymi\\Desktop\\rockgames\\node_modules\\mdast-util-from-markdown': 'C:\\Users\\reymi\\Desktop\\rockgames\\node_modules\\.mdast-util-from-markdown-OPRnulYL',
1546 silly reify   'C:\\Users\\reymi\\Desktop\\rockgames\\node_modules\\mdast-util-gfm': 'C:\\Users\\reymi\\Desktop\\rockgames\\node_modules\\.mdast-util-gfm-tCMT1CVK',
1546 silly reify   'C:\\Users\\reymi\\Desktop\\rockgames\\node_modules\\mdast-util-gfm-autolink-literal': 'C:\\Users\\reymi\\Desktop\\rockgames\\node_modules\\.mdast-util-gfm-autolink-literal-4osXwZz5',
1546 silly reify   'C:\\Users\\reymi\\Desktop\\rockgames\\node_modules\\mdast-util-gfm-footnote': 'C:\\Users\\reymi\\Desktop\\rockgames\\node_modules\\.mdast-util-gfm-footnote-CgkMCFeC',
1546 silly reify   'C:\\Users\\reymi\\Desktop\\rockgames\\node_modules\\mdast-util-gfm-strikethrough': 'C:\\Users\\reymi\\Desktop\\rockgames\\node_modules\\.mdast-util-gfm-strikethrough-NtLW5L3Z',
1546 silly reify   'C:\\Users\\reymi\\Desktop\\rockgames\\node_modules\\mdast-util-gfm-table': 'C:\\Users\\reymi\\Desktop\\rockgames\\node_modules\\.mdast-util-gfm-table-JUi9tOcK',
1546 silly reify   'C:\\Users\\reymi\\Desktop\\rockgames\\node_modules\\mdast-util-gfm-task-list-item': 'C:\\Users\\reymi\\Desktop\\rockgames\\node_modules\\.mdast-util-gfm-task-list-item-U55ZU3jq',
1546 silly reify   'C:\\Users\\reymi\\Desktop\\rockgames\\node_modules\\mdast-util-phrasing': 'C:\\Users\\reymi\\Desktop\\rockgames\\node_modules\\.mdast-util-phrasing-Km7ykQfC',
1546 silly reify   'C:\\Users\\reymi\\Desktop\\rockgames\\node_modules\\mdast-util-to-markdown': 'C:\\Users\\reymi\\Desktop\\rockgames\\node_modules\\.mdast-util-to-markdown-PXHdCPeA',
1546 silly reify   'C:\\Users\\reymi\\Desktop\\rockgames\\node_modules\\mdast-util-to-string': 'C:\\Users\\reymi\\Desktop\\rockgames\\node_modules\\.mdast-util-to-string-JdPNI86O',
1546 silly reify   'C:\\Users\\reymi\\Desktop\\rockgames\\node_modules\\micromark': 'C:\\Users\\reymi\\Desktop\\rockgames\\node_modules\\.micromark-J8eREXrK',
1546 silly reify   'C:\\Users\\reymi\\Desktop\\rockgames\\node_modules\\micromark-core-commonmark': 'C:\\Users\\reymi\\Desktop\\rockgames\\node_modules\\.micromark-core-commonmark-K0pnkyIS',
1546 silly reify   'C:\\Users\\reymi\\Desktop\\rockgames\\node_modules\\micromark-extension-gfm': 'C:\\Users\\reymi\\Desktop\\rockgames\\node_modules\\.micromark-extension-gfm-o3110bKF',
1546 silly reify   'C:\\Users\\reymi\\Desktop\\rockgames\\node_modules\\micromark-extension-gfm-autolink-literal': 'C:\\Users\\reymi\\Desktop\\rockgames\\node_modules\\.micromark-extension-gfm-autolink-literal-PIkCbOLq',
1546 silly reify   'C:\\Users\\reymi\\Desktop\\rockgames\\node_modules\\micromark-extension-gfm-footnote': 'C:\\Users\\reymi\\Desktop\\rockgames\\node_modules\\.micromark-extension-gfm-footnote-BxayNJUz',
1546 silly reify   'C:\\Users\\reymi\\Desktop\\rockgames\\node_modules\\micromark-extension-gfm-strikethrough': 'C:\\Users\\reymi\\Desktop\\rockgames\\node_modules\\.micromark-extension-gfm-strikethrough-VHI62o0m',
1546 silly reify   'C:\\Users\\reymi\\Desktop\\rockgames\\node_modules\\micromark-extension-gfm-table': 'C:\\Users\\reymi\\Desktop\\rockgames\\node_modules\\.micromark-extension-gfm-table-jTXUMhIK',
1546 silly reify   'C:\\Users\\reymi\\Desktop\\rockgames\\node_modules\\micromark-extension-gfm-tagfilter': 'C:\\Users\\reymi\\Desktop\\rockgames\\node_modules\\.micromark-extension-gfm-tagfilter-DYCnIPFD',
1546 silly reify   'C:\\Users\\reymi\\Desktop\\rockgames\\node_modules\\micromark-extension-gfm-task-list-item': 'C:\\Users\\reymi\\Desktop\\rockgames\\node_modules\\.micromark-extension-gfm-task-list-item-22eRgzPm',
1546 silly reify   'C:\\Users\\reymi\\Desktop\\rockgames\\node_modules\\micromark-factory-destination': 'C:\\Users\\reymi\\Desktop\\rockgames\\node_modules\\.micromark-factory-destination-uDX0D3AN',
1546 silly reify   'C:\\Users\\reymi\\Desktop\\rockgames\\node_modules\\micromark-factory-label': 'C:\\Users\\reymi\\Desktop\\rockgames\\node_modules\\.micromark-factory-label-WOBgGgCd',
1546 silly reify   'C:\\Users\\reymi\\Desktop\\rockgames\\node_modules\\micromark-factory-space': 'C:\\Users\\reymi\\Desktop\\rockgames\\node_modules\\.micromark-factory-space-ymGIA6In',
1546 silly reify   'C:\\Users\\reymi\\Desktop\\rockgames\\node_modules\\micromark-factory-title': 'C:\\Users\\reymi\\Desktop\\rockgames\\node_modules\\.micromark-factory-title-QPQHe5rj',
1546 silly reify   'C:\\Users\\reymi\\Desktop\\rockgames\\node_modules\\micromark-factory-whitespace': 'C:\\Users\\reymi\\Desktop\\rockgames\\node_modules\\.micromark-factory-whitespace-bUGAMUyp',
1546 silly reify   'C:\\Users\\reymi\\Desktop\\rockgames\\node_modules\\micromark-util-chunked': 'C:\\Users\\reymi\\Desktop\\rockgames\\node_modules\\.micromark-util-chunked-dkIgxAgb',
1546 silly reify   'C:\\Users\\reymi\\Desktop\\rockgames\\node_modules\\micromark-util-classify-character': 'C:\\Users\\reymi\\Desktop\\rockgames\\node_modules\\.micromark-util-classify-character-xqzWpfsU',
1546 silly reify   'C:\\Users\\reymi\\Desktop\\rockgames\\node_modules\\micromark-util-combine-extensions': 'C:\\Users\\reymi\\Desktop\\rockgames\\node_modules\\.micromark-util-combine-extensions-nUBQrlJr',
1546 silly reify   'C:\\Users\\reymi\\Desktop\\rockgames\\node_modules\\micromark-util-decode-numeric-character-reference': 'C:\\Users\\reymi\\Desktop\\rockgames\\node_modules\\.micromark-util-decode-numeric-character-reference-3U4bBvCv',
1546 silly reify   'C:\\Users\\reymi\\Desktop\\rockgames\\node_modules\\micromark-util-decode-string': 'C:\\Users\\reymi\\Desktop\\rockgames\\node_modules\\.micromark-util-decode-string-tMFllcUT',
1546 silly reify   'C:\\Users\\reymi\\Desktop\\rockgames\\node_modules\\micromark-util-edit-map': 'C:\\Users\\reymi\\Desktop\\rockgames\\node_modules\\.micromark-util-edit-map-N8qTUPHf',
1546 silly reify   'C:\\Users\\reymi\\Desktop\\rockgames\\node_modules\\micromark-util-html-tag-name': 'C:\\Users\\reymi\\Desktop\\rockgames\\node_modules\\.micromark-util-html-tag-name-l0mkqTaG',
1546 silly reify   'C:\\Users\\reymi\\Desktop\\rockgames\\node_modules\\micromark-util-normalize-identifier': 'C:\\Users\\reymi\\Desktop\\rockgames\\node_modules\\.micromark-util-normalize-identifier-lOvx1BBi',
1546 silly reify   'C:\\Users\\reymi\\Desktop\\rockgames\\node_modules\\micromark-util-resolve-all': 'C:\\Users\\reymi\\Desktop\\rockgames\\node_modules\\.micromark-util-resolve-all-exAVx3GD',
1546 silly reify   'C:\\Users\\reymi\\Desktop\\rockgames\\node_modules\\micromark-util-subtokenize': 'C:\\Users\\reymi\\Desktop\\rockgames\\node_modules\\.micromark-util-subtokenize-jgeNFLyG',
1546 silly reify   'C:\\Users\\reymi\\Desktop\\rockgames\\node_modules\\ms': 'C:\\Users\\reymi\\Desktop\\rockgames\\node_modules\\.ms-kMb4p1aU',
1546 silly reify   'C:\\Users\\reymi\\Desktop\\rockgames\\node_modules\\neotraverse': 'C:\\Users\\reymi\\Desktop\\rockgames\\node_modules\\.neotraverse-McODh6yv',
1546 silly reify   'C:\\Users\\reymi\\Desktop\\rockgames\\node_modules\\node-releases': 'C:\\Users\\reymi\\Desktop\\rockgames\\node_modules\\.node-releases-0DKdbv6X',
1546 silly reify   'C:\\Users\\reymi\\Desktop\\rockgames\\node_modules\\p-limit': 'C:\\Users\\reymi\\Desktop\\rockgames\\node_modules\\.p-limit-jQi2AFWc',
1546 silly reify   'C:\\Users\\reymi\\Desktop\\rockgames\\node_modules\\p-queue': 'C:\\Users\\reymi\\Desktop\\rockgames\\node_modules\\.p-queue-e7pRLWqq',
1546 silly reify   'C:\\Users\\reymi\\Desktop\\rockgames\\node_modules\\p-timeout': 'C:\\Users\\reymi\\Desktop\\rockgames\\node_modules\\.p-timeout-JamBUj6m',
1546 silly reify   'C:\\Users\\reymi\\Desktop\\rockgames\\node_modules\\parse-latin': 'C:\\Users\\reymi\\Desktop\\rockgames\\node_modules\\.parse-latin-BEscT1NA',
1546 silly reify   'C:\\Users\\reymi\\Desktop\\rockgames\\node_modules\\parse5': 'C:\\Users\\reymi\\Desktop\\rockgames\\node_modules\\.parse5-Qpb21cY8',
1546 silly reify   'C:\\Users\\reymi\\Desktop\\rockgames\\node_modules\\prompts': 'C:\\Users\\reymi\\Desktop\\rockgames\\node_modules\\.prompts-j34J6i84',
1546 silly reify   'C:\\Users\\reymi\\Desktop\\rockgames\\node_modules\\react-refresh': 'C:\\Users\\reymi\\Desktop\\rockgames\\node_modules\\.react-refresh-6VftOLpK',
1546 silly reify   'C:\\Users\\reymi\\Desktop\\rockgames\\node_modules\\rehype': 'C:\\Users\\reymi\\Desktop\\rockgames\\node_modules\\.rehype-ctZJU8SN',
1546 silly reify   'C:\\Users\\reymi\\Desktop\\rockgames\\node_modules\\rehype-parse': 'C:\\Users\\reymi\\Desktop\\rockgames\\node_modules\\.rehype-parse-qfR8q9vj',
1546 silly reify   'C:\\Users\\reymi\\Desktop\\rockgames\\node_modules\\rehype-raw': 'C:\\Users\\reymi\\Desktop\\rockgames\\node_modules\\.rehype-raw-JTDsbgnM',
1546 silly reify   'C:\\Users\\reymi\\Desktop\\rockgames\\node_modules\\rehype-stringify': 'C:\\Users\\reymi\\Desktop\\rockgames\\node_modules\\.rehype-stringify-RcKADMgO',
1546 silly reify   'C:\\Users\\reymi\\Desktop\\rockgames\\node_modules\\remark-gfm': 'C:\\Users\\reymi\\Desktop\\rockgames\\node_modules\\.remark-gfm-WKoIaJte',
1546 silly reify   'C:\\Users\\reymi\\Desktop\\rockgames\\node_modules\\remark-parse': 'C:\\Users\\reymi\\Desktop\\rockgames\\node_modules\\.remark-parse-FTSRX1Qj',
1546 silly reify   'C:\\Users\\reymi\\Desktop\\rockgames\\node_modules\\remark-rehype': 'C:\\Users\\reymi\\Desktop\\rockgames\\node_modules\\.remark-rehype-eux1sSKV',
1546 silly reify   'C:\\Users\\reymi\\Desktop\\rockgames\\node_modules\\remark-smartypants': 'C:\\Users\\reymi\\Desktop\\rockgames\\node_modules\\.remark-smartypants-sAJM7d7E',
1546 silly reify   'C:\\Users\\reymi\\Desktop\\rockgames\\node_modules\\remark-stringify': 'C:\\Users\\reymi\\Desktop\\rockgames\\node_modules\\.remark-stringify-DdRGS4Ey',
1546 silly reify   'C:\\Users\\reymi\\Desktop\\rockgames\\node_modules\\retext': 'C:\\Users\\reymi\\Desktop\\rockgames\\node_modules\\.retext-M8738y1s',
1546 silly reify   'C:\\Users\\reymi\\Desktop\\rockgames\\node_modules\\retext-latin': 'C:\\Users\\reymi\\Desktop\\rockgames\\node_modules\\.retext-latin-LX5aa70F',
1546 silly reify   'C:\\Users\\reymi\\Desktop\\rockgames\\node_modules\\retext-stringify': 'C:\\Users\\reymi\\Desktop\\rockgames\\node_modules\\.retext-stringify-MH3e9F9Z',
1546 silly reify   'C:\\Users\\reymi\\Desktop\\rockgames\\node_modules\\rollup': 'C:\\Users\\reymi\\Desktop\\rockgames\\node_modules\\.rollup-sqiRHxMe',
1546 silly reify   'C:\\Users\\reymi\\Desktop\\rockgames\\node_modules\\.bin\\rollup': 'C:\\Users\\reymi\\Desktop\\rockgames\\node_modules\\.bin\\.rollup-dGIewGr5',
1546 silly reify   'C:\\Users\\reymi\\Desktop\\rockgames\\node_modules\\.bin\\rollup.cmd': 'C:\\Users\\reymi\\Desktop\\rockgames\\node_modules\\.bin\\.rollup.cmd-OCQ6S74P',
1546 silly reify   'C:\\Users\\reymi\\Desktop\\rockgames\\node_modules\\.bin\\rollup.ps1': 'C:\\Users\\reymi\\Desktop\\rockgames\\node_modules\\.bin\\.rollup.ps1-3MMCvBXQ',
1546 silly reify   'C:\\Users\\reymi\\Desktop\\rockgames\\node_modules\\semver': 'C:\\Users\\reymi\\Desktop\\rockgames\\node_modules\\.semver-1zKXNzeF',
1546 silly reify   'C:\\Users\\reymi\\Desktop\\rockgames\\node_modules\\.bin\\semver': 'C:\\Users\\reymi\\Desktop\\rockgames\\node_modules\\.bin\\.semver-1bp8FGFI',
1546 silly reify   'C:\\Users\\reymi\\Desktop\\rockgames\\node_modules\\.bin\\semver.cmd': 'C:\\Users\\reymi\\Desktop\\rockgames\\node_modules\\.bin\\.semver.cmd-F4fxghii',
1546 silly reify   'C:\\Users\\reymi\\Desktop\\rockgames\\node_modules\\.bin\\semver.ps1': 'C:\\Users\\reymi\\Desktop\\rockgames\\node_modules\\.bin\\.semver.ps1-drSZxDIe',
1546 silly reify   'C:\\Users\\reymi\\Desktop\\rockgames\\node_modules\\sharp': 'C:\\Users\\reymi\\Desktop\\rockgames\\node_modules\\.sharp-BfM43rKB',
1546 silly reify   'C:\\Users\\reymi\\Desktop\\rockgames\\node_modules\\shiki': 'C:\\Users\\reymi\\Desktop\\rockgames\\node_modules\\.shiki-QoqSOoJK',
1546 silly reify   'C:\\Users\\reymi\\Desktop\\rockgames\\node_modules\\string-width': 'C:\\Users\\reymi\\Desktop\\rockgames\\node_modules\\.string-width-YSdI0O6a',
1546 silly reify   'C:\\Users\\reymi\\Desktop\\rockgames\\node_modules\\strip-ansi': 'C:\\Users\\reymi\\Desktop\\rockgames\\node_modules\\.strip-ansi-MiOO3Gsv',
1546 silly reify   'C:\\Users\\reymi\\Desktop\\rockgames\\node_modules\\tsconfck': 'C:\\Users\\reymi\\Desktop\\rockgames\\node_modules\\.tsconfck-NWXO3JYz',
1546 silly reify   'C:\\Users\\reymi\\Desktop\\rockgames\\node_modules\\.bin\\tsconfck': 'C:\\Users\\reymi\\Desktop\\rockgames\\node_modules\\.bin\\.tsconfck-pj3tOrCC',
1546 silly reify   'C:\\Users\\reymi\\Desktop\\rockgames\\node_modules\\.bin\\tsconfck.cmd': 'C:\\Users\\reymi\\Desktop\\rockgames\\node_modules\\.bin\\.tsconfck.cmd-6tBWNH6t',
1546 silly reify   'C:\\Users\\reymi\\Desktop\\rockgames\\node_modules\\.bin\\tsconfck.ps1': 'C:\\Users\\reymi\\Desktop\\rockgames\\node_modules\\.bin\\.tsconfck.ps1-7mRdRfsB',
1546 silly reify   'C:\\Users\\reymi\\Desktop\\rockgames\\node_modules\\type-fest': 'C:\\Users\\reymi\\Desktop\\rockgames\\node_modules\\.type-fest-xt3yhZdt',
1546 silly reify   'C:\\Users\\reymi\\Desktop\\rockgames\\node_modules\\unist-util-find-after': 'C:\\Users\\reymi\\Desktop\\rockgames\\node_modules\\.unist-util-find-after-MBQkCS0V',
1546 silly reify   'C:\\Users\\reymi\\Desktop\\rockgames\\node_modules\\unist-util-modify-children': 'C:\\Users\\reymi\\Desktop\\rockgames\\node_modules\\.unist-util-modify-children-jJzOFMS7',
1546 silly reify   'C:\\Users\\reymi\\Desktop\\rockgames\\node_modules\\unist-util-remove-position': 'C:\\Users\\reymi\\Desktop\\rockgames\\node_modules\\.unist-util-remove-position-e1395gN2',
1546 silly reify   'C:\\Users\\reymi\\Desktop\\rockgames\\node_modules\\unist-util-visit-children': 'C:\\Users\\reymi\\Desktop\\rockgames\\node_modules\\.unist-util-visit-children-hUlmbChH',
1546 silly reify   'C:\\Users\\reymi\\Desktop\\rockgames\\node_modules\\update-browserslist-db': 'C:\\Users\\reymi\\Desktop\\rockgames\\node_modules\\.update-browserslist-db-YOD11A7W',
1546 silly reify   'C:\\Users\\reymi\\Desktop\\rockgames\\node_modules\\.bin\\update-browserslist-db': 'C:\\Users\\reymi\\Desktop\\rockgames\\node_modules\\.bin\\.update-browserslist-db-vajowJZP',
1546 silly reify   'C:\\Users\\reymi\\Desktop\\rockgames\\node_modules\\.bin\\update-browserslist-db.cmd': 'C:\\Users\\reymi\\Desktop\\rockgames\\node_modules\\.bin\\.update-browserslist-db.cmd-eI13o15O',
1546 silly reify   'C:\\Users\\reymi\\Desktop\\rockgames\\node_modules\\.bin\\update-browserslist-db.ps1': 'C:\\Users\\reymi\\Desktop\\rockgames\\node_modules\\.bin\\.update-browserslist-db.ps1-YbaeFAtJ',
1546 silly reify   'C:\\Users\\reymi\\Desktop\\rockgames\\node_modules\\vfile-location': 'C:\\Users\\reymi\\Desktop\\rockgames\\node_modules\\.vfile-location-RvcT06G6',
1546 silly reify   'C:\\Users\\reymi\\Desktop\\rockgames\\node_modules\\vite': 'C:\\Users\\reymi\\Desktop\\rockgames\\node_modules\\.vite-neAZNWOk',
1546 silly reify   'C:\\Users\\reymi\\Desktop\\rockgames\\node_modules\\.bin\\vite': 'C:\\Users\\reymi\\Desktop\\rockgames\\node_modules\\.bin\\.vite-3zjFUrWY',
1546 silly reify   'C:\\Users\\reymi\\Desktop\\rockgames\\node_modules\\.bin\\vite.cmd': 'C:\\Users\\reymi\\Desktop\\rockgames\\node_modules\\.bin\\.vite.cmd-mb9g8wEL',
1546 silly reify   'C:\\Users\\reymi\\Desktop\\rockgames\\node_modules\\.bin\\vite.ps1': 'C:\\Users\\reymi\\Desktop\\rockgames\\node_modules\\.bin\\.vite.ps1-RYehy9og',
1546 silly reify   'C:\\Users\\reymi\\Desktop\\rockgames\\node_modules\\web-namespaces': 'C:\\Users\\reymi\\Desktop\\rockgames\\node_modules\\.web-namespaces-0euU4dl9',
1546 silly reify   'C:\\Users\\reymi\\Desktop\\rockgames\\node_modules\\which-pm-runs': 'C:\\Users\\reymi\\Desktop\\rockgames\\node_modules\\.which-pm-runs-LA5n6qUU',
1546 silly reify   'C:\\Users\\reymi\\Desktop\\rockgames\\node_modules\\widest-line': 'C:\\Users\\reymi\\Desktop\\rockgames\\node_modules\\.widest-line-um4p4rGm',
1546 silly reify   'C:\\Users\\reymi\\Desktop\\rockgames\\node_modules\\wrap-ansi': 'C:\\Users\\reymi\\Desktop\\rockgames\\node_modules\\.wrap-ansi-vAn1lEVe',
1546 silly reify   'C:\\Users\\reymi\\Desktop\\rockgames\\node_modules\\yallist': 'C:\\Users\\reymi\\Desktop\\rockgames\\node_modules\\.yallist-S9P8mOSL',
1546 silly reify   'C:\\Users\\reymi\\Desktop\\rockgames\\node_modules\\yargs-parser': 'C:\\Users\\reymi\\Desktop\\rockgames\\node_modules\\.yargs-parser-HLn4PiEC',
1546 silly reify   'C:\\Users\\reymi\\Desktop\\rockgames\\node_modules\\yocto-spinner': 'C:\\Users\\reymi\\Desktop\\rockgames\\node_modules\\.yocto-spinner-fx1FKMdb',
1546 silly reify   'C:\\Users\\reymi\\Desktop\\rockgames\\node_modules\\yoctocolors': 'C:\\Users\\reymi\\Desktop\\rockgames\\node_modules\\.yoctocolors-N9VIbF7f',
1546 silly reify   'C:\\Users\\reymi\\Desktop\\rockgames\\node_modules\\zod': 'C:\\Users\\reymi\\Desktop\\rockgames\\node_modules\\.zod-oOUhyfcV',
1546 silly reify   'C:\\Users\\reymi\\Desktop\\rockgames\\node_modules\\zod-to-json-schema': 'C:\\Users\\reymi\\Desktop\\rockgames\\node_modules\\.zod-to-json-schema-8Sh1RSq1',
1546 silly reify   'C:\\Users\\reymi\\Desktop\\rockgames\\node_modules\\zod-to-ts': 'C:\\Users\\reymi\\Desktop\\rockgames\\node_modules\\.zod-to-ts-NmzyslEJ'
1546 silly reify }
1547 silly audit bulk request {
1547 silly audit   '@babel/helper-string-parser': [ '7.29.7' ],
1547 silly audit   '@babel/helper-validator-identifier': [ '7.29.7' ],
1547 silly audit   '@babel/parser': [ '7.29.9' ],
1547 silly audit   '@babel/types': [ '7.29.8' ],
1547 silly audit   '@capsizecss/unpack': [ '4.0.1' ],
1547 silly audit   '@emnapi/runtime': [ '1.11.3', '1.11.1' ],
1547 silly audit   '@fontsource-variable/google-sans': [ '5.3.1' ],
1547 silly audit   '@fontsource-variable/google-sans-flex': [ '5.3.1' ],
1547 silly audit   '@jridgewell/gen-mapping': [ '0.3.13' ],
1547 silly audit   '@jridgewell/remapping': [ '2.3.5' ],
1547 silly audit   '@jridgewell/resolve-uri': [ '3.1.2' ],
1547 silly audit   '@jridgewell/sourcemap-codec': [ '1.6.0' ],
1547 silly audit   '@jridgewell/trace-mapping': [ '0.3.31' ],
1547 silly audit   '@oslojs/encoding': [ '1.1.0' ],
1547 silly audit   '@tailwindcss/node': [ '4.3.3' ],
1547 silly audit   '@tailwindcss/oxide': [ '4.3.3' ],
1547 silly audit   '@tailwindcss/oxide-android-arm64': [ '4.3.3' ],
1547 silly audit   '@tailwindcss/oxide-darwin-arm64': [ '4.3.3' ],
1547 silly audit   '@tailwindcss/oxide-darwin-x64': [ '4.3.3' ],
1547 silly audit   '@tailwindcss/oxide-freebsd-x64': [ '4.3.3' ],
1547 silly audit   '@tailwindcss/oxide-linux-arm-gnueabihf': [ '4.3.3' ],
1547 silly audit   '@tailwindcss/oxide-linux-arm64-gnu': [ '4.3.3' ],
1547 silly audit   '@tailwindcss/oxide-linux-arm64-musl': [ '4.3.3' ],
1547 silly audit   '@tailwindcss/oxide-linux-x64-gnu': [ '4.3.3' ],
1547 silly audit   '@tailwindcss/oxide-linux-x64-musl': [ '4.3.3' ],
1547 silly audit   '@tailwindcss/oxide-wasm32-wasi': [ '4.3.3' ],
1547 silly audit   '@tailwindcss/oxide-win32-arm64-msvc': [ '4.3.3' ],
1547 silly audit   '@tailwindcss/oxide-win32-x64-msvc': [ '4.3.3' ],
1547 silly audit   '@tailwindcss/vite': [ '4.3.3' ],
1547 silly audit   '@types/react': [ '19.3.0' ],
1547 silly audit   '@types/react-dom': [ '19.3.0' ],
1547 silly audit   anymatch: [ '3.1.3' ],
1547 silly audit   picomatch: [ '2.3.2', '4.0.7' ],
1547 silly audit   'aria-query': [ '5.3.2' ],
1547 silly audit   'axobject-query': [ '4.1.0' ],
1547 silly audit   boolbase: [ '1.0.0' ],
1547 silly audit   chokidar: [ '5.0.0' ],
1547 silly audit   clsx: [ '2.1.1' ],
1547 silly audit   commander: [ '11.1.0' ],
1547 silly audit   'cookie-es': [ '1.2.3' ],
1547 silly audit   crossws: [ '0.3.5' ],
1547 silly audit   'css-select': [ '6.0.0' ],
1547 silly audit   'css-tree': [ '3.2.1', '2.2.1' ],
1547 silly audit   'css-what': [ '7.0.0' ],
1547 silly audit   csso: [ '5.0.5' ],
1547 silly audit   'mdn-data': [ '2.0.28', '2.27.1' ],
1547 silly audit   csstype: [ '3.2.3' ],
1547 silly audit   defu: [ '6.1.7' ],
1547 silly audit   destr: [ '2.0.5' ],
1547 silly audit   'detect-libc': [ '2.1.2' ],
1547 silly audit   devalue: [ '5.9.4' ],
1547 silly audit   'dom-serializer': [ '2.0.0' ],
1547 silly audit   entities: [ '4.5.0' ],
1547 silly audit   domelementtype: [ '2.3.0' ],
1547 silly audit   domhandler: [ '5.0.3' ],
1547 silly audit   domutils: [ '3.2.2' ],
1547 silly audit   'enhanced-resolve': [ '5.26.0' ],
1547 silly audit   fdir: [ '6.5.0' ],
1547 silly audit   flattie: [ '1.1.1' ],
1547 silly audit   fontace: [ '0.4.1' ],
1547 silly audit   fontkitten: [ '1.0.3' ],
1547 silly audit   'graceful-fs': [ '4.2.11' ],
1547 silly audit   gsap: [ '3.15.0' ],
1547 silly audit   h3: [ '1.15.11' ],
1547 silly audit   'html-escaper': [ '3.0.3' ],
1547 silly audit   'http-cache-semantics': [ '4.2.0' ],
1547 silly audit   'iron-webcrypto': [ '1.2.1' ],
1547 silly audit   jiti: [ '2.7.0' ],
1547 silly audit   lightningcss: [ '1.32.0', '1.33.0' ],
1547 silly audit   'lightningcss-android-arm64': [ '1.32.0', '1.33.0' ],
1547 silly audit   'lightningcss-darwin-arm64': [ '1.32.0', '1.33.0' ],
1547 silly audit   'lightningcss-darwin-x64': [ '1.32.0', '1.33.0' ],
1547 silly audit   'lightningcss-freebsd-x64': [ '1.32.0', '1.33.0' ],
1547 silly audit   'lightningcss-linux-arm-gnueabihf': [ '1.32.0', '1.33.0' ],
1547 silly audit   'lightningcss-linux-arm64-gnu': [ '1.32.0', '1.33.0' ],
1547 silly audit   'lightningcss-linux-arm64-musl': [ '1.32.0', '1.33.0' ],
1547 silly audit   'lightningcss-linux-x64-gnu': [ '1.32.0', '1.33.0' ],
1547 silly audit   'lightningcss-linux-x64-musl': [ '1.32.0', '1.33.0' ],
1547 silly audit   'lightningcss-win32-arm64-msvc': [ '1.32.0', '1.33.0' ],
1547 silly audit   'lightningcss-win32-x64-msvc': [ '1.32.0', '1.33.0' ],
1547 silly audit   'lru-cache': [ '11.5.3' ],
1547 silly audit   'magic-string': [ '0.30.21', '1.4.2' ],
1547 silly audit   magicast: [ '0.5.5' ],
1547 silly audit   mrmime: [ '2.0.1' ],
1547 silly audit   nanoid: [ '3.3.19' ],
1547 silly audit   'node-fetch-native': [ '1.6.7' ],
1547 silly audit   'node-mock-http': [ '1.0.5' ],
1547 silly audit   'normalize-path': [ '3.0.0' ],
1547 silly audit   'nth-check': [ '2.1.1' ],
1547 silly audit   ofetch: [ '1.5.1' ],
1547 silly audit   ohash: [ '2.0.12' ],
1547 silly audit   'package-manager-detector': [ '1.8.0' ],
1547 silly audit   piccolore: [ '0.1.3' ],
1547 silly audit   picocolors: [ '1.1.1' ],
1547 silly audit   postcss: [ '8.5.28' ],
1547 silly audit   radix3: [ '1.1.2' ],
1547 silly audit   react: [ '19.3.0' ],
1547 silly audit   'react-dom': [ '19.3.0' ],
1547 silly audit   readdirp: [ '5.1.1' ],
1547 silly audit   sax: [ '1.6.1' ],
1547 silly audit   scheduler: [ '0.28.0' ],
1547 silly audit   'source-map-js': [ '1.2.2' ],
1547 silly audit   svgo: [ '4.1.0' ],
1547 silly audit   tailwindcss: [ '4.3.3' ],
1547 silly audit   tapable: [ '2.3.3' ],
1547 silly audit   'tiny-inflate': [ '1.0.3' ],
1547 silly audit   tinyexec: [ '1.3.1' ],
1547 silly audit   tinyglobby: [ '0.2.17' ],
1547 silly audit   tslib: [ '2.8.1' ],
1547 silly audit   typescript: [ '5.9.3' ],
1547 silly audit   ufo: [ '1.6.4' ],
1547 silly audit   ultrahtml: [ '1.7.0' ],
1547 silly audit   uncrypto: [ '0.1.3' ],
1547 silly audit   undici: [ '8.11.2' ],
1547 silly audit   unifont: [ '0.7.5' ],
1547 silly audit   unstorage: [ '1.17.5' ],
1547 silly audit   vitefu: [ '1.1.3' ],
1547 silly audit   'xxhash-wasm': [ '1.1.0' ],
1547 silly audit   '@astrojs/react': [ '7.0.0' ],
1547 silly audit   astro: [ '7.3.5' ],
1547 silly audit   '@astrojs/internal-helpers': [ '0.11.0' ],
1547 silly audit   '@vitejs/plugin-react': [ '6.1.1' ],
1547 silly audit   vite: [ '8.3.2' ],
1547 silly audit   '@types/hast': [ '3.0.5' ],
1547 silly audit   '@types/mdast': [ '4.0.4' ],
1547 silly audit   'js-yaml': [ '4.3.2' ],
1547 silly audit   'retext-smartypants': [ '6.2.0' ],
1547 silly audit   shiki: [ '4.5.0' ],
1547 silly audit   'smol-toml': [ '1.9.0' ],
1547 silly audit   unified: [ '11.0.5' ],
1547 silly audit   '@types/unist': [ '3.0.3' ],
1547 silly audit   '@rolldown/pluginutils': [ '1.0.1' ],
1547 silly audit   '@astrojs/compiler-rs': [ '0.5.1' ],
1547 silly audit   '@astrojs/markdown-satteri': [ '0.4.2' ],
1547 silly audit   '@astrojs/telemetry': [ '3.3.3' ],
1547 silly audit   '@clack/prompts': [ '1.8.1' ],
1547 silly audit   'am-i-vibing': [ '0.4.0' ],
1547 silly audit   'ci-info': [ '4.4.0' ],
1547 silly audit   'common-ancestor-path': [ '2.0.0' ],
1547 silly audit   cookie: [ '2.0.1' ],
1547 silly audit   diff: [ '9.0.0' ],
1547 silly audit   dset: [ '3.1.4' ],
1547 silly audit   'es-module-lexer': [ '2.3.2' ],
1547 silly audit   esbuild: [ '0.28.2' ],
1547 silly audit   'find-proc': [ '0.2.0' ],
1547 silly audit   'get-tsconfig': [ '5.0.0-beta.4' ],
1547 silly audit   'github-slugger': [ '2.0.0' ],
1547 silly audit   'jsonc-parser': [ '3.3.1' ],
1547 silly audit   neotraverse: [ '1.0.1' ],
1547 silly audit   obug: [ '3.0.0' ],
1547 silly audit   'p-limit': [ '7.3.3' ],
1547 silly audit   'p-queue': [ '9.3.3' ],
1547 silly audit   sharp: [ '0.35.5' ],
1547 silly audit   tinyclip: [ '1.0.3' ],
1547 silly audit   verkit: [ '0.4.1' ],
1547 silly audit   'yargs-parser': [ '22.0.0' ],
1547 silly audit   zod: [ '4.6.5' ],
1547 silly audit   '@astrojs/compiler-binding': [ '0.5.1' ],
1547 silly audit   '@astrojs/compiler-binding-android-arm64': [ '0.5.1' ],
1547 silly audit   '@astrojs/compiler-binding-darwin-arm64': [ '0.5.1' ],
1547 silly audit   '@astrojs/compiler-binding-darwin-x64': [ '0.5.1' ],
1547 silly audit   '@astrojs/compiler-binding-linux-arm64-gnu': [ '0.5.1' ],
1547 silly audit   '@astrojs/compiler-binding-linux-arm64-musl': [ '0.5.1' ],
1547 silly audit   '@astrojs/compiler-binding-linux-x64-gnu': [ '0.5.1' ],
1547 silly audit   '@astrojs/compiler-binding-linux-x64-musl': [ '0.5.1' ],
1547 silly audit   '@astrojs/compiler-binding-wasm32-wasi': [ '0.5.1' ],
1547 silly audit   '@astrojs/compiler-binding-win32-arm64-msvc': [ '0.5.1' ],
1547 silly audit   '@astrojs/compiler-binding-win32-x64-msvc': [ '0.5.1' ],
1547 silly audit   '@emnapi/core': [ '1.11.3', '1.11.1' ],
1547 silly audit   '@napi-rs/wasm-runtime': [ '1.2.4' ],
1547 silly audit   '@astrojs/prism': [ '4.0.2' ],
1547 silly audit   satteri: [ '0.10.5' ],
1547 silly audit   prismjs: [ '1.30.0' ],
1547 silly audit   'is-docker': [ '4.0.0' ],
1547 silly audit   '@clack/core': [ '1.5.1' ],
1547 silly audit   'fast-string-width': [ '3.0.2' ],
1547 silly audit   'fast-wrap-ansi': [ '0.2.2' ],
1547 silly audit   sisteransi: [ '1.0.5' ],
1547 silly audit   '@emnapi/wasi-threads': [ '1.2.3', '1.2.2' ],
1547 silly audit   '@tybys/wasm-util': [ '0.10.4' ],
1547 silly audit   'process-ancestry': [ '0.1.0' ],
1547 silly audit   '@esbuild/aix-ppc64': [ '0.28.2' ],
1547 silly audit   '@esbuild/android-arm': [ '0.28.2' ],
1547 silly audit   '@esbuild/android-arm64': [ '0.28.2' ],
1547 silly audit   '@esbuild/android-x64': [ '0.28.2' ],
1547 silly audit   '@esbuild/darwin-arm64': [ '0.28.2' ],
1547 silly audit   '@esbuild/darwin-x64': [ '0.28.2' ],
1547 silly audit   '@esbuild/freebsd-arm64': [ '0.28.2' ],
1547 silly audit   '@esbuild/freebsd-x64': [ '0.28.2' ],
1547 silly audit   '@esbuild/linux-arm': [ '0.28.2' ],
1547 silly audit   '@esbuild/linux-arm64': [ '0.28.2' ],
1547 silly audit   '@esbuild/linux-ia32': [ '0.28.2' ],
1547 silly audit   '@esbuild/linux-loong64': [ '0.28.2' ],
1547 silly audit   '@esbuild/linux-mips64el': [ '0.28.2' ],
1547 silly audit   '@esbuild/linux-ppc64': [ '0.28.2' ],
1547 silly audit   '@esbuild/linux-riscv64': [ '0.28.2' ],
1547 silly audit   '@esbuild/linux-s390x': [ '0.28.2' ],
1547 silly audit   '@esbuild/linux-x64': [ '0.28.2' ],
1547 silly audit   '@esbuild/netbsd-arm64': [ '0.28.2' ],
1547 silly audit   '@esbuild/netbsd-x64': [ '0.28.2' ],
1547 silly audit   '@esbuild/openbsd-arm64': [ '0.28.2' ],
1547 silly audit   '@esbuild/openbsd-x64': [ '0.28.2' ],
1547 silly audit   '@esbuild/openharmony-arm64': [ '0.28.2' ],
1547 silly audit   '@esbuild/sunos-x64': [ '0.28.2' ],
1547 silly audit   '@esbuild/win32-arm64': [ '0.28.2' ],
1547 silly audit   '@esbuild/win32-ia32': [ '0.28.2' ],
1547 silly audit   '@esbuild/win32-x64': [ '0.28.2' ],
1547 silly audit   'fast-string-truncated-width': [ '3.0.3' ],
1547 silly audit   'resolve-pkg-maps': [ '1.0.0' ],
1547 silly audit   argparse: [ '2.0.1' ],
1547 silly audit   'yocto-queue': [ '1.2.2' ],
1547 silly audit   eventemitter3: [ '5.0.4' ],
1547 silly audit   'p-timeout': [ '7.0.2' ],
1547 silly audit   '@types/nlcst': [ '2.0.3' ],
1547 silly audit   'nlcst-to-string': [ '4.0.0' ],
1547 silly audit   'unist-util-visit': [ '5.1.0' ],
1547 silly audit   '@bruits/satteri-darwin-arm64': [ '0.10.5' ],
1547 silly audit   '@bruits/satteri-darwin-x64': [ '0.10.5' ],
1547 silly audit   '@bruits/satteri-linux-arm64-gnu': [ '0.10.5' ],
1547 silly audit   '@bruits/satteri-linux-arm64-musl': [ '0.10.5' ],
1547 silly audit   '@bruits/satteri-linux-x64-gnu': [ '0.10.5' ],
1547 silly audit   '@bruits/satteri-linux-x64-musl': [ '0.10.5' ],
1547 silly audit   '@bruits/satteri-wasm32-wasi': [ '0.10.5' ],
1547 silly audit   '@bruits/satteri-win32-arm64-msvc': [ '0.10.5' ],
1547 silly audit   '@bruits/satteri-win32-x64-msvc': [ '0.10.5' ],
1547 silly audit   '@types/estree-jsx': [ '1.0.5' ],
1547 silly audit   '@types/estree': [ '1.0.9' ],
1547 silly audit   '@img/colour': [ '1.1.0' ],
1547 silly audit   '@img/sharp-darwin-arm64': [ '0.35.5' ],
1547 silly audit   '@img/sharp-darwin-x64': [ '0.35.5' ],
1547 silly audit   '@img/sharp-freebsd-wasm32': [ '0.35.5' ],
1547 silly audit   '@img/sharp-libvips-darwin-arm64': [ '1.3.4' ],
1547 silly audit   '@img/sharp-libvips-darwin-x64': [ '1.3.4' ],
1547 silly audit   '@img/sharp-libvips-linux-arm': [ '1.3.4' ],
1547 silly audit   '@img/sharp-libvips-linux-arm64': [ '1.3.4' ],
1547 silly audit   '@img/sharp-libvips-linux-ppc64': [ '1.3.4' ],
1547 silly audit   '@img/sharp-libvips-linux-riscv64': [ '1.3.4' ],
1547 silly audit   '@img/sharp-libvips-linux-s390x': [ '1.3.4' ],
1547 silly audit   '@img/sharp-libvips-linux-x64': [ '1.3.4' ],
1547 silly audit   '@img/sharp-libvips-linuxmusl-arm64': [ '1.3.4' ],
1547 silly audit   '@img/sharp-libvips-linuxmusl-x64': [ '1.3.4' ],
1547 silly audit   '@img/sharp-linux-arm': [ '0.35.5' ],
1547 silly audit   '@img/sharp-linux-arm64': [ '0.35.5' ],
1547 silly audit   '@img/sharp-linux-ppc64': [ '0.35.5' ],
1547 silly audit   '@img/sharp-linux-riscv64': [ '0.35.5' ],
1547 silly audit   '@img/sharp-linux-s390x': [ '0.35.5' ],
1547 silly audit   '@img/sharp-linux-x64': [ '0.35.5' ],
1547 silly audit   '@img/sharp-linuxmusl-arm64': [ '0.35.5' ],
1547 silly audit   '@img/sharp-linuxmusl-x64': [ '0.35.5' ],
1547 silly audit   '@img/sharp-webcontainers-wasm32': [ '0.35.5' ],
1547 silly audit   '@img/sharp-win32-arm64': [ '0.35.5' ],
1547 silly audit   '@img/sharp-win32-ia32': [ '0.35.5' ],
1547 silly audit   '@img/sharp-win32-x64': [ '0.35.5' ],
1547 silly audit   semver: [ '7.8.5' ],
1547 silly audit   '@img/sharp-wasm32': [ '0.35.5' ],
1547 silly audit   '@shikijs/core': [ '4.5.0' ],
1547 silly audit   '@shikijs/engine-javascript': [ '4.5.0' ],
1547 silly audit   '@shikijs/engine-oniguruma': [ '4.5.0' ],
1547 silly audit   '@shikijs/langs': [ '4.5.0' ],
1547 silly audit   '@shikijs/themes': [ '4.5.0' ],
1547 silly audit   '@shikijs/types': [ '4.5.0' ],
1547 silly audit   '@shikijs/vscode-textmate': [ '10.0.2' ],
1547 silly audit   '@shikijs/primitive': [ '4.5.0' ],
1547 silly audit   'hast-util-to-html': [ '9.0.5' ],
1547 silly audit   'oniguruma-to-es': [ '4.3.6' ],
1547 silly audit   ccount: [ '2.0.1' ],
1547 silly audit   'comma-separated-tokens': [ '2.0.3' ],
1547 silly audit   'hast-util-whitespace': [ '3.0.0' ],
1547 silly audit   'html-void-elements': [ '3.0.0' ],
1547 silly audit   'mdast-util-to-hast': [ '13.2.1' ],
1547 silly audit   'property-information': [ '7.2.0' ],
1547 silly audit   'space-separated-tokens': [ '2.0.2' ],
1547 silly audit   'stringify-entities': [ '4.0.4' ],
1547 silly audit   zwitch: [ '2.0.4' ],
1547 silly audit   '@ungap/structured-clone': [ '1.4.0' ],
1547 silly audit   devlop: [ '1.1.0' ],
1547 silly audit   'micromark-util-sanitize-uri': [ '2.0.1' ],
1547 silly audit   'trim-lines': [ '3.0.1' ],
1547 silly audit   'unist-util-position': [ '5.0.0' ],
1547 silly audit   vfile: [ '6.0.3' ],
1547 silly audit   dequal: [ '2.0.3' ],
1547 silly audit   'micromark-util-character': [ '2.1.1' ],
1547 silly audit   'micromark-util-encode': [ '2.0.1' ],
1547 silly audit   'micromark-util-symbol': [ '2.0.1' ],
1547 silly audit   'micromark-util-types': [ '2.0.3' ],
1547 silly audit   'oniguruma-parser': [ '0.12.2' ],
1547 silly audit   regex: [ '6.1.0' ],
1547 silly audit   'regex-recursion': [ '6.0.2' ],
1547 silly audit   'regex-utilities': [ '2.3.0' ],
1547 silly audit   'character-entities-html4': [ '2.1.0' ],
1547 silly audit   'character-entities-legacy': [ '3.0.0' ],
1547 silly audit   bail: [ '2.0.2' ],
1547 silly audit   extend: [ '3.0.2' ],
1547 silly audit   'is-plain-obj': [ '4.1.0' ],
1547 silly audit   trough: [ '2.2.0' ],
1547 silly audit   'unist-util-is': [ '6.0.1' ],
1547 silly audit   'unist-util-visit-parents': [ '6.0.2' ],
1547 silly audit   'vfile-message': [ '4.0.3' ],
1547 silly audit   'unist-util-stringify-position': [ '4.0.0' ],
1547 silly audit   fsevents: [ '2.3.3' ],
1547 silly audit   rolldown: [ '1.2.12' ],
1547 silly audit   '@oxc-project/types': [ '0.152.0' ],
1547 silly audit   '@rolldown/binding-android-arm-eabi': [ '1.2.12' ],
1547 silly audit   '@rolldown/binding-android-arm64': [ '1.2.12' ],
1547 silly audit   '@rolldown/binding-darwin-arm64': [ '1.2.12' ],
1547 silly audit   '@rolldown/binding-darwin-x64': [ '1.2.12' ],
1547 silly audit   '@rolldown/binding-freebsd-x64': [ '1.2.12' ],
1547 silly audit   '@rolldown/binding-linux-arm-gnueabihf': [ '1.2.12' ],
1547 silly audit   '@rolldown/binding-linux-arm64-gnu': [ '1.2.12' ],
1547 silly audit   '@rolldown/binding-linux-arm64-musl': [ '1.2.12' ],
1547 silly audit   '@rolldown/binding-linux-ppc64-gnu': [ '1.2.12' ],
1547 silly audit   '@rolldown/binding-linux-s390x-gnu': [ '1.2.12' ],
1547 silly audit   '@rolldown/binding-linux-x64-gnu': [ '1.2.12' ],
1547 silly audit   '@rolldown/binding-linux-x64-musl': [ '1.2.12' ],
1547 silly audit   '@rolldown/binding-openharmony-arm64': [ '1.2.12' ],
1547 silly audit   '@rolldown/binding-win32-arm64-msvc': [ '1.2.12' ],
1547 silly audit   '@rolldown/binding-win32-x64-msvc': [ '1.2.12' ]
1547 silly audit }
1548 verbose reify failed optional dependency C:\Users\reymi\Desktop\rockgames\node_modules\@rolldown\binding-win32-arm64-msvc
1549 silly reify mark deleted [
1549 silly reify   'C:\\Users\\reymi\\Desktop\\rockgames\\node_modules\\@rolldown\\binding-win32-arm64-msvc'
1549 silly reify ]
1550 verbose reify failed optional dependency C:\Users\reymi\Desktop\rockgames\node_modules\@rolldown\binding-openharmony-arm64
1551 silly reify mark deleted [
1551 silly reify   'C:\\Users\\reymi\\Desktop\\rockgames\\node_modules\\@rolldown\\binding-openharmony-arm64'
1551 silly reify ]
1552 verbose reify failed optional dependency C:\Users\reymi\Desktop\rockgames\node_modules\@rolldown\binding-linux-x64-musl
1553 silly reify mark deleted [
1553 silly reify   'C:\\Users\\reymi\\Desktop\\rockgames\\node_modules\\@rolldown\\binding-linux-x64-musl'
1553 silly reify ]
1554 verbose reify failed optional dependency C:\Users\reymi\Desktop\rockgames\node_modules\@rolldown\binding-linux-x64-gnu
1555 silly reify mark deleted [
1555 silly reify   'C:\\Users\\reymi\\Desktop\\rockgames\\node_modules\\@rolldown\\binding-linux-x64-gnu'
1555 silly reify ]
1556 verbose reify failed optional dependency C:\Users\reymi\Desktop\rockgames\node_modules\@rolldown\binding-linux-s390x-gnu
1557 silly reify mark deleted [
1557 silly reify   'C:\\Users\\reymi\\Desktop\\rockgames\\node_modules\\@rolldown\\binding-linux-s390x-gnu'
1557 silly reify ]
1558 verbose reify failed optional dependency C:\Users\reymi\Desktop\rockgames\node_modules\@rolldown\binding-linux-ppc64-gnu
1559 silly reify mark deleted [
1559 silly reify   'C:\\Users\\reymi\\Desktop\\rockgames\\node_modules\\@rolldown\\binding-linux-ppc64-gnu'
1559 silly reify ]
1560 verbose reify failed optional dependency C:\Users\reymi\Desktop\rockgames\node_modules\@rolldown\binding-linux-arm64-musl
1561 silly reify mark deleted [
1561 silly reify   'C:\\Users\\reymi\\Desktop\\rockgames\\node_modules\\@rolldown\\binding-linux-arm64-musl'
1561 silly reify ]
1562 verbose reify failed optional dependency C:\Users\reymi\Desktop\rockgames\node_modules\@rolldown\binding-linux-arm64-gnu
1563 silly reify mark deleted [
1563 silly reify   'C:\\Users\\reymi\\Desktop\\rockgames\\node_modules\\@rolldown\\binding-linux-arm64-gnu'
1563 silly reify ]
1564 verbose reify failed optional dependency C:\Users\reymi\Desktop\rockgames\node_modules\@rolldown\binding-linux-arm-gnueabihf
1565 silly reify mark deleted [
1565 silly reify   'C:\\Users\\reymi\\Desktop\\rockgames\\node_modules\\@rolldown\\binding-linux-arm-gnueabihf'
1565 silly reify ]
1566 verbose reify failed optional dependency C:\Users\reymi\Desktop\rockgames\node_modules\@rolldown\binding-freebsd-x64
1567 silly reify mark deleted [
1567 silly reify   'C:\\Users\\reymi\\Desktop\\rockgames\\node_modules\\@rolldown\\binding-freebsd-x64'
1567 silly reify ]
1568 verbose reify failed optional dependency C:\Users\reymi\Desktop\rockgames\node_modules\@rolldown\binding-darwin-x64
1569 silly reify mark deleted [
1569 silly reify   'C:\\Users\\reymi\\Desktop\\rockgames\\node_modules\\@rolldown\\binding-darwin-x64'
1569 silly reify ]
1570 verbose reify failed optional dependency C:\Users\reymi\Desktop\rockgames\node_modules\@rolldown\binding-darwin-arm64
1571 silly reify mark deleted [
1571 silly reify   'C:\\Users\\reymi\\Desktop\\rockgames\\node_modules\\@rolldown\\binding-darwin-arm64'
1571 silly reify ]
1572 verbose reify failed optional dependency C:\Users\reymi\Desktop\rockgames\node_modules\@rolldown\binding-android-arm64
1573 silly reify mark deleted [
1573 silly reify   'C:\\Users\\reymi\\Desktop\\rockgames\\node_modules\\@rolldown\\binding-android-arm64'
1573 silly reify ]
1574 verbose reify failed optional dependency C:\Users\reymi\Desktop\rockgames\node_modules\@rolldown\binding-android-arm-eabi
1575 silly reify mark deleted [
1575 silly reify   'C:\\Users\\reymi\\Desktop\\rockgames\\node_modules\\@rolldown\\binding-android-arm-eabi'
1575 silly reify ]
1576 verbose reify failed optional dependency C:\Users\reymi\Desktop\rockgames\node_modules\@img\sharp-webcontainers-wasm32
1577 silly reify mark deleted [
1577 silly reify   'C:\\Users\\reymi\\Desktop\\rockgames\\node_modules\\@img\\sharp-webcontainers-wasm32'
1577 silly reify ]
1578 verbose reify failed optional dependency C:\Users\reymi\Desktop\rockgames\node_modules\@img\sharp-freebsd-wasm32
1579 silly reify mark deleted [
1579 silly reify   'C:\\Users\\reymi\\Desktop\\rockgames\\node_modules\\@img\\sharp-freebsd-wasm32'
1579 silly reify ]
1580 verbose reify failed optional dependency C:\Users\reymi\Desktop\rockgames\node_modules\@bruits\satteri-win32-arm64-msvc
1581 silly reify mark deleted [
1581 silly reify   'C:\\Users\\reymi\\Desktop\\rockgames\\node_modules\\@bruits\\satteri-win32-arm64-msvc'
1581 silly reify ]
1582 verbose reify failed optional dependency C:\Users\reymi\Desktop\rockgames\node_modules\@bruits\satteri-wasm32-wasi
1583 silly reify mark deleted [
1583 silly reify   'C:\\Users\\reymi\\Desktop\\rockgames\\node_modules\\@bruits\\satteri-wasm32-wasi'
1583 silly reify ]
1584 verbose reify failed optional dependency C:\Users\reymi\Desktop\rockgames\node_modules\@bruits\satteri-wasm32-wasi\node_modules\@emnapi\core
1585 silly reify mark deleted [
1585 silly reify   'C:\\Users\\reymi\\Desktop\\rockgames\\node_modules\\@bruits\\satteri-wasm32-wasi\\node_modules\\@emnapi\\core'
1585 silly reify ]
1586 verbose reify failed optional dependency C:\Users\reymi\Desktop\rockgames\node_modules\@bruits\satteri-wasm32-wasi\node_modules\@emnapi\runtime
1587 silly reify mark deleted [
1587 silly reify   'C:\\Users\\reymi\\Desktop\\rockgames\\node_modules\\@bruits\\satteri-wasm32-wasi\\node_modules\\@emnapi\\runtime'
1587 silly reify ]
1588 verbose reify failed optional dependency C:\Users\reymi\Desktop\rockgames\node_modules\@bruits\satteri-wasm32-wasi\node_modules\@emnapi\wasi-threads
1589 silly reify mark deleted [
1589 silly reify   'C:\\Users\\reymi\\Desktop\\rockgames\\node_modules\\@bruits\\satteri-wasm32-wasi\\node_modules\\@emnapi\\wasi-threads'
1589 silly reify ]
1590 verbose reify failed optional dependency C:\Users\reymi\Desktop\rockgames\node_modules\@bruits\satteri-linux-x64-musl
1591 silly reify mark deleted [
1591 silly reify   'C:\\Users\\reymi\\Desktop\\rockgames\\node_modules\\@bruits\\satteri-linux-x64-musl'
1591 silly reify ]
1592 verbose reify failed optional dependency C:\Users\reymi\Desktop\rockgames\node_modules\@bruits\satteri-linux-x64-gnu
1593 silly reify mark deleted [
1593 silly reify   'C:\\Users\\reymi\\Desktop\\rockgames\\node_modules\\@bruits\\satteri-linux-x64-gnu'
1593 silly reify ]
1594 verbose reify failed optional dependency C:\Users\reymi\Desktop\rockgames\node_modules\@bruits\satteri-linux-arm64-musl
1595 silly reify mark deleted [
1595 silly reify   'C:\\Users\\reymi\\Desktop\\rockgames\\node_modules\\@bruits\\satteri-linux-arm64-musl'
1595 silly reify ]
1596 verbose reify failed optional dependency C:\Users\reymi\Desktop\rockgames\node_modules\@bruits\satteri-linux-arm64-gnu
1597 silly reify mark deleted [
1597 silly reify   'C:\\Users\\reymi\\Desktop\\rockgames\\node_modules\\@bruits\\satteri-linux-arm64-gnu'
1597 silly reify ]
1598 verbose reify failed optional dependency C:\Users\reymi\Desktop\rockgames\node_modules\@bruits\satteri-darwin-x64
1599 silly reify mark deleted [
1599 silly reify   'C:\\Users\\reymi\\Desktop\\rockgames\\node_modules\\@bruits\\satteri-darwin-x64'
1599 silly reify ]
1600 verbose reify failed optional dependency C:\Users\reymi\Desktop\rockgames\node_modules\@bruits\satteri-darwin-arm64
1601 silly reify mark deleted [
1601 silly reify   'C:\\Users\\reymi\\Desktop\\rockgames\\node_modules\\@bruits\\satteri-darwin-arm64'
1601 silly reify ]
1602 verbose reify failed optional dependency C:\Users\reymi\Desktop\rockgames\node_modules\@astrojs\compiler-binding-win32-arm64-msvc
1603 silly reify mark deleted [
1603 silly reify   'C:\\Users\\reymi\\Desktop\\rockgames\\node_modules\\@astrojs\\compiler-binding-win32-arm64-msvc'
1603 silly reify ]
1604 verbose reify failed optional dependency C:\Users\reymi\Desktop\rockgames\node_modules\@astrojs\compiler-binding-wasm32-wasi
1605 silly reify mark deleted [
1605 silly reify   'C:\\Users\\reymi\\Desktop\\rockgames\\node_modules\\@astrojs\\compiler-binding-wasm32-wasi'
1605 silly reify ]
1606 verbose reify failed optional dependency C:\Users\reymi\Desktop\rockgames\node_modules\@astrojs\compiler-binding-linux-x64-musl
1607 silly reify mark deleted [
1607 silly reify   'C:\\Users\\reymi\\Desktop\\rockgames\\node_modules\\@astrojs\\compiler-binding-linux-x64-musl'
1607 silly reify ]
1608 verbose reify failed optional dependency C:\Users\reymi\Desktop\rockgames\node_modules\@astrojs\compiler-binding-linux-x64-gnu
1609 silly reify mark deleted [
1609 silly reify   'C:\\Users\\reymi\\Desktop\\rockgames\\node_modules\\@astrojs\\compiler-binding-linux-x64-gnu'
1609 silly reify ]
1610 verbose reify failed optional dependency C:\Users\reymi\Desktop\rockgames\node_modules\@astrojs\compiler-binding-linux-arm64-musl
1611 silly reify mark deleted [
1611 silly reify   'C:\\Users\\reymi\\Desktop\\rockgames\\node_modules\\@astrojs\\compiler-binding-linux-arm64-musl'
1611 silly reify ]
1612 verbose reify failed optional dependency C:\Users\reymi\Desktop\rockgames\node_modules\@astrojs\compiler-binding-linux-arm64-gnu
1613 silly reify mark deleted [
1613 silly reify   'C:\\Users\\reymi\\Desktop\\rockgames\\node_modules\\@astrojs\\compiler-binding-linux-arm64-gnu'
1613 silly reify ]
1614 verbose reify failed optional dependency C:\Users\reymi\Desktop\rockgames\node_modules\@astrojs\compiler-binding-darwin-x64
1615 silly reify mark deleted [
1615 silly reify   'C:\\Users\\reymi\\Desktop\\rockgames\\node_modules\\@astrojs\\compiler-binding-darwin-x64'
1615 silly reify ]
1616 verbose reify failed optional dependency C:\Users\reymi\Desktop\rockgames\node_modules\@astrojs\compiler-binding-darwin-arm64
1617 silly reify mark deleted [
1617 silly reify   'C:\\Users\\reymi\\Desktop\\rockgames\\node_modules\\@astrojs\\compiler-binding-darwin-arm64'
1617 silly reify ]
1618 verbose reify failed optional dependency C:\Users\reymi\Desktop\rockgames\node_modules\@astrojs\compiler-binding-android-arm64
1619 silly reify mark deleted [
1619 silly reify   'C:\\Users\\reymi\\Desktop\\rockgames\\node_modules\\@astrojs\\compiler-binding-android-arm64'
1619 silly reify ]
1620 verbose reify failed optional dependency C:\Users\reymi\Desktop\rockgames\node_modules\vite\node_modules\lightningcss-win32-arm64-msvc
1621 silly reify mark deleted [
1621 silly reify   'C:\\Users\\reymi\\Desktop\\rockgames\\node_modules\\vite\\node_modules\\lightningcss-win32-arm64-msvc'
1621 silly reify ]
1622 verbose reify failed optional dependency C:\Users\reymi\Desktop\rockgames\node_modules\vite\node_modules\lightningcss-linux-x64-musl
1623 silly reify mark deleted [
1623 silly reify   'C:\\Users\\reymi\\Desktop\\rockgames\\node_modules\\vite\\node_modules\\lightningcss-linux-x64-musl'
1623 silly reify ]
1624 verbose reify failed optional dependency C:\Users\reymi\Desktop\rockgames\node_modules\vite\node_modules\lightningcss-linux-x64-gnu
1625 silly reify mark deleted [
1625 silly reify   'C:\\Users\\reymi\\Desktop\\rockgames\\node_modules\\vite\\node_modules\\lightningcss-linux-x64-gnu'
1625 silly reify ]
1626 verbose reify failed optional dependency C:\Users\reymi\Desktop\rockgames\node_modules\vite\node_modules\lightningcss-linux-arm64-musl
1627 silly reify mark deleted [
1627 silly reify   'C:\\Users\\reymi\\Desktop\\rockgames\\node_modules\\vite\\node_modules\\lightningcss-linux-arm64-musl'
1627 silly reify ]
1628 verbose reify failed optional dependency C:\Users\reymi\Desktop\rockgames\node_modules\vite\node_modules\lightningcss-linux-arm64-gnu
1629 silly reify mark deleted [
1629 silly reify   'C:\\Users\\reymi\\Desktop\\rockgames\\node_modules\\vite\\node_modules\\lightningcss-linux-arm64-gnu'
1629 silly reify ]
1630 verbose reify failed optional dependency C:\Users\reymi\Desktop\rockgames\node_modules\vite\node_modules\lightningcss-linux-arm-gnueabihf
1631 silly reify mark deleted [
1631 silly reify   'C:\\Users\\reymi\\Desktop\\rockgames\\node_modules\\vite\\node_modules\\lightningcss-linux-arm-gnueabihf'
1631 silly reify ]
1632 verbose reify failed optional dependency C:\Users\reymi\Desktop\rockgames\node_modules\vite\node_modules\lightningcss-freebsd-x64
1633 silly reify mark deleted [
1633 silly reify   'C:\\Users\\reymi\\Desktop\\rockgames\\node_modules\\vite\\node_modules\\lightningcss-freebsd-x64'
1633 silly reify ]
1634 verbose reify failed optional dependency C:\Users\reymi\Desktop\rockgames\node_modules\vite\node_modules\lightningcss-darwin-x64
1635 silly reify mark deleted [
1635 silly reify   'C:\\Users\\reymi\\Desktop\\rockgames\\node_modules\\vite\\node_modules\\lightningcss-darwin-x64'
1635 silly reify ]
1636 verbose reify failed optional dependency C:\Users\reymi\Desktop\rockgames\node_modules\vite\node_modules\lightningcss-darwin-arm64
1637 silly reify mark deleted [
1637 silly reify   'C:\\Users\\reymi\\Desktop\\rockgames\\node_modules\\vite\\node_modules\\lightningcss-darwin-arm64'
1637 silly reify ]
1638 verbose reify failed optional dependency C:\Users\reymi\Desktop\rockgames\node_modules\vite\node_modules\lightningcss-android-arm64
1639 silly reify mark deleted [
1639 silly reify   'C:\\Users\\reymi\\Desktop\\rockgames\\node_modules\\vite\\node_modules\\lightningcss-android-arm64'
1639 silly reify ]
1640 verbose reify failed optional dependency C:\Users\reymi\Desktop\rockgames\node_modules\@img\sharp-win32-ia32
1641 silly reify mark deleted [
1641 silly reify   'C:\\Users\\reymi\\Desktop\\rockgames\\node_modules\\@img\\sharp-win32-ia32'
1641 silly reify ]
1642 verbose reify failed optional dependency C:\Users\reymi\Desktop\rockgames\node_modules\@img\sharp-win32-arm64
1643 silly reify mark deleted [
1643 silly reify   'C:\\Users\\reymi\\Desktop\\rockgames\\node_modules\\@img\\sharp-win32-arm64'
1643 silly reify ]
1644 verbose reify failed optional dependency C:\Users\reymi\Desktop\rockgames\node_modules\@img\sharp-linuxmusl-x64
1645 silly reify mark deleted [
1645 silly reify   'C:\\Users\\reymi\\Desktop\\rockgames\\node_modules\\@img\\sharp-linuxmusl-x64'
1645 silly reify ]
1646 verbose reify failed optional dependency C:\Users\reymi\Desktop\rockgames\node_modules\@img\sharp-linuxmusl-arm64
1647 silly reify mark deleted [
1647 silly reify   'C:\\Users\\reymi\\Desktop\\rockgames\\node_modules\\@img\\sharp-linuxmusl-arm64'
1647 silly reify ]
1648 verbose reify failed optional dependency C:\Users\reymi\Desktop\rockgames\node_modules\@img\sharp-linux-x64
1649 silly reify mark deleted [
1649 silly reify   'C:\\Users\\reymi\\Desktop\\rockgames\\node_modules\\@img\\sharp-linux-x64'
1649 silly reify ]
1650 verbose reify failed optional dependency C:\Users\reymi\Desktop\rockgames\node_modules\@img\sharp-linux-s390x
1651 silly reify mark deleted [
1651 silly reify   'C:\\Users\\reymi\\Desktop\\rockgames\\node_modules\\@img\\sharp-linux-s390x'
1651 silly reify ]
1652 verbose reify failed optional dependency C:\Users\reymi\Desktop\rockgames\node_modules\@img\sharp-linux-riscv64
1653 silly reify mark deleted [
1653 silly reify   'C:\\Users\\reymi\\Desktop\\rockgames\\node_modules\\@img\\sharp-linux-riscv64'
1653 silly reify ]
1654 verbose reify failed optional dependency C:\Users\reymi\Desktop\rockgames\node_modules\@img\sharp-linux-ppc64
1655 silly reify mark deleted [
1655 silly reify   'C:\\Users\\reymi\\Desktop\\rockgames\\node_modules\\@img\\sharp-linux-ppc64'
1655 silly reify ]
1656 verbose reify failed optional dependency C:\Users\reymi\Desktop\rockgames\node_modules\@img\sharp-linux-arm64
1657 silly reify mark deleted [
1657 silly reify   'C:\\Users\\reymi\\Desktop\\rockgames\\node_modules\\@img\\sharp-linux-arm64'
1657 silly reify ]
1658 verbose reify failed optional dependency C:\Users\reymi\Desktop\rockgames\node_modules\@img\sharp-linux-arm
1659 silly reify mark deleted [
1659 silly reify   'C:\\Users\\reymi\\Desktop\\rockgames\\node_modules\\@img\\sharp-linux-arm'
1659 silly reify ]
1660 verbose reify failed optional dependency C:\Users\reymi\Desktop\rockgames\node_modules\@img\sharp-libvips-linuxmusl-x64
1661 silly reify mark deleted [
1661 silly reify   'C:\\Users\\reymi\\Desktop\\rockgames\\node_modules\\@img\\sharp-libvips-linuxmusl-x64'
1661 silly reify ]
1662 verbose reify failed optional dependency C:\Users\reymi\Desktop\rockgames\node_modules\@img\sharp-libvips-linuxmusl-arm64
1663 silly reify mark deleted [
1663 silly reify   'C:\\Users\\reymi\\Desktop\\rockgames\\node_modules\\@img\\sharp-libvips-linuxmusl-arm64'
1663 silly reify ]
1664 verbose reify failed optional dependency C:\Users\reymi\Desktop\rockgames\node_modules\@img\sharp-libvips-linux-x64
1665 silly reify mark deleted [
1665 silly reify   'C:\\Users\\reymi\\Desktop\\rockgames\\node_modules\\@img\\sharp-libvips-linux-x64'
1665 silly reify ]
1666 verbose reify failed optional dependency C:\Users\reymi\Desktop\rockgames\node_modules\@img\sharp-libvips-linux-s390x
1667 silly reify mark deleted [
1667 silly reify   'C:\\Users\\reymi\\Desktop\\rockgames\\node_modules\\@img\\sharp-libvips-linux-s390x'
1667 silly reify ]
1668 verbose reify failed optional dependency C:\Users\reymi\Desktop\rockgames\node_modules\@img\sharp-libvips-linux-riscv64
1669 silly reify mark deleted [
1669 silly reify   'C:\\Users\\reymi\\Desktop\\rockgames\\node_modules\\@img\\sharp-libvips-linux-riscv64'
1669 silly reify ]
1670 verbose reify failed optional dependency C:\Users\reymi\Desktop\rockgames\node_modules\@img\sharp-libvips-linux-ppc64
1671 silly reify mark deleted [
1671 silly reify   'C:\\Users\\reymi\\Desktop\\rockgames\\node_modules\\@img\\sharp-libvips-linux-ppc64'
1671 silly reify ]
1672 verbose reify failed optional dependency C:\Users\reymi\Desktop\rockgames\node_modules\@img\sharp-libvips-linux-arm64
1673 silly reify mark deleted [
1673 silly reify   'C:\\Users\\reymi\\Desktop\\rockgames\\node_modules\\@img\\sharp-libvips-linux-arm64'
1673 silly reify ]
1674 verbose reify failed optional dependency C:\Users\reymi\Desktop\rockgames\node_modules\@img\sharp-libvips-linux-arm
1675 silly reify mark deleted [
1675 silly reify   'C:\\Users\\reymi\\Desktop\\rockgames\\node_modules\\@img\\sharp-libvips-linux-arm'
1675 silly reify ]
1676 verbose reify failed optional dependency C:\Users\reymi\Desktop\rockgames\node_modules\@img\sharp-libvips-darwin-x64
1677 silly reify mark deleted [
1677 silly reify   'C:\\Users\\reymi\\Desktop\\rockgames\\node_modules\\@img\\sharp-libvips-darwin-x64'
1677 silly reify ]
1678 verbose reify failed optional dependency C:\Users\reymi\Desktop\rockgames\node_modules\@img\sharp-libvips-darwin-arm64
1679 silly reify mark deleted [
1679 silly reify   'C:\\Users\\reymi\\Desktop\\rockgames\\node_modules\\@img\\sharp-libvips-darwin-arm64'
1679 silly reify ]
1680 verbose reify failed optional dependency C:\Users\reymi\Desktop\rockgames\node_modules\@img\sharp-darwin-x64
1681 silly reify mark deleted [
1681 silly reify   'C:\\Users\\reymi\\Desktop\\rockgames\\node_modules\\@img\\sharp-darwin-x64'
1681 silly reify ]
1682 verbose reify failed optional dependency C:\Users\reymi\Desktop\rockgames\node_modules\@img\sharp-darwin-arm64
1683 silly reify mark deleted [
1683 silly reify   'C:\\Users\\reymi\\Desktop\\rockgames\\node_modules\\@img\\sharp-darwin-arm64'
1683 silly reify ]
1684 verbose reify failed optional dependency C:\Users\reymi\Desktop\rockgames\node_modules\@esbuild\win32-ia32
1685 silly reify mark deleted [
1685 silly reify   'C:\\Users\\reymi\\Desktop\\rockgames\\node_modules\\@esbuild\\win32-ia32'
1685 silly reify ]
1686 verbose reify failed optional dependency C:\Users\reymi\Desktop\rockgames\node_modules\@esbuild\win32-arm64
1687 silly reify mark deleted [
1687 silly reify   'C:\\Users\\reymi\\Desktop\\rockgames\\node_modules\\@esbuild\\win32-arm64'
1687 silly reify ]
1688 verbose reify failed optional dependency C:\Users\reymi\Desktop\rockgames\node_modules\@esbuild\sunos-x64
1689 silly reify mark deleted [
1689 silly reify   'C:\\Users\\reymi\\Desktop\\rockgames\\node_modules\\@esbuild\\sunos-x64'
1689 silly reify ]
1690 verbose reify failed optional dependency C:\Users\reymi\Desktop\rockgames\node_modules\@esbuild\openharmony-arm64
1691 silly reify mark deleted [
1691 silly reify   'C:\\Users\\reymi\\Desktop\\rockgames\\node_modules\\@esbuild\\openharmony-arm64'
1691 silly reify ]
1692 verbose reify failed optional dependency C:\Users\reymi\Desktop\rockgames\node_modules\@esbuild\openbsd-x64
1693 silly reify mark deleted [
1693 silly reify   'C:\\Users\\reymi\\Desktop\\rockgames\\node_modules\\@esbuild\\openbsd-x64'
1693 silly reify ]
1694 verbose reify failed optional dependency C:\Users\reymi\Desktop\rockgames\node_modules\@esbuild\openbsd-arm64
1695 silly reify mark deleted [
1695 silly reify   'C:\\Users\\reymi\\Desktop\\rockgames\\node_modules\\@esbuild\\openbsd-arm64'
1695 silly reify ]
1696 verbose reify failed optional dependency C:\Users\reymi\Desktop\rockgames\node_modules\@esbuild\netbsd-x64
1697 silly reify mark deleted [
1697 silly reify   'C:\\Users\\reymi\\Desktop\\rockgames\\node_modules\\@esbuild\\netbsd-x64'
1697 silly reify ]
1698 verbose reify failed optional dependency C:\Users\reymi\Desktop\rockgames\node_modules\@esbuild\netbsd-arm64
1699 silly reify mark deleted [
1699 silly reify   'C:\\Users\\reymi\\Desktop\\rockgames\\node_modules\\@esbuild\\netbsd-arm64'
1699 silly reify ]
1700 verbose reify failed optional dependency C:\Users\reymi\Desktop\rockgames\node_modules\@esbuild\linux-x64
1701 silly reify mark deleted [
1701 silly reify   'C:\\Users\\reymi\\Desktop\\rockgames\\node_modules\\@esbuild\\linux-x64'
1701 silly reify ]
1702 verbose reify failed optional dependency C:\Users\reymi\Desktop\rockgames\node_modules\@esbuild\linux-s390x
1703 silly reify mark deleted [
1703 silly reify   'C:\\Users\\reymi\\Desktop\\rockgames\\node_modules\\@esbuild\\linux-s390x'
1703 silly reify ]
1704 verbose reify failed optional dependency C:\Users\reymi\Desktop\rockgames\node_modules\@esbuild\linux-riscv64
1705 silly reify mark deleted [
1705 silly reify   'C:\\Users\\reymi\\Desktop\\rockgames\\node_modules\\@esbuild\\linux-riscv64'
1705 silly reify ]
1706 verbose reify failed optional dependency C:\Users\reymi\Desktop\rockgames\node_modules\@esbuild\linux-ppc64
1707 silly reify mark deleted [
1707 silly reify   'C:\\Users\\reymi\\Desktop\\rockgames\\node_modules\\@esbuild\\linux-ppc64'
1707 silly reify ]
1708 verbose reify failed optional dependency C:\Users\reymi\Desktop\rockgames\node_modules\@esbuild\linux-mips64el
1709 silly reify mark deleted [
1709 silly reify   'C:\\Users\\reymi\\Desktop\\rockgames\\node_modules\\@esbuild\\linux-mips64el'
1709 silly reify ]
1710 verbose reify failed optional dependency C:\Users\reymi\Desktop\rockgames\node_modules\@esbuild\linux-loong64
1711 silly reify mark deleted [
1711 silly reify   'C:\\Users\\reymi\\Desktop\\rockgames\\node_modules\\@esbuild\\linux-loong64'
1711 silly reify ]
1712 verbose reify failed optional dependency C:\Users\reymi\Desktop\rockgames\node_modules\@esbuild\linux-ia32
1713 silly reify mark deleted [
1713 silly reify   'C:\\Users\\reymi\\Desktop\\rockgames\\node_modules\\@esbuild\\linux-ia32'
1713 silly reify ]
1714 verbose reify failed optional dependency C:\Users\reymi\Desktop\rockgames\node_modules\@esbuild\linux-arm64
1715 silly reify mark deleted [
1715 silly reify   'C:\\Users\\reymi\\Desktop\\rockgames\\node_modules\\@esbuild\\linux-arm64'
1715 silly reify ]
1716 verbose reify failed optional dependency C:\Users\reymi\Desktop\rockgames\node_modules\@esbuild\linux-arm
1717 silly reify mark deleted [
1717 silly reify   'C:\\Users\\reymi\\Desktop\\rockgames\\node_modules\\@esbuild\\linux-arm'
1717 silly reify ]
1718 verbose reify failed optional dependency C:\Users\reymi\Desktop\rockgames\node_modules\@esbuild\freebsd-x64
1719 silly reify mark deleted [
1719 silly reify   'C:\\Users\\reymi\\Desktop\\rockgames\\node_modules\\@esbuild\\freebsd-x64'
1719 silly reify ]
1720 verbose reify failed optional dependency C:\Users\reymi\Desktop\rockgames\node_modules\@esbuild\freebsd-arm64
1721 silly reify mark deleted [
1721 silly reify   'C:\\Users\\reymi\\Desktop\\rockgames\\node_modules\\@esbuild\\freebsd-arm64'
1721 silly reify ]
1722 verbose reify failed optional dependency C:\Users\reymi\Desktop\rockgames\node_modules\@esbuild\darwin-x64
1723 silly reify mark deleted [
1723 silly reify   'C:\\Users\\reymi\\Desktop\\rockgames\\node_modules\\@esbuild\\darwin-x64'
1723 silly reify ]
1724 verbose reify failed optional dependency C:\Users\reymi\Desktop\rockgames\node_modules\@esbuild\darwin-arm64
1725 silly reify mark deleted [
1725 silly reify   'C:\\Users\\reymi\\Desktop\\rockgames\\node_modules\\@esbuild\\darwin-arm64'
1725 silly reify ]
1726 verbose reify failed optional dependency C:\Users\reymi\Desktop\rockgames\node_modules\@esbuild\android-x64
1727 silly reify mark deleted [
1727 silly reify   'C:\\Users\\reymi\\Desktop\\rockgames\\node_modules\\@esbuild\\android-x64'
1727 silly reify ]
1728 verbose reify failed optional dependency C:\Users\reymi\Desktop\rockgames\node_modules\@esbuild\android-arm64
1729 silly reify mark deleted [
1729 silly reify   'C:\\Users\\reymi\\Desktop\\rockgames\\node_modules\\@esbuild\\android-arm64'
1729 silly reify ]
1730 verbose reify failed optional dependency C:\Users\reymi\Desktop\rockgames\node_modules\@esbuild\android-arm
1731 silly reify mark deleted [
1731 silly reify   'C:\\Users\\reymi\\Desktop\\rockgames\\node_modules\\@esbuild\\android-arm'
1731 silly reify ]
1732 verbose reify failed optional dependency C:\Users\reymi\Desktop\rockgames\node_modules\@esbuild\aix-ppc64
1733 silly reify mark deleted [
1733 silly reify   'C:\\Users\\reymi\\Desktop\\rockgames\\node_modules\\@esbuild\\aix-ppc64'
1733 silly reify ]
1734 http cache sharp@https://registry.npmjs.org/sharp/-/sharp-0.35.5.tgz 0ms (cache hit)
1735 http cache @oxc-project/types@https://registry.npmjs.org/@oxc-project/types/-/types-0.152.0.tgz 0ms (cache hit)
1736 http cache @rolldown/binding-win32-x64-msvc@https://registry.npmjs.org/@rolldown/binding-win32-x64-msvc/-/binding-win32-x64-msvc-1.2.12.tgz 0ms (cache hit)
1737 http cache rolldown@https://registry.npmjs.org/rolldown/-/rolldown-1.2.12.tgz 0ms (cache hit)
1738 http cache @shikijs/primitive@https://registry.npmjs.org/@shikijs/primitive/-/primitive-4.5.0.tgz 0ms (cache hit)
1739 http cache @bruits/satteri-win32-x64-msvc@https://registry.npmjs.org/@bruits/satteri-win32-x64-msvc/-/satteri-win32-x64-msvc-0.10.5.tgz 0ms (cache hit)
1740 http cache @types/estree-jsx@https://registry.npmjs.org/@types/estree-jsx/-/estree-jsx-1.0.5.tgz 0ms (cache hit)
1741 http cache resolve-pkg-maps@https://registry.npmjs.org/resolve-pkg-maps/-/resolve-pkg-maps-1.0.0.tgz 0ms (cache hit)
1742 http cache @tybys/wasm-util@https://registry.npmjs.org/@tybys/wasm-util/-/wasm-util-0.10.4.tgz 0ms (cache hit)
1743 http cache fast-string-truncated-width@https://registry.npmjs.org/fast-string-truncated-width/-/fast-string-truncated-width-3.0.3.tgz 0ms (cache hit)
1744 http cache @emnapi/wasi-threads@https://registry.npmjs.org/@emnapi/wasi-threads/-/wasi-threads-1.2.3.tgz 0ms (cache hit)
1745 http cache process-ancestry@https://registry.npmjs.org/process-ancestry/-/process-ancestry-0.1.0.tgz 0ms (cache hit)
1746 http cache fast-wrap-ansi@https://registry.npmjs.org/fast-wrap-ansi/-/fast-wrap-ansi-0.2.2.tgz 0ms (cache hit)
1747 http cache @clack/core@https://registry.npmjs.org/@clack/core/-/core-1.5.1.tgz 0ms (cache hit)
1748 http cache fast-string-width@https://registry.npmjs.org/fast-string-width/-/fast-string-width-3.0.2.tgz 0ms (cache hit)
1749 http cache @napi-rs/wasm-runtime@https://registry.npmjs.org/@napi-rs/wasm-runtime/-/wasm-runtime-1.2.4.tgz 0ms (cache hit)
1750 http cache satteri@https://registry.npmjs.org/satteri/-/satteri-0.10.5.tgz 0ms (cache hit)
1751 http cache @emnapi/core@https://registry.npmjs.org/@emnapi/core/-/core-1.11.3.tgz 0ms (cache hit)
1752 http cache @astrojs/compiler-binding-win32-x64-msvc@https://registry.npmjs.org/@astrojs/compiler-binding-win32-x64-msvc/-/compiler-binding-win32-x64-msvc-0.5.1.tgz 0ms (cache hit)
1753 http cache verkit@https://registry.npmjs.org/verkit/-/verkit-0.4.1.tgz 0ms (cache hit)
1754 http cache @astrojs/compiler-binding@https://registry.npmjs.org/@astrojs/compiler-binding/-/compiler-binding-0.5.1.tgz 0ms (cache hit)
1755 http cache jsonc-parser@https://registry.npmjs.org/jsonc-parser/-/jsonc-parser-3.3.1.tgz 0ms (cache hit)
1756 http cache obug@https://registry.npmjs.org/obug/-/obug-3.0.0.tgz 0ms (cache hit)
1757 http cache tinyclip@https://registry.npmjs.org/tinyclip/-/tinyclip-1.0.3.tgz 0ms (cache hit)
1758 http cache @clack/prompts@https://registry.npmjs.org/@clack/prompts/-/prompts-1.8.1.tgz 0ms (cache hit)
1759 http cache get-tsconfig@https://registry.npmjs.org/get-tsconfig/-/get-tsconfig-5.0.0-beta.4.tgz 0ms (cache hit)
1760 http cache find-proc@https://registry.npmjs.org/find-proc/-/find-proc-0.2.0.tgz 0ms (cache hit)
1761 http cache am-i-vibing@https://registry.npmjs.org/am-i-vibing/-/am-i-vibing-0.4.0.tgz 0ms (cache hit)
1762 http cache zod@https://registry.npmjs.org/zod/-/zod-4.6.5.tgz 0ms (cache hit)
1763 http cache @astrojs/markdown-satteri@https://registry.npmjs.org/@astrojs/markdown-satteri/-/markdown-satteri-0.4.2.tgz 0ms (cache hit)
1764 http cache @astrojs/compiler-rs@https://registry.npmjs.org/@astrojs/compiler-rs/-/compiler-rs-0.5.1.tgz 0ms (cache hit)
1765 http cache vite@https://registry.npmjs.org/vite/-/vite-8.3.2.tgz 0ms (cache hit)
1766 http cache yargs-parser@https://registry.npmjs.org/yargs-parser/-/yargs-parser-22.0.0.tgz 0ms (cache hit)
1767 http cache shiki@https://registry.npmjs.org/shiki/-/shiki-4.5.0.tgz 0ms (cache hit)
1768 silly tarball no local data for sharp@https://registry.npmjs.org/sharp/-/sharp-0.35.5.tgz. Extracting by manifest.
1769 http cache semver@https://registry.npmjs.org/semver/-/semver-7.8.5.tgz 0ms (cache hit)
1770 http cache p-limit@https://registry.npmjs.org/p-limit/-/p-limit-7.3.3.tgz 0ms (cache hit)
1771 http cache p-queue@https://registry.npmjs.org/p-queue/-/p-queue-9.3.3.tgz 0ms (cache hit)
1772 http cache p-timeout@https://registry.npmjs.org/p-timeout/-/p-timeout-7.0.2.tgz 0ms (cache hit)
1773 http cache neotraverse@https://registry.npmjs.org/neotraverse/-/neotraverse-1.0.1.tgz 0ms (cache hit)
1774 http cache is-docker@https://registry.npmjs.org/is-docker/-/is-docker-4.0.0.tgz 0ms (cache hit)
1775 http cache esbuild@https://registry.npmjs.org/esbuild/-/esbuild-0.28.2.tgz 0ms (cache hit)
1776 http cache diff@https://registry.npmjs.org/diff/-/diff-9.0.0.tgz 0ms (cache hit)
1777 http cache common-ancestor-path@https://registry.npmjs.org/common-ancestor-path/-/common-ancestor-path-2.0.0.tgz 0ms (cache hit)
1778 http cache es-module-lexer@https://registry.npmjs.org/es-module-lexer/-/es-module-lexer-2.3.2.tgz 0ms (cache hit)
1779 http cache cookie@https://registry.npmjs.org/cookie/-/cookie-2.0.1.tgz 0ms (cache hit)
1780 http cache @shikijs/types@https://registry.npmjs.org/@shikijs/types/-/types-4.5.0.tgz 0ms (cache hit)
1781 http cache astro@https://registry.npmjs.org/astro/-/astro-7.3.5.tgz 0ms (cache hit)
1782 http cache @shikijs/themes@https://registry.npmjs.org/@shikijs/themes/-/themes-4.5.0.tgz 0ms (cache hit)
1783 http cache @vitejs/plugin-react@https://registry.npmjs.org/@vitejs/plugin-react/-/plugin-react-6.1.1.tgz 0ms (cache hit)
1784 http cache @shikijs/langs@https://registry.npmjs.org/@shikijs/langs/-/langs-4.5.0.tgz 0ms (cache hit)
1785 http cache @shikijs/core@https://registry.npmjs.org/@shikijs/core/-/core-4.5.0.tgz 0ms (cache hit)
1786 http cache @shikijs/engine-oniguruma@https://registry.npmjs.org/@shikijs/engine-oniguruma/-/engine-oniguruma-4.5.0.tgz 0ms (cache hit)
1787 http cache @shikijs/engine-javascript@https://registry.npmjs.org/@shikijs/engine-javascript/-/engine-javascript-4.5.0.tgz 0ms (cache hit)
1788 http cache @img/sharp-win32-x64@https://registry.npmjs.org/@img/sharp-win32-x64/-/sharp-win32-x64-0.35.5.tgz 0ms (cache hit)
1789 http cache @rolldown/pluginutils@https://registry.npmjs.org/@rolldown/pluginutils/-/pluginutils-1.0.1.tgz 0ms (cache hit)
1790 http cache @esbuild/win32-x64@https://registry.npmjs.org/@esbuild/win32-x64/-/win32-x64-0.28.2.tgz 0ms (cache hit)
1791 http cache @img/sharp-wasm32@https://registry.npmjs.org/@img/sharp-wasm32/-/sharp-wasm32-0.35.5.tgz 0ms (cache hit)
1792 http cache @astrojs/telemetry@https://registry.npmjs.org/@astrojs/telemetry/-/telemetry-3.3.3.tgz 0ms (cache hit)
1793 http cache @astrojs/prism@https://registry.npmjs.org/@astrojs/prism/-/prism-4.0.2.tgz 0ms (cache hit)
1794 http cache @emnapi/wasi-threads@https://registry.npmjs.org/@emnapi/wasi-threads/-/wasi-threads-1.2.2.tgz 0ms (cache hit)
1795 http cache @emnapi/core@https://registry.npmjs.org/@emnapi/core/-/core-1.11.1.tgz 0ms (cache hit)
1796 http cache @astrojs/react@https://registry.npmjs.org/@astrojs/react/-/react-7.0.0.tgz 0ms (cache hit)
1797 http cache @astrojs/internal-helpers@https://registry.npmjs.org/@astrojs/internal-helpers/-/internal-helpers-0.11.0.tgz 0ms (cache hit)
1798 http cache @emnapi/runtime@https://registry.npmjs.org/@emnapi/runtime/-/runtime-1.11.1.tgz 0ms (cache hit)
1799 silly tarball no local data for @oxc-project/types@https://registry.npmjs.org/@oxc-project/types/-/types-0.152.0.tgz. Extracting by manifest.
1800 http cache lightningcss@https://registry.npmjs.org/lightningcss/-/lightningcss-1.33.0.tgz 0ms (cache hit)
1801 silly tarball no local data for @rolldown/binding-win32-x64-msvc@https://registry.npmjs.org/@rolldown/binding-win32-x64-msvc/-/binding-win32-x64-msvc-1.2.12.tgz. Extracting by manifest.
1802 silly tarball no local data for rolldown@https://registry.npmjs.org/rolldown/-/rolldown-1.2.12.tgz. Extracting by manifest.
1803 http cache magic-string@https://registry.npmjs.org/magic-string/-/magic-string-1.4.2.tgz 0ms (cache hit)
1804 http cache lightningcss-win32-x64-msvc@https://registry.npmjs.org/lightningcss-win32-x64-msvc/-/lightningcss-win32-x64-msvc-1.33.0.tgz 0ms (cache hit)
1805 silly tarball no local data for @shikijs/primitive@https://registry.npmjs.org/@shikijs/primitive/-/primitive-4.5.0.tgz. Extracting by manifest.
1806 silly tarball no local data for @bruits/satteri-win32-x64-msvc@https://registry.npmjs.org/@bruits/satteri-win32-x64-msvc/-/satteri-win32-x64-msvc-0.10.5.tgz. Extracting by manifest.
1807 silly tarball no local data for @types/estree-jsx@https://registry.npmjs.org/@types/estree-jsx/-/estree-jsx-1.0.5.tgz. Extracting by manifest.
1808 silly tarball no local data for resolve-pkg-maps@https://registry.npmjs.org/resolve-pkg-maps/-/resolve-pkg-maps-1.0.0.tgz. Extracting by manifest.
1809 silly tarball no local data for @tybys/wasm-util@https://registry.npmjs.org/@tybys/wasm-util/-/wasm-util-0.10.4.tgz. Extracting by manifest.
1810 silly tarball no local data for fast-string-truncated-width@https://registry.npmjs.org/fast-string-truncated-width/-/fast-string-truncated-width-3.0.3.tgz. Extracting by manifest.
1811 silly tarball no local data for @emnapi/wasi-threads@https://registry.npmjs.org/@emnapi/wasi-threads/-/wasi-threads-1.2.3.tgz. Extracting by manifest.
1812 silly tarball no local data for process-ancestry@https://registry.npmjs.org/process-ancestry/-/process-ancestry-0.1.0.tgz. Extracting by manifest.
1813 silly tarball no local data for fast-wrap-ansi@https://registry.npmjs.org/fast-wrap-ansi/-/fast-wrap-ansi-0.2.2.tgz. Extracting by manifest.
1814 silly tarball no local data for @clack/core@https://registry.npmjs.org/@clack/core/-/core-1.5.1.tgz. Extracting by manifest.
1815 silly tarball no local data for fast-string-width@https://registry.npmjs.org/fast-string-width/-/fast-string-width-3.0.2.tgz. Extracting by manifest.
1816 silly tarball no local data for @napi-rs/wasm-runtime@https://registry.npmjs.org/@napi-rs/wasm-runtime/-/wasm-runtime-1.2.4.tgz. Extracting by manifest.
1817 silly tarball no local data for satteri@https://registry.npmjs.org/satteri/-/satteri-0.10.5.tgz. Extracting by manifest.
1818 silly tarball no local data for @emnapi/core@https://registry.npmjs.org/@emnapi/core/-/core-1.11.3.tgz. Extracting by manifest.
1819 silly tarball no local data for @astrojs/compiler-binding-win32-x64-msvc@https://registry.npmjs.org/@astrojs/compiler-binding-win32-x64-msvc/-/compiler-binding-win32-x64-msvc-0.5.1.tgz. Extracting by manifest.
1820 silly tarball no local data for verkit@https://registry.npmjs.org/verkit/-/verkit-0.4.1.tgz. Extracting by manifest.
1821 silly tarball no local data for @astrojs/compiler-binding@https://registry.npmjs.org/@astrojs/compiler-binding/-/compiler-binding-0.5.1.tgz. Extracting by manifest.
1822 silly tarball no local data for jsonc-parser@https://registry.npmjs.org/jsonc-parser/-/jsonc-parser-3.3.1.tgz. Extracting by manifest.
1823 silly tarball no local data for obug@https://registry.npmjs.org/obug/-/obug-3.0.0.tgz. Extracting by manifest.
1824 silly tarball no local data for tinyclip@https://registry.npmjs.org/tinyclip/-/tinyclip-1.0.3.tgz. Extracting by manifest.
1825 silly tarball no local data for @clack/prompts@https://registry.npmjs.org/@clack/prompts/-/prompts-1.8.1.tgz. Extracting by manifest.
1826 silly tarball no local data for get-tsconfig@https://registry.npmjs.org/get-tsconfig/-/get-tsconfig-5.0.0-beta.4.tgz. Extracting by manifest.
1827 silly tarball no local data for find-proc@https://registry.npmjs.org/find-proc/-/find-proc-0.2.0.tgz. Extracting by manifest.
1828 silly tarball no local data for am-i-vibing@https://registry.npmjs.org/am-i-vibing/-/am-i-vibing-0.4.0.tgz. Extracting by manifest.
1829 silly tarball no local data for zod@https://registry.npmjs.org/zod/-/zod-4.6.5.tgz. Extracting by manifest.
1830 silly tarball no local data for @astrojs/markdown-satteri@https://registry.npmjs.org/@astrojs/markdown-satteri/-/markdown-satteri-0.4.2.tgz. Extracting by manifest.
1831 silly tarball no local data for @astrojs/compiler-rs@https://registry.npmjs.org/@astrojs/compiler-rs/-/compiler-rs-0.5.1.tgz. Extracting by manifest.
1832 silly tarball no local data for vite@https://registry.npmjs.org/vite/-/vite-8.3.2.tgz. Extracting by manifest.
1833 silly tarball no local data for yargs-parser@https://registry.npmjs.org/yargs-parser/-/yargs-parser-22.0.0.tgz. Extracting by manifest.
1834 silly tarball no local data for shiki@https://registry.npmjs.org/shiki/-/shiki-4.5.0.tgz. Extracting by manifest.
1835 silly tarball no local data for p-limit@https://registry.npmjs.org/p-limit/-/p-limit-7.3.3.tgz. Extracting by manifest.
1836 silly tarball no local data for p-queue@https://registry.npmjs.org/p-queue/-/p-queue-9.3.3.tgz. Extracting by manifest.
1837 silly tarball no local data for p-timeout@https://registry.npmjs.org/p-timeout/-/p-timeout-7.0.2.tgz. Extracting by manifest.
1838 silly tarball no local data for neotraverse@https://registry.npmjs.org/neotraverse/-/neotraverse-1.0.1.tgz. Extracting by manifest.
1839 silly tarball no local data for is-docker@https://registry.npmjs.org/is-docker/-/is-docker-4.0.0.tgz. Extracting by manifest.
1840 silly tarball no local data for esbuild@https://registry.npmjs.org/esbuild/-/esbuild-0.28.2.tgz. Extracting by manifest.
1841 silly tarball no local data for diff@https://registry.npmjs.org/diff/-/diff-9.0.0.tgz. Extracting by manifest.
1842 silly tarball no local data for common-ancestor-path@https://registry.npmjs.org/common-ancestor-path/-/common-ancestor-path-2.0.0.tgz. Extracting by manifest.
1843 silly tarball no local data for es-module-lexer@https://registry.npmjs.org/es-module-lexer/-/es-module-lexer-2.3.2.tgz. Extracting by manifest.
1844 silly tarball no local data for cookie@https://registry.npmjs.org/cookie/-/cookie-2.0.1.tgz. Extracting by manifest.
1845 silly tarball no local data for @shikijs/types@https://registry.npmjs.org/@shikijs/types/-/types-4.5.0.tgz. Extracting by manifest.
1846 silly tarball no local data for astro@https://registry.npmjs.org/astro/-/astro-7.3.5.tgz. Extracting by manifest.
1847 silly tarball no local data for @shikijs/themes@https://registry.npmjs.org/@shikijs/themes/-/themes-4.5.0.tgz. Extracting by manifest.
1848 silly tarball no local data for @vitejs/plugin-react@https://registry.npmjs.org/@vitejs/plugin-react/-/plugin-react-6.1.1.tgz. Extracting by manifest.
1849 silly tarball no local data for @shikijs/langs@https://registry.npmjs.org/@shikijs/langs/-/langs-4.5.0.tgz. Extracting by manifest.
1850 silly tarball no local data for @shikijs/core@https://registry.npmjs.org/@shikijs/core/-/core-4.5.0.tgz. Extracting by manifest.
1851 silly tarball no local data for @shikijs/engine-oniguruma@https://registry.npmjs.org/@shikijs/engine-oniguruma/-/engine-oniguruma-4.5.0.tgz. Extracting by manifest.
1852 silly tarball no local data for @shikijs/engine-javascript@https://registry.npmjs.org/@shikijs/engine-javascript/-/engine-javascript-4.5.0.tgz. Extracting by manifest.
1853 silly tarball no local data for @img/sharp-win32-x64@https://registry.npmjs.org/@img/sharp-win32-x64/-/sharp-win32-x64-0.35.5.tgz. Extracting by manifest.
1854 silly tarball no local data for @rolldown/pluginutils@https://registry.npmjs.org/@rolldown/pluginutils/-/pluginutils-1.0.1.tgz. Extracting by manifest.
1855 silly tarball no local data for @esbuild/win32-x64@https://registry.npmjs.org/@esbuild/win32-x64/-/win32-x64-0.28.2.tgz. Extracting by manifest.
1856 silly tarball no local data for @img/sharp-wasm32@https://registry.npmjs.org/@img/sharp-wasm32/-/sharp-wasm32-0.35.5.tgz. Extracting by manifest.
1857 silly tarball no local data for @astrojs/telemetry@https://registry.npmjs.org/@astrojs/telemetry/-/telemetry-3.3.3.tgz. Extracting by manifest.
1858 silly tarball no local data for @astrojs/prism@https://registry.npmjs.org/@astrojs/prism/-/prism-4.0.2.tgz. Extracting by manifest.
1859 silly tarball no local data for @emnapi/wasi-threads@https://registry.npmjs.org/@emnapi/wasi-threads/-/wasi-threads-1.2.2.tgz. Extracting by manifest.
1860 silly tarball no local data for @emnapi/core@https://registry.npmjs.org/@emnapi/core/-/core-1.11.1.tgz. Extracting by manifest.
1861 silly tarball no local data for @astrojs/react@https://registry.npmjs.org/@astrojs/react/-/react-7.0.0.tgz. Extracting by manifest.
1862 silly tarball no local data for @astrojs/internal-helpers@https://registry.npmjs.org/@astrojs/internal-helpers/-/internal-helpers-0.11.0.tgz. Extracting by manifest.
1863 silly tarball no local data for @emnapi/runtime@https://registry.npmjs.org/@emnapi/runtime/-/runtime-1.11.1.tgz. Extracting by manifest.
1864 silly tarball no local data for lightningcss@https://registry.npmjs.org/lightningcss/-/lightningcss-1.33.0.tgz. Extracting by manifest.
1865 silly tarball no local data for magic-string@https://registry.npmjs.org/magic-string/-/magic-string-1.4.2.tgz. Extracting by manifest.
1866 silly tarball no local data for lightningcss-win32-x64-msvc@https://registry.npmjs.org/lightningcss-win32-x64-msvc/-/lightningcss-win32-x64-msvc-1.33.0.tgz. Extracting by manifest.
1867 http fetch POST 200 https://registry.npmjs.org/-/npm/v1/security/advisories/bulk 154ms
1868 silly audit report {
1868 silly audit report   'http-cache-semantics': [
1868 silly audit report     {
1868 silly audit report       id: 1240991,
1868 silly audit report       url: 'https://github.com/advisories/GHSA-ch52-4w7c-c8xp',
1868 silly audit report       title: 'http-cache-semantics max-stale handling can disclose cross-user cached responses',
1868 silly audit report       severity: 'high',
1868 silly audit report       vulnerable_versions: '<=4.2.0',
1868 silly audit report       cwe: [Array],
1868 silly audit report       cvss: [Object]
1868 silly audit report     }
1868 silly audit report   ]
1868 silly audit report }
1869 silly packumentCache corgi:https://registry.npmjs.org/http-cache-semantics cache-miss
1870 http fetch GET 200 https://registry.npmjs.org/@oxc-project/types/-/types-0.152.0.tgz 194ms (cache miss)
1871 http fetch GET 200 https://registry.npmjs.org/fast-string-truncated-width/-/fast-string-truncated-width-3.0.3.tgz 195ms (cache miss)
1872 http fetch GET 200 https://registry.npmjs.org/fast-string-width/-/fast-string-width-3.0.2.tgz 199ms (cache miss)
1873 http fetch GET 200 https://registry.npmjs.org/tinyclip/-/tinyclip-1.0.3.tgz 204ms (cache miss)
1874 http fetch GET 200 https://registry.npmjs.org/process-ancestry/-/process-ancestry-0.1.0.tgz 212ms (cache miss)
1875 http cache https://registry.npmjs.org/http-cache-semantics 100ms (cache hit)
1876 silly packumentCache corgi:https://registry.npmjs.org/http-cache-semantics set size:23293 disposed:false
1877 silly packumentCache corgi:https://registry.npmjs.org/astro cache-miss
1878 http fetch GET 200 https://registry.npmjs.org/resolve-pkg-maps/-/resolve-pkg-maps-1.0.0.tgz 227ms (cache miss)
1879 http fetch GET 200 https://registry.npmjs.org/@shikijs/primitive/-/primitive-4.5.0.tgz 246ms (cache miss)
1880 http cache https://registry.npmjs.org/astro 57ms (cache hit)
1881 silly packumentCache corgi:https://registry.npmjs.org/astro set size:4550652 disposed:false
1882 http fetch GET 200 https://registry.npmjs.org/obug/-/obug-3.0.0.tgz 427ms (cache miss)
1883 http fetch GET 200 https://registry.npmjs.org/@types/estree-jsx/-/estree-jsx-1.0.5.tgz 517ms (cache miss)
1884 http fetch GET 200 https://registry.npmjs.org/get-tsconfig/-/get-tsconfig-5.0.0-beta.4.tgz 511ms (cache miss)
1885 http fetch GET 200 https://registry.npmjs.org/@astrojs/compiler-binding/-/compiler-binding-0.5.1.tgz 577ms (cache miss)
1886 http fetch GET 200 https://registry.npmjs.org/fast-wrap-ansi/-/fast-wrap-ansi-0.2.2.tgz 638ms (cache miss)
1887 http fetch GET 200 https://registry.npmjs.org/@clack/core/-/core-1.5.1.tgz 640ms (cache miss)
1888 http fetch GET 200 https://registry.npmjs.org/@astrojs/compiler-rs/-/compiler-rs-0.5.1.tgz 654ms (cache miss)
1889 http fetch GET 200 https://registry.npmjs.org/p-limit/-/p-limit-7.3.3.tgz 652ms (cache miss)
1890 http fetch GET 200 https://registry.npmjs.org/p-timeout/-/p-timeout-7.0.2.tgz 661ms (cache miss)
1891 http fetch GET 200 https://registry.npmjs.org/common-ancestor-path/-/common-ancestor-path-2.0.0.tgz 674ms (cache miss)
1892 http fetch GET 200 https://registry.npmjs.org/is-docker/-/is-docker-4.0.0.tgz 676ms (cache miss)
1893 http fetch GET 200 https://registry.npmjs.org/cookie/-/cookie-2.0.1.tgz 682ms (cache miss)
1894 http fetch GET 200 https://registry.npmjs.org/@vitejs/plugin-react/-/plugin-react-6.1.1.tgz 703ms (cache miss)
1895 http fetch GET 200 https://registry.npmjs.org/@shikijs/types/-/types-4.5.0.tgz 732ms (cache miss)
1896 http fetch GET 200 https://registry.npmjs.org/@astrojs/telemetry/-/telemetry-3.3.3.tgz 739ms (cache miss)
1897 http fetch GET 200 https://registry.npmjs.org/verkit/-/verkit-0.4.1.tgz 784ms (cache miss)
1898 http fetch GET 200 https://registry.npmjs.org/@napi-rs/wasm-runtime/-/wasm-runtime-1.2.4.tgz 815ms (cache miss)
1899 http fetch GET 200 https://registry.npmjs.org/@rolldown/pluginutils/-/pluginutils-1.0.1.tgz 826ms (cache miss)
1900 http fetch GET 200 https://registry.npmjs.org/yargs-parser/-/yargs-parser-22.0.0.tgz 839ms (cache miss)
1901 http fetch GET 200 https://registry.npmjs.org/p-queue/-/p-queue-9.3.3.tgz 921ms (cache miss)
1902 http fetch GET 200 https://registry.npmjs.org/@shikijs/engine-javascript/-/engine-javascript-4.5.0.tgz 925ms (cache miss)
1903 http fetch GET 200 https://registry.npmjs.org/@shikijs/core/-/core-4.5.0.tgz 938ms (cache miss)
1904 http fetch GET 200 https://registry.npmjs.org/esbuild/-/esbuild-0.28.2.tgz 942ms (cache miss)
1905 http fetch GET 200 https://registry.npmjs.org/@emnapi/wasi-threads/-/wasi-threads-1.2.3.tgz 963ms (cache miss)
1906 http fetch GET 200 https://registry.npmjs.org/es-module-lexer/-/es-module-lexer-2.3.2.tgz 969ms (cache miss)
1907 http fetch GET 200 https://registry.npmjs.org/@astrojs/markdown-satteri/-/markdown-satteri-0.4.2.tgz 1018ms (cache miss)
1908 http fetch GET 200 https://registry.npmjs.org/neotraverse/-/neotraverse-1.0.1.tgz 1087ms (cache miss)
1909 http fetch GET 200 https://registry.npmjs.org/@shikijs/engine-oniguruma/-/engine-oniguruma-4.5.0.tgz 1084ms (cache miss)
1910 http fetch GET 200 https://registry.npmjs.org/@astrojs/prism/-/prism-4.0.2.tgz 1106ms (cache miss)
1911 http fetch GET 200 https://registry.npmjs.org/am-i-vibing/-/am-i-vibing-0.4.0.tgz 1139ms (cache miss)
1912 http fetch GET 200 https://registry.npmjs.org/lightningcss/-/lightningcss-1.33.0.tgz 1234ms (cache miss)
1913 http fetch GET 200 https://registry.npmjs.org/@emnapi/core/-/core-1.11.3.tgz 1319ms (cache miss)
1914 http fetch GET 200 https://registry.npmjs.org/@astrojs/internal-helpers/-/internal-helpers-0.11.0.tgz 1323ms (cache miss)
1915 http fetch GET 200 https://registry.npmjs.org/@astrojs/react/-/react-7.0.0.tgz 1324ms (cache miss)
1916 http fetch GET 200 https://registry.npmjs.org/@tybys/wasm-util/-/wasm-util-0.10.4.tgz 1385ms (cache miss)
1917 http fetch GET 200 https://registry.npmjs.org/@emnapi/runtime/-/runtime-1.11.1.tgz 1385ms (cache miss)
1918 http fetch GET 200 https://registry.npmjs.org/sharp/-/sharp-0.35.5.tgz 1432ms (cache miss)
1919 http fetch GET 200 https://registry.npmjs.org/@bruits/satteri-win32-x64-msvc/-/satteri-win32-x64-msvc-0.10.5.tgz 1430ms (cache miss)
1920 http fetch GET 200 https://registry.npmjs.org/rolldown/-/rolldown-1.2.12.tgz 1449ms (cache miss)
1921 http fetch GET 200 https://registry.npmjs.org/@emnapi/core/-/core-1.11.1.tgz 1451ms (cache miss)
1922 http fetch GET 200 https://registry.npmjs.org/magic-string/-/magic-string-1.4.2.tgz 1527ms (cache miss)
1923 http fetch GET 200 https://registry.npmjs.org/satteri/-/satteri-0.10.5.tgz 1598ms (cache miss)
1924 http fetch GET 200 https://registry.npmjs.org/vite/-/vite-8.3.2.tgz 1606ms (cache miss)
1925 http fetch GET 200 https://registry.npmjs.org/find-proc/-/find-proc-0.2.0.tgz 1720ms (cache miss)
1926 http fetch GET 200 https://registry.npmjs.org/jsonc-parser/-/jsonc-parser-3.3.1.tgz 1771ms (cache miss)
1927 http fetch GET 200 https://registry.npmjs.org/@clack/prompts/-/prompts-1.8.1.tgz 1805ms (cache miss)
1928 http fetch GET 200 https://registry.npmjs.org/diff/-/diff-9.0.0.tgz 1908ms (cache miss)
1929 http fetch GET 200 https://registry.npmjs.org/@img/sharp-wasm32/-/sharp-wasm32-0.35.5.tgz 1921ms (cache miss)
1930 http fetch GET 200 https://registry.npmjs.org/@shikijs/themes/-/themes-4.5.0.tgz 1931ms (cache miss)
1931 http fetch GET 200 https://registry.npmjs.org/@astrojs/compiler-binding-win32-x64-msvc/-/compiler-binding-win32-x64-msvc-0.5.1.tgz 1990ms (cache miss)
1932 http fetch GET 200 https://registry.npmjs.org/lightningcss-win32-x64-msvc/-/lightningcss-win32-x64-msvc-1.33.0.tgz 2055ms (cache miss)
1933 http fetch GET 200 https://registry.npmjs.org/@emnapi/wasi-threads/-/wasi-threads-1.2.2.tgz 2195ms (cache miss)
1934 http fetch GET 200 https://registry.npmjs.org/@rolldown/binding-win32-x64-msvc/-/binding-win32-x64-msvc-1.2.12.tgz 2246ms (cache miss)
1935 http fetch GET 200 https://registry.npmjs.org/@img/sharp-win32-x64/-/sharp-win32-x64-0.35.5.tgz 2237ms (cache miss)
1936 http fetch GET 200 https://registry.npmjs.org/@esbuild/win32-x64/-/win32-x64-0.28.2.tgz 2300ms (cache miss)
1937 http fetch GET 200 https://registry.npmjs.org/shiki/-/shiki-4.5.0.tgz 3006ms (cache miss)
1938 http fetch GET 200 https://registry.npmjs.org/@shikijs/langs/-/langs-4.5.0.tgz 3012ms (cache miss)
1939 http fetch GET 200 https://registry.npmjs.org/zod/-/zod-4.6.5.tgz 3148ms (cache miss)
1940 http fetch GET 200 https://registry.npmjs.org/astro/-/astro-7.3.5.tgz 3646ms (cache miss)
1941 info run esbuild@0.28.2 postinstall node_modules/esbuild node install.js
1942 info run esbuild@0.28.2 postinstall { code: 0, signal: null }
1943 silly ADD node_modules/@rolldown/binding-win32-x64-msvc
1944 silly ADD node_modules/@rolldown/binding-win32-arm64-msvc
1945 silly ADD node_modules/@rolldown/binding-openharmony-arm64
1946 silly ADD node_modules/@rolldown/binding-linux-x64-musl
1947 silly ADD node_modules/@rolldown/binding-linux-x64-gnu
1948 silly ADD node_modules/@rolldown/binding-linux-s390x-gnu
1949 silly ADD node_modules/@rolldown/binding-linux-ppc64-gnu
1950 silly ADD node_modules/@rolldown/binding-linux-arm64-musl
1951 silly ADD node_modules/@rolldown/binding-linux-arm64-gnu
1952 silly ADD node_modules/@rolldown/binding-linux-arm-gnueabihf
1953 silly ADD node_modules/@rolldown/binding-freebsd-x64
1954 silly ADD node_modules/@rolldown/binding-darwin-x64
1955 silly ADD node_modules/@rolldown/binding-darwin-arm64
1956 silly ADD node_modules/@rolldown/binding-android-arm64
1957 silly ADD node_modules/@rolldown/binding-android-arm-eabi
1958 silly ADD node_modules/@oxc-project/types
1959 silly ADD node_modules/rolldown
1960 silly ADD node_modules/@shikijs/primitive
1961 silly ADD node_modules/@img/sharp-webcontainers-wasm32
1962 silly ADD node_modules/@img/sharp-freebsd-wasm32
1963 silly ADD node_modules/@types/estree-jsx
1964 silly ADD node_modules/@bruits/satteri-win32-x64-msvc
1965 silly ADD node_modules/@bruits/satteri-win32-arm64-msvc
1966 silly ADD node_modules/@bruits/satteri-wasm32-wasi
1967 silly ADD node_modules/@bruits/satteri-wasm32-wasi/node_modules/@emnapi/wasi-threads
1968 silly ADD node_modules/@bruits/satteri-wasm32-wasi/node_modules/@emnapi/runtime
1969 silly ADD node_modules/@bruits/satteri-wasm32-wasi/node_modules/@emnapi/core
1970 silly ADD node_modules/@bruits/satteri-linux-x64-musl
1971 silly ADD node_modules/@bruits/satteri-linux-x64-gnu
1972 silly ADD node_modules/@bruits/satteri-linux-arm64-musl
1973 silly ADD node_modules/@bruits/satteri-linux-arm64-gnu
1974 silly ADD node_modules/@bruits/satteri-darwin-x64
1975 silly ADD node_modules/@bruits/satteri-darwin-arm64
1976 silly ADD node_modules/resolve-pkg-maps
1977 silly ADD node_modules/fast-string-truncated-width
1978 silly ADD node_modules/process-ancestry
1979 silly ADD node_modules/@tybys/wasm-util
1980 silly ADD node_modules/@emnapi/wasi-threads
1981 silly ADD node_modules/fast-wrap-ansi
1982 silly ADD node_modules/fast-string-width
1983 silly ADD node_modules/@clack/core
1984 silly ADD node_modules/satteri
1985 silly ADD node_modules/@napi-rs/wasm-runtime
1986 silly ADD node_modules/@emnapi/core
1987 silly ADD node_modules/@astrojs/compiler-binding-win32-x64-msvc
1988 silly ADD node_modules/@astrojs/compiler-binding-win32-arm64-msvc
1989 silly ADD node_modules/@astrojs/compiler-binding-wasm32-wasi
1990 silly ADD node_modules/@astrojs/compiler-binding-linux-x64-musl
1991 silly ADD node_modules/@astrojs/compiler-binding-linux-x64-gnu
1992 silly ADD node_modules/@astrojs/compiler-binding-linux-arm64-musl
1993 silly ADD node_modules/@astrojs/compiler-binding-linux-arm64-gnu
1994 silly ADD node_modules/@astrojs/compiler-binding-darwin-x64
1995 silly ADD node_modules/@astrojs/compiler-binding-darwin-arm64
1996 silly ADD node_modules/@astrojs/compiler-binding-android-arm64
1997 silly ADD node_modules/@astrojs/compiler-binding
1998 silly ADD node_modules/verkit
1999 silly ADD node_modules/tinyclip
2000 silly ADD node_modules/obug
2001 silly ADD node_modules/jsonc-parser
2002 silly ADD node_modules/get-tsconfig
2003 silly ADD node_modules/find-proc
2004 silly ADD node_modules/am-i-vibing
2005 silly ADD node_modules/@clack/prompts
2006 silly ADD node_modules/@astrojs/markdown-satteri
2007 silly ADD node_modules/@astrojs/compiler-rs
2008 silly REMOVE node_modules/zod-to-ts
2009 silly REMOVE node_modules/zod-to-json-schema
2010 silly CHANGE node_modules/zod
2011 silly REMOVE node_modules/yoctocolors
2012 silly REMOVE node_modules/yocto-spinner
2013 silly CHANGE node_modules/yargs-parser
2014 silly REMOVE node_modules/yallist
2015 silly REMOVE node_modules/wrap-ansi
2016 silly REMOVE node_modules/widest-line
2017 silly REMOVE node_modules/which-pm-runs
2018 silly REMOVE node_modules/web-namespaces
2019 silly CHANGE node_modules/vite
2020 silly ADD node_modules/vite/node_modules/lightningcss-win32-x64-msvc
2021 silly ADD node_modules/vite/node_modules/lightningcss-win32-arm64-msvc
2022 silly ADD node_modules/vite/node_modules/lightningcss-linux-x64-musl
2023 silly ADD node_modules/vite/node_modules/lightningcss-linux-x64-gnu
2024 silly ADD node_modules/vite/node_modules/lightningcss-linux-arm64-musl
2025 silly ADD node_modules/vite/node_modules/lightningcss-linux-arm64-gnu
2026 silly ADD node_modules/vite/node_modules/lightningcss-linux-arm-gnueabihf
2027 silly ADD node_modules/vite/node_modules/lightningcss-freebsd-x64
2028 silly ADD node_modules/vite/node_modules/lightningcss-darwin-x64
2029 silly ADD node_modules/vite/node_modules/lightningcss-darwin-arm64
2030 silly ADD node_modules/vite/node_modules/lightningcss-android-arm64
2031 silly ADD node_modules/vite/node_modules/lightningcss
2032 silly REMOVE node_modules/vite/node_modules/esbuild
2033 silly REMOVE node_modules/vite/node_modules/@esbuild/win32-x64
2034 silly REMOVE node_modules/vite/node_modules/@esbuild/win32-ia32
2035 silly REMOVE node_modules/vite/node_modules/@esbuild/win32-arm64
2036 silly REMOVE node_modules/vite/node_modules/@esbuild/sunos-x64
2037 silly REMOVE node_modules/vite/node_modules/@esbuild/openharmony-arm64
2038 silly REMOVE node_modules/vite/node_modules/@esbuild/openbsd-x64
2039 silly REMOVE node_modules/vite/node_modules/@esbuild/openbsd-arm64
2040 silly REMOVE node_modules/vite/node_modules/@esbuild/netbsd-x64
2041 silly REMOVE node_modules/vite/node_modules/@esbuild/netbsd-arm64
2042 silly REMOVE node_modules/vite/node_modules/@esbuild/linux-x64
2043 silly REMOVE node_modules/vite/node_modules/@esbuild/linux-s390x
2044 silly REMOVE node_modules/vite/node_modules/@esbuild/linux-riscv64
2045 silly REMOVE node_modules/vite/node_modules/@esbuild/linux-ppc64
2046 silly REMOVE node_modules/vite/node_modules/@esbuild/linux-mips64el
2047 silly REMOVE node_modules/vite/node_modules/@esbuild/linux-loong64
2048 silly REMOVE node_modules/vite/node_modules/@esbuild/linux-ia32
2049 silly REMOVE node_modules/vite/node_modules/@esbuild/linux-arm64
2050 silly REMOVE node_modules/vite/node_modules/@esbuild/linux-arm
2051 silly REMOVE node_modules/vite/node_modules/@esbuild/freebsd-x64
2052 silly REMOVE node_modules/vite/node_modules/@esbuild/freebsd-arm64
2053 silly REMOVE node_modules/vite/node_modules/@esbuild/darwin-x64
2054 silly REMOVE node_modules/vite/node_modules/@esbuild/darwin-arm64
2055 silly REMOVE node_modules/vite/node_modules/@esbuild/android-x64
2056 silly REMOVE node_modules/vite/node_modules/@esbuild/android-arm64
2057 silly REMOVE node_modules/vite/node_modules/@esbuild/android-arm
2058 silly REMOVE node_modules/vite/node_modules/@esbuild/aix-ppc64
2059 silly REMOVE node_modules/vfile-location
2060 silly REMOVE node_modules/update-browserslist-db
2061 silly REMOVE node_modules/unist-util-visit-children
2062 silly REMOVE node_modules/unist-util-remove-position
2063 silly REMOVE node_modules/unist-util-modify-children
2064 silly REMOVE node_modules/unist-util-find-after
2065 silly REMOVE node_modules/type-fest
2066 silly REMOVE node_modules/tsconfck
2067 silly REMOVE node_modules/strip-ansi
2068 silly REMOVE node_modules/string-width
2069 silly CHANGE node_modules/shiki
2070 silly CHANGE node_modules/sharp
2071 silly REMOVE node_modules/sharp/node_modules/semver
2072 silly CHANGE node_modules/semver
2073 silly REMOVE node_modules/rollup
2074 silly REMOVE node_modules/retext-stringify
2075 silly REMOVE node_modules/retext-latin
2076 silly REMOVE node_modules/retext
2077 silly REMOVE node_modules/remark-stringify
2078 silly REMOVE node_modules/remark-smartypants
2079 silly REMOVE node_modules/remark-rehype
2080 silly REMOVE node_modules/remark-parse
2081 silly REMOVE node_modules/remark-gfm
2082 silly REMOVE node_modules/rehype-stringify
2083 silly REMOVE node_modules/rehype-raw
2084 silly REMOVE node_modules/rehype-parse
2085 silly REMOVE node_modules/rehype
2086 silly REMOVE node_modules/react-refresh
2087 silly REMOVE node_modules/prompts
2088 silly REMOVE node_modules/parse5
2089 silly REMOVE node_modules/parse-latin
2090 silly CHANGE node_modules/p-timeout
2091 silly CHANGE node_modules/p-queue
2092 silly CHANGE node_modules/p-limit
2093 silly REMOVE node_modules/node-releases
2094 silly CHANGE node_modules/neotraverse
2095 silly REMOVE node_modules/ms
2096 silly REMOVE node_modules/micromark-util-subtokenize
2097 silly REMOVE node_modules/micromark-util-resolve-all
2098 silly REMOVE node_modules/micromark-util-normalize-identifier
2099 silly REMOVE node_modules/micromark-util-html-tag-name
2100 silly REMOVE node_modules/micromark-util-edit-map
2101 silly REMOVE node_modules/micromark-util-decode-string
2102 silly REMOVE node_modules/micromark-util-decode-numeric-character-reference
2103 silly REMOVE node_modules/micromark-util-combine-extensions
2104 silly REMOVE node_modules/micromark-util-classify-character
2105 silly REMOVE node_modules/micromark-util-chunked
2106 silly REMOVE node_modules/micromark-factory-whitespace
2107 silly REMOVE node_modules/micromark-factory-title
2108 silly REMOVE node_modules/micromark-factory-space
2109 silly REMOVE node_modules/micromark-factory-label
2110 silly REMOVE node_modules/micromark-factory-destination
2111 silly REMOVE node_modules/micromark-extension-gfm-task-list-item
2112 silly REMOVE node_modules/micromark-extension-gfm-tagfilter
2113 silly REMOVE node_modules/micromark-extension-gfm-table
2114 silly REMOVE node_modules/micromark-extension-gfm-strikethrough
2115 silly REMOVE node_modules/micromark-extension-gfm-footnote
2116 silly REMOVE node_modules/micromark-extension-gfm-autolink-literal
2117 silly REMOVE node_modules/micromark-extension-gfm
2118 silly REMOVE node_modules/micromark-core-commonmark
2119 silly REMOVE node_modules/micromark
2120 silly REMOVE node_modules/mdast-util-to-string
2121 silly REMOVE node_modules/mdast-util-to-markdown
2122 silly REMOVE node_modules/mdast-util-phrasing
2123 silly REMOVE node_modules/mdast-util-gfm-task-list-item
2124 silly REMOVE node_modules/mdast-util-gfm-table
2125 silly REMOVE node_modules/mdast-util-gfm-strikethrough
2126 silly REMOVE node_modules/mdast-util-gfm-footnote
2127 silly REMOVE node_modules/mdast-util-gfm-autolink-literal
2128 silly REMOVE node_modules/mdast-util-gfm
2129 silly REMOVE node_modules/mdast-util-from-markdown
2130 silly REMOVE node_modules/mdast-util-find-and-replace
2131 silly REMOVE node_modules/mdast-util-definitions
2132 silly REMOVE node_modules/markdown-table
2133 silly REMOVE node_modules/lru-cache
2134 silly REMOVE node_modules/longest-streak
2135 silly REMOVE node_modules/kleur
2136 silly REMOVE node_modules/json5
2137 silly REMOVE node_modules/jsesc
2138 silly REMOVE node_modules/js-tokens
2139 silly REMOVE node_modules/is-wsl
2140 silly REMOVE node_modules/is-inside-container
2141 silly REMOVE node_modules/is-fullwidth-code-point
2142 silly CHANGE node_modules/is-docker
2143 silly REMOVE node_modules/import-meta-resolve
2144 silly REMOVE node_modules/hastscript
2145 silly REMOVE node_modules/hast-util-to-text
2146 silly REMOVE node_modules/hast-util-to-parse5
2147 silly REMOVE node_modules/hast-util-raw
2148 silly REMOVE node_modules/hast-util-parse-selector
2149 silly REMOVE node_modules/hast-util-is-element
2150 silly REMOVE node_modules/hast-util-from-parse5
2151 silly REMOVE node_modules/hast-util-from-html
2152 silly REMOVE node_modules/get-east-asian-width
2153 silly REMOVE node_modules/gensync
2154 silly REMOVE node_modules/estree-walker
2155 silly REMOVE node_modules/escape-string-regexp
2156 silly REMOVE node_modules/escalade
2157 silly CHANGE node_modules/esbuild
2158 silly CHANGE node_modules/es-module-lexer
2159 silly REMOVE node_modules/entities
2160 silly REMOVE node_modules/emoji-regex
2161 silly REMOVE node_modules/electron-to-chromium
2162 silly REMOVE node_modules/dlv
2163 silly CHANGE node_modules/diff
2164 silly REMOVE node_modules/deterministic-object-hash
2165 silly REMOVE node_modules/decode-named-character-reference
2166 silly REMOVE node_modules/debug
2167 silly REMOVE node_modules/cssesc
2168 silly CHANGE node_modules/cookie
2169 silly REMOVE node_modules/convert-source-map
2170 silly CHANGE node_modules/common-ancestor-path
2171 silly REMOVE node_modules/cli-boxes
2172 silly REMOVE node_modules/character-entities
2173 silly REMOVE node_modules/chalk
2174 silly REMOVE node_modules/caniuse-lite
2175 silly REMOVE node_modules/camelcase
2176 silly REMOVE node_modules/browserslist
2177 silly REMOVE node_modules/boxen
2178 silly REMOVE node_modules/baseline-browser-mapping
2179 silly REMOVE node_modules/base-64
2180 silly CHANGE node_modules/astro
2181 silly ADD node_modules/astro/node_modules/magic-string
2182 silly REMOVE node_modules/astro/node_modules/semver
2183 silly REMOVE node_modules/array-iterate
2184 silly REMOVE node_modules/ansi-styles
2185 silly REMOVE node_modules/ansi-regex
2186 silly REMOVE node_modules/ansi-align
2187 silly REMOVE node_modules/ansi-align/node_modules/strip-ansi
2188 silly REMOVE node_modules/ansi-align/node_modules/string-width
2189 silly REMOVE node_modules/ansi-align/node_modules/emoji-regex
2190 silly REMOVE node_modules/ansi-align/node_modules/ansi-regex
2191 silly REMOVE node_modules/acorn
2192 silly CHANGE node_modules/@vitejs/plugin-react
2193 silly REMOVE node_modules/@types/ms
2194 silly REMOVE node_modules/@types/debug
2195 silly REMOVE node_modules/@types/babel__traverse
2196 silly REMOVE node_modules/@types/babel__template
2197 silly REMOVE node_modules/@types/babel__generator
2198 silly REMOVE node_modules/@types/babel__core
2199 silly CHANGE node_modules/@shikijs/types
2200 silly CHANGE node_modules/@shikijs/themes
2201 silly CHANGE node_modules/@shikijs/langs
2202 silly CHANGE node_modules/@shikijs/engine-oniguruma
2203 silly CHANGE node_modules/@shikijs/engine-javascript
2204 silly CHANGE node_modules/@shikijs/core
2205 silly REMOVE node_modules/@rollup/rollup-win32-x64-msvc
2206 silly REMOVE node_modules/@rollup/rollup-win32-x64-gnu
2207 silly REMOVE node_modules/@rollup/rollup-win32-ia32-msvc
2208 silly REMOVE node_modules/@rollup/rollup-win32-arm64-msvc
2209 silly REMOVE node_modules/@rollup/rollup-openharmony-arm64
2210 silly REMOVE node_modules/@rollup/rollup-openbsd-x64
2211 silly REMOVE node_modules/@rollup/rollup-linux-x64-musl
2212 silly REMOVE node_modules/@rollup/rollup-linux-x64-gnu
2213 silly REMOVE node_modules/@rollup/rollup-linux-s390x-gnu
2214 silly REMOVE node_modules/@rollup/rollup-linux-riscv64-musl
2215 silly REMOVE node_modules/@rollup/rollup-linux-riscv64-gnu
2216 silly REMOVE node_modules/@rollup/rollup-linux-ppc64-musl
2217 silly REMOVE node_modules/@rollup/rollup-linux-ppc64-gnu
2218 silly REMOVE node_modules/@rollup/rollup-linux-loong64-musl
2219 silly REMOVE node_modules/@rollup/rollup-linux-loong64-gnu
2220 silly REMOVE node_modules/@rollup/rollup-linux-arm64-musl
2221 silly REMOVE node_modules/@rollup/rollup-linux-arm64-gnu
2222 silly REMOVE node_modules/@rollup/rollup-linux-arm-musleabihf
2223 silly REMOVE node_modules/@rollup/rollup-linux-arm-gnueabihf
2224 silly REMOVE node_modules/@rollup/rollup-freebsd-x64
2225 silly REMOVE node_modules/@rollup/rollup-freebsd-arm64
2226 silly REMOVE node_modules/@rollup/rollup-darwin-x64
2227 silly REMOVE node_modules/@rollup/rollup-darwin-arm64
2228 silly REMOVE node_modules/@rollup/rollup-android-arm64
2229 silly REMOVE node_modules/@rollup/rollup-android-arm-eabi
2230 silly REMOVE node_modules/@rollup/pluginutils
2231 silly REMOVE node_modules/@rollup/pluginutils/node_modules/estree-walker
2232 silly CHANGE node_modules/@rolldown/pluginutils
2233 silly REMOVE node_modules/@napi-rs/lzma-linux-x64-gnu
2234 silly CHANGE node_modules/@img/sharp-win32-x64
2235 silly CHANGE node_modules/@img/sharp-win32-ia32
2236 silly CHANGE node_modules/@img/sharp-win32-arm64
2237 silly CHANGE node_modules/@img/sharp-wasm32
2238 silly CHANGE node_modules/@img/sharp-linuxmusl-x64
2239 silly CHANGE node_modules/@img/sharp-linuxmusl-arm64
2240 silly CHANGE node_modules/@img/sharp-linux-x64
2241 silly CHANGE node_modules/@img/sharp-linux-s390x
2242 silly CHANGE node_modules/@img/sharp-linux-riscv64
2243 silly CHANGE node_modules/@img/sharp-linux-ppc64
2244 silly CHANGE node_modules/@img/sharp-linux-arm64
2245 silly CHANGE node_modules/@img/sharp-linux-arm
2246 silly CHANGE node_modules/@img/sharp-libvips-linuxmusl-x64
2247 silly CHANGE node_modules/@img/sharp-libvips-linuxmusl-arm64
2248 silly CHANGE node_modules/@img/sharp-libvips-linux-x64
2249 silly CHANGE node_modules/@img/sharp-libvips-linux-s390x
2250 silly CHANGE node_modules/@img/sharp-libvips-linux-riscv64
2251 silly CHANGE node_modules/@img/sharp-libvips-linux-ppc64
2252 silly CHANGE node_modules/@img/sharp-libvips-linux-arm64
2253 silly CHANGE node_modules/@img/sharp-libvips-linux-arm
2254 silly CHANGE node_modules/@img/sharp-libvips-darwin-x64
2255 silly CHANGE node_modules/@img/sharp-libvips-darwin-arm64
2256 silly CHANGE node_modules/@img/sharp-darwin-x64
2257 silly CHANGE node_modules/@img/sharp-darwin-arm64
2258 silly CHANGE node_modules/@esbuild/win32-x64
2259 silly CHANGE node_modules/@esbuild/win32-ia32
2260 silly CHANGE node_modules/@esbuild/win32-arm64
2261 silly CHANGE node_modules/@esbuild/sunos-x64
2262 silly CHANGE node_modules/@esbuild/openharmony-arm64
2263 silly CHANGE node_modules/@esbuild/openbsd-x64
2264 silly CHANGE node_modules/@esbuild/openbsd-arm64
2265 silly CHANGE node_modules/@esbuild/netbsd-x64
2266 silly CHANGE node_modules/@esbuild/netbsd-arm64
2267 silly CHANGE node_modules/@esbuild/linux-x64
2268 silly CHANGE node_modules/@esbuild/linux-s390x
2269 silly CHANGE node_modules/@esbuild/linux-riscv64
2270 silly CHANGE node_modules/@esbuild/linux-ppc64
2271 silly CHANGE node_modules/@esbuild/linux-mips64el
2272 silly CHANGE node_modules/@esbuild/linux-loong64
2273 silly CHANGE node_modules/@esbuild/linux-ia32
2274 silly CHANGE node_modules/@esbuild/linux-arm64
2275 silly CHANGE node_modules/@esbuild/linux-arm
2276 silly CHANGE node_modules/@esbuild/freebsd-x64
2277 silly CHANGE node_modules/@esbuild/freebsd-arm64
2278 silly CHANGE node_modules/@esbuild/darwin-x64
2279 silly CHANGE node_modules/@esbuild/darwin-arm64
2280 silly CHANGE node_modules/@esbuild/android-x64
2281 silly CHANGE node_modules/@esbuild/android-arm64
2282 silly CHANGE node_modules/@esbuild/android-arm
2283 silly CHANGE node_modules/@esbuild/aix-ppc64
2284 silly REMOVE node_modules/@babel/traverse
2285 silly REMOVE node_modules/@babel/template
2286 silly REMOVE node_modules/@babel/plugin-transform-react-jsx-source
2287 silly REMOVE node_modules/@babel/plugin-transform-react-jsx-self
2288 silly REMOVE node_modules/@babel/helpers
2289 silly REMOVE node_modules/@babel/helper-validator-option
2290 silly REMOVE node_modules/@babel/helper-plugin-utils
2291 silly REMOVE node_modules/@babel/helper-module-transforms
2292 silly REMOVE node_modules/@babel/helper-module-imports
2293 silly REMOVE node_modules/@babel/helper-globals
2294 silly REMOVE node_modules/@babel/helper-compilation-targets
2295 silly REMOVE node_modules/@babel/generator
2296 silly REMOVE node_modules/@babel/core
2297 silly REMOVE node_modules/@babel/compat-data
2298 silly REMOVE node_modules/@babel/code-frame
2299 silly CHANGE node_modules/@astrojs/telemetry
2300 silly CHANGE node_modules/@astrojs/react
2301 silly CHANGE node_modules/@astrojs/prism
2302 silly REMOVE node_modules/@astrojs/markdown-remark
2303 silly CHANGE node_modules/@astrojs/internal-helpers
2304 silly REMOVE node_modules/@astrojs/compiler
2305 verbose cwd C:\Users\reymi\Desktop\rockgames
2306 verbose os Windows_NT 10.0.19045
2307 verbose node v22.20.0
2308 verbose npm  v11.5.2
2309 verbose exit 0
2310 info ok
