0 verbose cli C:\Program Files\nodejs\node.exe C:\Users\reymi\AppData\Roaming\npm\node_modules\npm\bin\npm-cli.js
1 info using npm@11.5.2
2 info using node@v22.20.0
3 silly config load:file:C:\Users\reymi\AppData\Roaming\npm\node_modules\npm\npmrc
4 silly config load:file:C:\Users\reymi\Desktop\rockgames\.npmrc
5 silly config load:file:C:\Users\reymi\.npmrc
6 silly config load:file:C:\Users\reymi\AppData\Roaming\npm\etc\npmrc
7 verbose title npm install
8 verbose argv "install" "--cache" ".npm-cache"
9 verbose logfile logs-max:10 dir:C:\Users\reymi\Desktop\rockgames\.npm-cache\_logs\2026-10-03T22_21_02_964Z-
10 verbose logfile C:\Users\reymi\Desktop\rockgames\.npm-cache\_logs\2026-10-03T22_21_02_964Z-debug-0.log
11 silly logfile done cleaning log files
12 silly packumentCache heap:4345298944 maxSize:1086324736 maxEntrySize:543162368
13 silly idealTree buildDeps
14 silly fetch manifest @astrojs/react@^4.3.0
15 silly packumentCache full:https://registry.npmjs.org/@astrojs%2freact cache-miss
16 http fetch GET 200 https://registry.npmjs.org/npm 260ms
17 http fetch GET 200 https://registry.npmjs.org/@astrojs%2freact 365ms (cache miss)
18 silly packumentCache full:https://registry.npmjs.org/@astrojs%2freact set size:undefined disposed:false
19 silly fetch manifest @types/react@^19.1.0
20 silly packumentCache full:https://registry.npmjs.org/@types%2freact cache-miss
21 http fetch GET 200 https://registry.npmjs.org/@types%2freact 83ms (cache miss)
22 silly packumentCache full:https://registry.npmjs.org/@types%2freact set size:undefined disposed:false
23 silly fetch manifest @types/react-dom@^19.1.0
24 silly packumentCache full:https://registry.npmjs.org/@types%2freact-dom cache-miss
25 http fetch GET 200 https://registry.npmjs.org/@types%2freact-dom 44ms (cache miss)
26 silly packumentCache full:https://registry.npmjs.org/@types%2freact-dom set size:undefined disposed:false
27 silly fetch manifest react@^19.1.0
28 silly packumentCache full:https://registry.npmjs.org/react cache-miss
29 http fetch GET 200 https://registry.npmjs.org/react 162ms (cache miss)
30 silly packumentCache full:https://registry.npmjs.org/react set size:undefined disposed:false
31 silly fetch manifest react-dom@^19.1.0
32 silly packumentCache full:https://registry.npmjs.org/react-dom cache-miss
33 http fetch GET 200 https://registry.npmjs.org/react-dom 193ms (cache miss)
34 silly packumentCache full:https://registry.npmjs.org/react-dom set size:undefined disposed:false
35 silly fetch manifest @tailwindcss/vite@^4.1.0
36 silly packumentCache full:https://registry.npmjs.org/@tailwindcss%2fvite cache-miss
37 http fetch GET 200 https://registry.npmjs.org/@tailwindcss%2fvite 89ms (cache miss)
38 silly packumentCache full:https://registry.npmjs.org/@tailwindcss%2fvite set size:undefined disposed:false
39 silly fetch manifest vite@^5.2.0 || ^6 || ^7 || ^8
40 silly packumentCache full:https://registry.npmjs.org/vite cache-miss
41 http fetch GET 200 https://registry.npmjs.org/vite 1168ms (cache miss)
42 silly packumentCache full:https://registry.npmjs.org/vite set size:undefined disposed:false
43 silly fetch manifest @types/node@^20.19.0 || >=22.12.0
44 silly packumentCache full:https://registry.npmjs.org/@types%2fnode cache-miss
45 http fetch GET 200 https://registry.npmjs.org/@types%2fnode 190ms (cache miss)
46 silly packumentCache full:https://registry.npmjs.org/@types%2fnode set size:undefined disposed:false
47 silly fetch manifest @vitejs/devtools@^0.7.1
48 silly packumentCache full:https://registry.npmjs.org/@vitejs%2fdevtools cache-miss
49 http fetch GET 200 https://registry.npmjs.org/@vitejs%2fdevtools 70ms (cache miss)
50 silly packumentCache full:https://registry.npmjs.org/@vitejs%2fdevtools set size:undefined disposed:false
51 silly fetch manifest @vitejs/devtools-oxc@^0.7.6
52 silly packumentCache full:https://registry.npmjs.org/@vitejs%2fdevtools-oxc cache-miss
53 http fetch GET 200 https://registry.npmjs.org/@vitejs%2fdevtools-oxc 137ms (cache miss)
54 silly packumentCache full:https://registry.npmjs.org/@vitejs%2fdevtools-oxc set size:undefined disposed:false
55 silly fetch manifest @vitejs/devtools-rolldown@^0.7.6
56 silly packumentCache full:https://registry.npmjs.org/@vitejs%2fdevtools-rolldown cache-miss
57 http fetch GET 200 https://registry.npmjs.org/@vitejs%2fdevtools-rolldown 89ms (cache miss)
58 silly packumentCache full:https://registry.npmjs.org/@vitejs%2fdevtools-rolldown set size:undefined disposed:false
59 silly fetch manifest @vitejs/devtools-vite@^0.7.6
60 silly packumentCache full:https://registry.npmjs.org/@vitejs%2fdevtools-vite cache-miss
61 http fetch GET 200 https://registry.npmjs.org/@vitejs%2fdevtools-vite 82ms (cache miss)
62 silly packumentCache full:https://registry.npmjs.org/@vitejs%2fdevtools-vite set size:undefined disposed:false
63 silly fetch manifest @vitejs/devtools-vitest@^0.7.6
64 silly packumentCache full:https://registry.npmjs.org/@vitejs%2fdevtools-vitest cache-miss
65 http fetch GET 200 https://registry.npmjs.org/@vitejs%2fdevtools-vitest 61ms (cache miss)
66 silly packumentCache full:https://registry.npmjs.org/@vitejs%2fdevtools-vitest set size:undefined disposed:false
67 silly fetch manifest vitest@*
68 silly packumentCache full:https://registry.npmjs.org/vitest cache-miss
69 http fetch GET 200 https://registry.npmjs.org/vitest 91ms (cache miss)
70 silly packumentCache full:https://registry.npmjs.org/vitest set size:undefined disposed:false
71 silly fetch manifest @edge-runtime/vm@*
72 silly packumentCache full:https://registry.npmjs.org/@edge-runtime%2fvm cache-miss
73 http fetch GET 200 https://registry.npmjs.org/@edge-runtime%2fvm 127ms (cache miss)
74 silly packumentCache full:https://registry.npmjs.org/@edge-runtime%2fvm set size:undefined disposed:false
75 silly fetch manifest @opentelemetry/api@^1.9.0
76 silly packumentCache full:https://registry.npmjs.org/@opentelemetry%2fapi cache-miss
77 http fetch GET 200 https://registry.npmjs.org/@opentelemetry%2fapi 43ms (cache miss)
78 silly packumentCache full:https://registry.npmjs.org/@opentelemetry%2fapi set size:undefined disposed:false
79 silly fetch manifest @vitest/browser-playwright@5.0.3
80 silly packumentCache full:https://registry.npmjs.org/@vitest%2fbrowser-playwright cache-miss
81 http fetch GET 200 https://registry.npmjs.org/@vitest%2fbrowser-playwright 39ms (cache miss)
82 silly packumentCache full:https://registry.npmjs.org/@vitest%2fbrowser-playwright set size:undefined disposed:false
83 silly fetch manifest playwright@*
84 silly packumentCache full:https://registry.npmjs.org/playwright cache-miss
85 http fetch GET 200 https://registry.npmjs.org/playwright 339ms (cache miss)
86 silly packumentCache full:https://registry.npmjs.org/playwright set size:undefined disposed:false
87 silly fetch manifest @vitest/browser-preview@5.0.3
88 silly packumentCache full:https://registry.npmjs.org/@vitest%2fbrowser-preview cache-miss
89 http fetch GET 200 https://registry.npmjs.org/@vitest%2fbrowser-preview 115ms (cache miss)
90 silly packumentCache full:https://registry.npmjs.org/@vitest%2fbrowser-preview set size:undefined disposed:false
91 silly fetch manifest @vitest/browser-webdriverio@^5.0.0-beta.5 || >=5.0.0
92 silly packumentCache full:https://registry.npmjs.org/@vitest%2fbrowser-webdriverio cache-miss
93 http fetch GET 200 https://registry.npmjs.org/@vitest%2fbrowser-webdriverio 121ms (cache miss)
94 silly packumentCache full:https://registry.npmjs.org/@vitest%2fbrowser-webdriverio set size:undefined disposed:false
95 silly fetch manifest webdriverio@*
96 silly packumentCache full:https://registry.npmjs.org/webdriverio cache-miss
97 http fetch GET 200 https://registry.npmjs.org/webdriverio 83ms (cache miss)
98 silly packumentCache full:https://registry.npmjs.org/webdriverio set size:undefined disposed:false
99 silly fetch manifest puppeteer-core@>=22.x <=24.x
100 silly packumentCache full:https://registry.npmjs.org/puppeteer-core cache-miss
101 http fetch GET 200 https://registry.npmjs.org/puppeteer-core 51ms (cache miss)
102 silly packumentCache full:https://registry.npmjs.org/puppeteer-core set size:undefined disposed:false
103 silly fetch manifest @vitest/coverage-istanbul@5.0.3
104 silly packumentCache full:https://registry.npmjs.org/@vitest%2fcoverage-istanbul cache-miss
105 http fetch GET 200 https://registry.npmjs.org/@vitest%2fcoverage-istanbul 153ms (cache miss)
106 silly packumentCache full:https://registry.npmjs.org/@vitest%2fcoverage-istanbul set size:undefined disposed:false
107 silly fetch manifest @vitest/coverage-v8@5.0.3
108 silly packumentCache full:https://registry.npmjs.org/@vitest%2fcoverage-v8 cache-miss
109 http fetch GET 200 https://registry.npmjs.org/@vitest%2fcoverage-v8 52ms (cache miss)
110 silly packumentCache full:https://registry.npmjs.org/@vitest%2fcoverage-v8 set size:undefined disposed:false
111 silly fetch manifest @vitest/browser@5.0.3
112 silly packumentCache full:https://registry.npmjs.org/@vitest%2fbrowser cache-miss
113 http fetch GET 200 https://registry.npmjs.org/@vitest%2fbrowser 54ms (cache miss)
114 silly packumentCache full:https://registry.npmjs.org/@vitest%2fbrowser set size:undefined disposed:false
115 silly fetch manifest @vitest/ui@5.0.3
116 silly packumentCache full:https://registry.npmjs.org/@vitest%2fui cache-miss
117 http fetch GET 200 https://registry.npmjs.org/@vitest%2fui 145ms (cache miss)
118 silly packumentCache full:https://registry.npmjs.org/@vitest%2fui set size:undefined disposed:false
119 silly fetch manifest happy-dom@*
120 silly packumentCache full:https://registry.npmjs.org/happy-dom cache-miss
121 http fetch GET 200 https://registry.npmjs.org/happy-dom 75ms (cache miss)
122 silly packumentCache full:https://registry.npmjs.org/happy-dom set size:undefined disposed:false
123 silly fetch manifest jsdom@*
124 silly packumentCache full:https://registry.npmjs.org/jsdom cache-miss
125 http fetch GET 200 https://registry.npmjs.org/jsdom 45ms (cache miss)
126 silly packumentCache full:https://registry.npmjs.org/jsdom set size:undefined disposed:false
127 silly fetch manifest canvas@^3.0.0
128 silly packumentCache full:https://registry.npmjs.org/canvas cache-miss
129 http fetch GET 200 https://registry.npmjs.org/canvas 33ms (cache miss)
130 silly packumentCache full:https://registry.npmjs.org/canvas set size:undefined disposed:false
131 silly fetch manifest esbuild@^0.27.0 || ^0.28.0
132 silly packumentCache full:https://registry.npmjs.org/esbuild cache-miss
133 http fetch GET 200 https://registry.npmjs.org/esbuild 70ms (cache miss)
134 silly packumentCache full:https://registry.npmjs.org/esbuild set size:undefined disposed:false
135 silly fetch manifest jiti@>=1.21.0
136 silly packumentCache full:https://registry.npmjs.org/jiti cache-miss
137 http fetch GET 200 https://registry.npmjs.org/jiti 35ms (cache miss)
138 silly packumentCache full:https://registry.npmjs.org/jiti set size:undefined disposed:false
139 silly fetch manifest less@^4.0.0
140 silly packumentCache full:https://registry.npmjs.org/less cache-miss
141 http fetch GET 200 https://registry.npmjs.org/less 38ms (cache miss)
142 silly packumentCache full:https://registry.npmjs.org/less set size:undefined disposed:false
143 silly fetch manifest sass@^1.70.0
144 silly packumentCache full:https://registry.npmjs.org/sass cache-miss
145 http fetch GET 200 https://registry.npmjs.org/sass 50ms (cache miss)
146 silly packumentCache full:https://registry.npmjs.org/sass set size:undefined disposed:false
147 silly fetch manifest sass-embedded@^1.70.0
148 silly packumentCache full:https://registry.npmjs.org/sass-embedded cache-miss
149 http fetch GET 200 https://registry.npmjs.org/sass-embedded 115ms (cache miss)
150 silly packumentCache full:https://registry.npmjs.org/sass-embedded set size:undefined disposed:false
151 silly fetch manifest stylus@>=0.54.8
152 silly packumentCache full:https://registry.npmjs.org/stylus cache-miss
153 http fetch GET 200 https://registry.npmjs.org/stylus 31ms (cache miss)
154 silly packumentCache full:https://registry.npmjs.org/stylus set size:undefined disposed:false
155 silly fetch manifest sugarss@^5.0.0
156 silly packumentCache full:https://registry.npmjs.org/sugarss cache-miss
157 http fetch GET 200 https://registry.npmjs.org/sugarss 23ms (cache miss)
158 silly packumentCache full:https://registry.npmjs.org/sugarss set size:undefined disposed:false
159 silly fetch manifest postcss@^8.3.3
160 silly packumentCache full:https://registry.npmjs.org/postcss cache-miss
161 http fetch GET 200 https://registry.npmjs.org/postcss 40ms (cache miss)
162 silly packumentCache full:https://registry.npmjs.org/postcss set size:undefined disposed:false
163 silly fetch manifest terser@^5.16.0
164 silly packumentCache full:https://registry.npmjs.org/terser cache-miss
165 http fetch GET 200 https://registry.npmjs.org/terser 48ms (cache miss)
166 silly packumentCache full:https://registry.npmjs.org/terser set size:undefined disposed:false
167 silly fetch manifest tsx@^4.8.1
168 silly packumentCache full:https://registry.npmjs.org/tsx cache-miss
169 http fetch GET 200 https://registry.npmjs.org/tsx 34ms (cache miss)
170 silly packumentCache full:https://registry.npmjs.org/tsx set size:undefined disposed:false
171 silly fetch manifest yaml@^2.4.2
172 silly packumentCache full:https://registry.npmjs.org/yaml cache-miss
173 http fetch GET 200 https://registry.npmjs.org/yaml 33ms (cache miss)
174 silly packumentCache full:https://registry.npmjs.org/yaml set size:undefined disposed:false
175 silly fetch manifest astro@^5.14.0
176 silly packumentCache full:https://registry.npmjs.org/astro cache-miss
177 http fetch GET 200 https://registry.npmjs.org/astro 221ms (cache miss)
178 silly packumentCache full:https://registry.npmjs.org/astro set size:undefined disposed:false
179 silly fetch manifest gsap@^3.13.0
180 silly packumentCache full:https://registry.npmjs.org/gsap cache-miss
181 http fetch GET 200 https://registry.npmjs.org/gsap 35ms (cache miss)
182 silly packumentCache full:https://registry.npmjs.org/gsap set size:undefined disposed:false
183 silly fetch manifest tailwindcss@^4.1.0
184 silly packumentCache full:https://registry.npmjs.org/tailwindcss cache-miss
185 http fetch GET 200 https://registry.npmjs.org/tailwindcss 164ms (cache miss)
186 silly packumentCache full:https://registry.npmjs.org/tailwindcss set size:undefined disposed:false
187 silly fetch manifest typescript@^5.9.0
188 silly packumentCache full:https://registry.npmjs.org/typescript cache-miss
189 http fetch GET 200 https://registry.npmjs.org/typescript 241ms (cache miss)
190 silly packumentCache full:https://registry.npmjs.org/typescript set size:undefined disposed:false
191 silly placeDep ROOT @astrojs/react@4.4.2 OK for: rock-games@0.2.0 want: ^4.3.0
192 silly placeDep ROOT react@19.3.0 OK for: @astrojs/react@4.4.2 want: ^17.0.2 || ^18.0.0 || ^19.0.0
193 silly placeDep ROOT react-dom@19.3.0 OK for: @astrojs/react@4.4.2 want: ^17.0.2 || ^18.0.0 || ^19.0.0
194 silly placeDep ROOT @types/react@19.3.0 OK for: @astrojs/react@4.4.2 want: ^17.0.50 || ^18.0.21 || ^19.0.0
195 silly placeDep ROOT @types/react-dom@19.3.0 OK for: @astrojs/react@4.4.2 want: ^17.0.17 || ^18.0.6 || ^19.0.0
196 silly placeDep ROOT @tailwindcss/vite@4.3.3 OK for: rock-games@0.2.0 want: ^4.1.0
197 silly placeDep ROOT vite@8.3.2 OK for: @tailwindcss/vite@4.3.3 want: ^5.2.0 || ^6 || ^7 || ^8
198 silly placeDep ROOT astro@5.18.2 OK for: rock-games@0.2.0 want: ^5.14.0
199 silly placeDep ROOT gsap@3.15.0 OK for: rock-games@0.2.0 want: ^3.13.0
200 silly placeDep ROOT tailwindcss@4.3.3 OK for: rock-games@0.2.0 want: ^4.1.0
201 silly placeDep ROOT typescript@5.9.3 OK for: rock-games@0.2.0 want: ^5.9.0
202 silly fetch manifest vite@^6.4.1
203 silly packumentCache full:https://registry.npmjs.org/vite cache-miss
204 silly fetch manifest ultrahtml@^1.6.0
205 silly packumentCache full:https://registry.npmjs.org/ultrahtml cache-miss
206 silly fetch manifest @vitejs/plugin-react@^4.7.0
207 silly packumentCache full:https://registry.npmjs.org/@vitejs%2fplugin-react cache-miss
208 silly fetch manifest csstype@^3.2.2
209 silly packumentCache full:https://registry.npmjs.org/csstype cache-miss
210 silly fetch manifest scheduler@^0.28.0
211 silly packumentCache full:https://registry.npmjs.org/scheduler cache-miss
212 silly fetch manifest tailwindcss@4.3.3
213 silly packumentCache full:https://registry.npmjs.org/tailwindcss cache-miss
214 silly fetch manifest @tailwindcss/node@4.3.3
215 silly packumentCache full:https://registry.npmjs.org/@tailwindcss%2fnode cache-miss
216 silly fetch manifest @tailwindcss/oxide@4.3.3
217 silly packumentCache full:https://registry.npmjs.org/@tailwindcss%2foxide cache-miss
218 silly fetch manifest postcss@^8.5.28
219 silly packumentCache full:https://registry.npmjs.org/postcss cache-miss
220 silly fetch manifest rolldown@~1.2.11
221 silly packumentCache full:https://registry.npmjs.org/rolldown cache-miss
222 silly fetch manifest picomatch@^4.0.7
223 silly packumentCache full:https://registry.npmjs.org/picomatch cache-miss
224 http cache https://registry.npmjs.org/tailwindcss 81ms (cache hit)
225 silly packumentCache full:https://registry.npmjs.org/tailwindcss set size:10893093 disposed:false
226 silly fetch manifest tinyglobby@^0.2.17
227 silly packumentCache full:https://registry.npmjs.org/tinyglobby cache-miss
228 http cache https://registry.npmjs.org/postcss 190ms (cache hit)
229 silly packumentCache full:https://registry.npmjs.org/postcss set size:766699 disposed:false
230 silly fetch manifest lightningcss@^1.33.0
231 silly packumentCache full:https://registry.npmjs.org/lightningcss cache-miss
232 http cache https://registry.npmjs.org/vite 256ms (cache hit)
233 silly packumentCache full:https://registry.npmjs.org/vite set size:38955941 disposed:false
234 silly fetch manifest fsevents@~2.3.3
235 silly packumentCache full:https://registry.npmjs.org/fsevents cache-miss
236 http fetch GET 200 https://registry.npmjs.org/ultrahtml 533ms (cache miss)
237 silly packumentCache full:https://registry.npmjs.org/ultrahtml set size:undefined disposed:false
238 silly fetch manifest dlv@^1.1.3
239 silly packumentCache full:https://registry.npmjs.org/dlv cache-miss
240 http fetch GET 200 https://registry.npmjs.org/tinyglobby 358ms (cache miss)
241 silly packumentCache full:https://registry.npmjs.org/tinyglobby set size:undefined disposed:false
242 silly fetch manifest zod@^3.25.76
243 silly packumentCache full:https://registry.npmjs.org/zod cache-miss
244 http fetch GET 200 https://registry.npmjs.org/@vitejs%2fplugin-react 544ms (cache miss)
245 silly packumentCache full:https://registry.npmjs.org/@vitejs%2fplugin-react set size:undefined disposed:false
246 silly fetch manifest clsx@^2.1.1
247 silly packumentCache full:https://registry.npmjs.org/clsx cache-miss
248 http fetch GET 200 https://registry.npmjs.org/lightningcss 353ms (cache miss)
249 silly packumentCache full:https://registry.npmjs.org/lightningcss set size:undefined disposed:false
250 silly fetch manifest diff@^8.0.3
251 silly packumentCache full:https://registry.npmjs.org/diff cache-miss
252 http fetch GET 200 https://registry.npmjs.org/fsevents 61ms (cache miss)
253 silly packumentCache full:https://registry.npmjs.org/fsevents set size:undefined disposed:false
254 silly fetch manifest dset@^3.1.4
255 silly packumentCache full:https://registry.npmjs.org/dset cache-miss
256 http fetch GET 200 https://registry.npmjs.org/picomatch 565ms (cache miss)
257 silly packumentCache full:https://registry.npmjs.org/picomatch set size:undefined disposed:false
258 silly fetch manifest svgo@^4.0.0
259 silly packumentCache full:https://registry.npmjs.org/svgo cache-miss
260 http fetch GET 200 https://registry.npmjs.org/csstype 572ms (cache miss)
261 silly packumentCache full:https://registry.npmjs.org/csstype set size:undefined disposed:false
262 silly fetch manifest acorn@^8.15.0
263 silly packumentCache full:https://registry.npmjs.org/acorn cache-miss
264 http fetch GET 200 https://registry.npmjs.org/clsx 39ms (cache miss)
265 silly packumentCache full:https://registry.npmjs.org/clsx set size:undefined disposed:false
266 silly fetch manifest boxen@8.0.1
267 silly packumentCache full:https://registry.npmjs.org/boxen cache-miss
268 http fetch GET 200 https://registry.npmjs.org/diff 53ms (cache miss)
269 silly packumentCache full:https://registry.npmjs.org/diff set size:undefined disposed:false
270 silly fetch manifest debug@^4.4.3
271 silly packumentCache full:https://registry.npmjs.org/debug cache-miss
272 http fetch GET 200 https://registry.npmjs.org/dset 48ms (cache miss)
273 silly packumentCache full:https://registry.npmjs.org/dset set size:undefined disposed:false
274 silly fetch manifest shiki@^3.21.0
275 silly packumentCache full:https://registry.npmjs.org/shiki cache-miss
276 http fetch GET 200 https://registry.npmjs.org/boxen 47ms (cache miss)
277 silly packumentCache full:https://registry.npmjs.org/boxen set size:undefined disposed:false
278 silly fetch manifest vfile@^6.0.3
279 silly packumentCache full:https://registry.npmjs.org/vfile cache-miss
280 http fetch GET 200 https://registry.npmjs.org/svgo 73ms (cache miss)
281 silly packumentCache full:https://registry.npmjs.org/svgo set size:undefined disposed:false
282 silly fetch manifest cookie@^1.1.1
283 silly packumentCache full:https://registry.npmjs.org/cookie cache-miss
284 http fetch GET 200 https://registry.npmjs.org/acorn 76ms (cache miss)
285 silly packumentCache full:https://registry.npmjs.org/acorn set size:undefined disposed:false
286 silly fetch manifest cssesc@^3.0.0
287 silly packumentCache full:https://registry.npmjs.org/cssesc cache-miss
288 http fetch GET 200 https://registry.npmjs.org/dlv 133ms (cache miss)
289 silly packumentCache full:https://registry.npmjs.org/dlv set size:undefined disposed:false
290 silly fetch manifest mrmime@^2.0.1
291 silly packumentCache full:https://registry.npmjs.org/mrmime cache-miss
292 http fetch GET 200 https://registry.npmjs.org/debug 67ms (cache miss)
293 silly packumentCache full:https://registry.npmjs.org/debug set size:undefined disposed:false
294 silly fetch manifest rehype@^13.0.2
295 silly packumentCache full:https://registry.npmjs.org/rehype cache-miss
296 http fetch GET 200 https://registry.npmjs.org/@tailwindcss%2fnode 687ms (cache miss)
297 silly packumentCache full:https://registry.npmjs.org/@tailwindcss%2fnode set size:undefined disposed:false
298 silly fetch manifest semver@^7.7.3
299 silly packumentCache full:https://registry.npmjs.org/semver cache-miss
300 http fetch GET 200 https://registry.npmjs.org/cookie 67ms (cache miss)
301 silly packumentCache full:https://registry.npmjs.org/cookie set size:undefined disposed:false
302 silly fetch manifest vitefu@^1.1.1
303 silly packumentCache full:https://registry.npmjs.org/vitefu cache-miss
304 http fetch GET 200 https://registry.npmjs.org/vfile 77ms (cache miss)
305 silly packumentCache full:https://registry.npmjs.org/vfile set size:undefined disposed:false
306 silly fetch manifest ci-info@^4.3.1
307 silly packumentCache full:https://registry.npmjs.org/ci-info cache-miss
308 http fetch GET 200 https://registry.npmjs.org/cssesc 64ms (cache miss)
309 silly packumentCache full:https://registry.npmjs.org/cssesc set size:undefined disposed:false
310 silly fetch manifest devalue@^5.6.2
311 silly packumentCache full:https://registry.npmjs.org/devalue cache-miss
312 http fetch GET 200 https://registry.npmjs.org/shiki 112ms (cache miss)
313 silly packumentCache full:https://registry.npmjs.org/shiki set size:undefined disposed:false
314 silly fetch manifest esbuild@^0.27.3
315 silly packumentCache full:https://registry.npmjs.org/esbuild cache-miss
316 http fetch GET 200 https://registry.npmjs.org/mrmime 67ms (cache miss)
317 silly packumentCache full:https://registry.npmjs.org/mrmime set size:undefined disposed:false
318 silly fetch manifest flattie@^1.1.1
319 silly packumentCache full:https://registry.npmjs.org/flattie cache-miss
320 http cache https://registry.npmjs.org/esbuild 21ms (cache hit)
321 silly packumentCache full:https://registry.npmjs.org/esbuild set size:1264676 disposed:false
322 silly fetch manifest fontace@~0.4.0
323 silly packumentCache full:https://registry.npmjs.org/fontace cache-miss
324 http fetch GET 200 https://registry.npmjs.org/vitefu 49ms (cache miss)
325 silly packumentCache full:https://registry.npmjs.org/vitefu set size:undefined disposed:false
326 silly fetch manifest js-yaml@^4.1.1
327 silly packumentCache full:https://registry.npmjs.org/js-yaml cache-miss
328 http fetch GET 200 https://registry.npmjs.org/semver 64ms (cache miss)
329 silly packumentCache full:https://registry.npmjs.org/semver set size:undefined disposed:false
330 silly fetch manifest p-limit@^6.2.0
331 silly packumentCache full:https://registry.npmjs.org/p-limit cache-miss
332 http fetch GET 200 https://registry.npmjs.org/ci-info 53ms (cache miss)
333 silly packumentCache full:https://registry.npmjs.org/ci-info set size:undefined disposed:false
334 silly fetch manifest p-queue@^8.1.1
335 silly packumentCache full:https://registry.npmjs.org/p-queue cache-miss
336 http fetch GET 200 https://registry.npmjs.org/flattie 48ms (cache miss)
337 silly packumentCache full:https://registry.npmjs.org/flattie set size:undefined disposed:false
338 silly fetch manifest prompts@^2.4.2
339 silly packumentCache full:https://registry.npmjs.org/prompts cache-miss
340 http fetch GET 200 https://registry.npmjs.org/devalue 73ms (cache miss)
341 silly packumentCache full:https://registry.npmjs.org/devalue set size:undefined disposed:false
342 silly fetch manifest unifont@~0.7.3
343 silly packumentCache full:https://registry.npmjs.org/unifont cache-miss
344 http fetch GET 200 https://registry.npmjs.org/fontace 45ms (cache miss)
345 silly packumentCache full:https://registry.npmjs.org/fontace set size:undefined disposed:false
346 silly fetch manifest magicast@^0.5.1
347 silly packumentCache full:https://registry.npmjs.org/magicast cache-miss
348 http fetch GET 200 https://registry.npmjs.org/rehype 132ms (cache miss)
349 silly packumentCache full:https://registry.npmjs.org/rehype set size:undefined disposed:false
350 silly fetch manifest tinyexec@^1.0.2
351 silly packumentCache full:https://registry.npmjs.org/tinyexec cache-miss
352 http fetch GET 200 https://registry.npmjs.org/p-limit 47ms (cache miss)
353 silly packumentCache full:https://registry.npmjs.org/p-limit set size:undefined disposed:false
354 silly fetch manifest tsconfck@^3.1.6
355 silly packumentCache full:https://registry.npmjs.org/tsconfck cache-miss
356 http fetch GET 200 https://registry.npmjs.org/rolldown 816ms (cache miss)
357 silly packumentCache full:https://registry.npmjs.org/rolldown set size:undefined disposed:false
358 silly fetch manifest piccolore@^0.1.3
359 silly packumentCache full:https://registry.npmjs.org/piccolore cache-miss
360 http fetch GET 200 https://registry.npmjs.org/js-yaml 81ms (cache miss)
361 silly packumentCache full:https://registry.npmjs.org/js-yaml set size:undefined disposed:false
362 silly fetch manifest picomatch@^4.0.3
363 silly packumentCache full:https://registry.npmjs.org/picomatch cache-miss
364 http fetch GET 200 https://registry.npmjs.org/p-queue 77ms (cache miss)
365 silly packumentCache full:https://registry.npmjs.org/p-queue set size:undefined disposed:false
366 silly fetch manifest smol-toml@^1.6.0
367 silly packumentCache full:https://registry.npmjs.org/smol-toml cache-miss
368 http cache https://registry.npmjs.org/picomatch 24ms (cache hit)
369 silly packumentCache full:https://registry.npmjs.org/picomatch set size:134451 disposed:false
370 silly fetch manifest unstorage@^1.17.4
371 silly packumentCache full:https://registry.npmjs.org/unstorage cache-miss
372 http fetch GET 200 https://registry.npmjs.org/unifont 77ms (cache miss)
373 silly packumentCache full:https://registry.npmjs.org/unifont set size:undefined disposed:false
374 silly fetch manifest zod-to-ts@^1.2.0
375 silly packumentCache full:https://registry.npmjs.org/zod-to-ts cache-miss
376 http fetch GET 200 https://registry.npmjs.org/tinyexec 63ms (cache miss)
377 silly packumentCache full:https://registry.npmjs.org/tinyexec set size:undefined disposed:false
378 silly fetch manifest aria-query@^5.3.2
379 silly packumentCache full:https://registry.npmjs.org/aria-query cache-miss
380 http fetch GET 200 https://registry.npmjs.org/magicast 76ms (cache miss)
381 silly packumentCache full:https://registry.npmjs.org/magicast set size:undefined disposed:false
382 silly fetch manifest tinyglobby@^0.2.15
383 silly packumentCache full:https://registry.npmjs.org/tinyglobby cache-miss
384 http fetch GET 200 https://registry.npmjs.org/prompts 96ms (cache miss)
385 silly packumentCache full:https://registry.npmjs.org/prompts set size:undefined disposed:false
386 silly fetch manifest neotraverse@^0.6.18
387 silly packumentCache full:https://registry.npmjs.org/neotraverse cache-miss
388 http fetch GET 200 https://registry.npmjs.org/tsconfck 69ms (cache miss)
389 silly packumentCache full:https://registry.npmjs.org/tsconfck set size:undefined disposed:false
390 silly fetch manifest xxhash-wasm@^1.1.0
391 silly packumentCache full:https://registry.npmjs.org/xxhash-wasm cache-miss
392 http fetch GET 200 https://registry.npmjs.org/piccolore 49ms (cache miss)
393 silly packumentCache full:https://registry.npmjs.org/piccolore set size:undefined disposed:false
394 silly fetch manifest html-escaper@3.0.3
395 silly packumentCache full:https://registry.npmjs.org/html-escaper cache-miss
396 http cache https://registry.npmjs.org/tinyglobby 15ms (cache hit)
397 silly packumentCache full:https://registry.npmjs.org/tinyglobby set size:54291 disposed:false
398 silly fetch manifest magic-string@^0.30.21
399 silly packumentCache full:https://registry.npmjs.org/magic-string cache-miss
400 http fetch GET 200 https://registry.npmjs.org/@tailwindcss%2foxide 899ms (cache miss)
401 silly packumentCache full:https://registry.npmjs.org/@tailwindcss%2foxide set size:undefined disposed:false
402 silly fetch manifest yargs-parser@^21.1.1
403 silly packumentCache full:https://registry.npmjs.org/yargs-parser cache-miss
404 http fetch GET 200 https://registry.npmjs.org/smol-toml 83ms (cache miss)
405 silly packumentCache full:https://registry.npmjs.org/smol-toml set size:undefined disposed:false
406 silly fetch manifest estree-walker@^3.0.3
407 silly packumentCache full:https://registry.npmjs.org/estree-walker cache-miss
408 http fetch GET 200 https://registry.npmjs.org/aria-query 84ms (cache miss)
409 silly packumentCache full:https://registry.npmjs.org/aria-query set size:undefined disposed:false
410 silly fetch manifest yocto-spinner@^0.2.3
411 silly packumentCache full:https://registry.npmjs.org/yocto-spinner cache-miss
412 http fetch GET 200 https://registry.npmjs.org/html-escaper 75ms (cache miss)
413 silly packumentCache full:https://registry.npmjs.org/html-escaper set size:undefined disposed:false
414 silly fetch manifest axobject-query@^4.1.0
415 silly packumentCache full:https://registry.npmjs.org/axobject-query cache-miss
416 http fetch GET 200 https://registry.npmjs.org/xxhash-wasm 85ms (cache miss)
417 silly packumentCache full:https://registry.npmjs.org/xxhash-wasm set size:undefined disposed:false
418 silly fetch manifest github-slugger@^2.0.0
419 silly packumentCache full:https://registry.npmjs.org/github-slugger cache-miss
420 http fetch GET 200 https://registry.npmjs.org/neotraverse 90ms (cache miss)
421 silly packumentCache full:https://registry.npmjs.org/neotraverse set size:undefined disposed:false
422 silly fetch manifest es-module-lexer@^1.7.0
423 silly packumentCache full:https://registry.npmjs.org/es-module-lexer cache-miss
424 http fetch GET 200 https://registry.npmjs.org/zod 441ms (cache miss)
425 silly packumentCache full:https://registry.npmjs.org/zod set size:undefined disposed:false
426 silly fetch manifest @oslojs/encoding@^1.1.0
427 silly packumentCache full:https://registry.npmjs.org/@oslojs%2fencoding cache-miss
428 http fetch GET 200 https://registry.npmjs.org/unstorage 167ms (cache miss)
429 silly packumentCache full:https://registry.npmjs.org/unstorage set size:undefined disposed:false
430 silly fetch manifest unist-util-visit@^5.0.0
431 silly packumentCache full:https://registry.npmjs.org/unist-util-visit cache-miss
432 http fetch GET 200 https://registry.npmjs.org/magic-string 154ms (cache miss)
433 silly packumentCache full:https://registry.npmjs.org/magic-string set size:undefined disposed:false
434 silly fetch manifest @astrojs/compiler@^2.13.0
435 silly packumentCache full:https://registry.npmjs.org/@astrojs%2fcompiler cache-miss
436 http fetch GET 200 https://registry.npmjs.org/estree-walker 121ms (cache miss)
437 silly packumentCache full:https://registry.npmjs.org/estree-walker set size:undefined disposed:false
438 silly fetch manifest @astrojs/telemetry@3.3.0
439 silly packumentCache full:https://registry.npmjs.org/@astrojs%2ftelemetry cache-miss
440 http fetch GET 200 https://registry.npmjs.org/zod-to-ts 189ms (cache miss)
441 silly packumentCache full:https://registry.npmjs.org/zod-to-ts set size:undefined disposed:false
442 silly fetch manifest @capsizecss/unpack@^4.0.0
443 silly packumentCache full:https://registry.npmjs.org/@capsizecss%2funpack cache-miss
444 http fetch GET 200 https://registry.npmjs.org/axobject-query 97ms (cache miss)
445 silly packumentCache full:https://registry.npmjs.org/axobject-query set size:undefined disposed:false
446 silly fetch manifest zod-to-json-schema@^3.25.1
447 silly packumentCache full:https://registry.npmjs.org/zod-to-json-schema cache-miss
448 http fetch GET 200 https://registry.npmjs.org/github-slugger 101ms (cache miss)
449 silly packumentCache full:https://registry.npmjs.org/github-slugger set size:undefined disposed:false
450 silly fetch manifest @rollup/pluginutils@^5.3.0
451 silly packumentCache full:https://registry.npmjs.org/@rollup%2fpluginutils cache-miss
452 http fetch GET 200 https://registry.npmjs.org/yargs-parser 150ms (cache miss)
453 silly packumentCache full:https://registry.npmjs.org/yargs-parser set size:undefined disposed:false
454 silly fetch manifest import-meta-resolve@^4.2.0
455 silly packumentCache full:https://registry.npmjs.org/import-meta-resolve cache-miss
456 http fetch GET 200 https://registry.npmjs.org/scheduler 1084ms (cache miss)
457 silly packumentCache full:https://registry.npmjs.org/scheduler set size:undefined disposed:false
458 silly fetch manifest common-ancestor-path@^1.0.1
459 silly packumentCache full:https://registry.npmjs.org/common-ancestor-path cache-miss
460 http fetch GET 200 https://registry.npmjs.org/es-module-lexer 148ms (cache miss)
461 silly packumentCache full:https://registry.npmjs.org/es-module-lexer set size:undefined disposed:false
462 silly fetch manifest http-cache-semantics@^4.2.0
463 silly packumentCache full:https://registry.npmjs.org/http-cache-semantics cache-miss
464 http fetch GET 200 https://registry.npmjs.org/@oslojs%2fencoding 106ms (cache miss)
465 silly packumentCache full:https://registry.npmjs.org/@oslojs%2fencoding set size:undefined disposed:false
466 silly fetch manifest @astrojs/markdown-remark@6.3.11
467 silly packumentCache full:https://registry.npmjs.org/@astrojs%2fmarkdown-remark cache-miss
468 http fetch GET 200 https://registry.npmjs.org/yocto-spinner 172ms (cache miss)
469 silly packumentCache full:https://registry.npmjs.org/yocto-spinner set size:undefined disposed:false
470 silly fetch manifest package-manager-detector@^1.6.0
471 silly packumentCache full:https://registry.npmjs.org/package-manager-detector cache-miss
472 http fetch GET 200 https://registry.npmjs.org/unist-util-visit 94ms (cache miss)
473 silly packumentCache full:https://registry.npmjs.org/unist-util-visit set size:undefined disposed:false
474 silly fetch manifest @astrojs/internal-helpers@0.7.6
475 silly packumentCache full:https://registry.npmjs.org/@astrojs%2finternal-helpers cache-miss
476 http fetch GET 200 https://registry.npmjs.org/import-meta-resolve 65ms (cache miss)
477 silly packumentCache full:https://registry.npmjs.org/import-meta-resolve set size:undefined disposed:false
478 silly fetch manifest deterministic-object-hash@^2.0.2
479 silly packumentCache full:https://registry.npmjs.org/deterministic-object-hash cache-miss
480 http fetch GET 200 https://registry.npmjs.org/@astrojs%2ftelemetry 87ms (cache miss)
481 silly packumentCache full:https://registry.npmjs.org/@astrojs%2ftelemetry set size:undefined disposed:false
482 silly fetch manifest sharp@^0.34.0
483 silly packumentCache full:https://registry.npmjs.org/sharp cache-miss
484 http fetch GET 200 https://registry.npmjs.org/@capsizecss%2funpack 87ms (cache miss)
485 silly packumentCache full:https://registry.npmjs.org/@capsizecss%2funpack set size:undefined disposed:false
486 http fetch GET 200 https://registry.npmjs.org/common-ancestor-path 41ms (cache miss)
487 silly packumentCache full:https://registry.npmjs.org/common-ancestor-path set size:undefined disposed:false
488 http fetch GET 200 https://registry.npmjs.org/zod-to-json-schema 90ms (cache miss)
489 silly packumentCache full:https://registry.npmjs.org/zod-to-json-schema set size:undefined disposed:false
490 http fetch GET 200 https://registry.npmjs.org/http-cache-semantics 34ms (cache miss)
491 silly packumentCache full:https://registry.npmjs.org/http-cache-semantics set size:undefined disposed:false
492 http fetch GET 200 https://registry.npmjs.org/package-manager-detector 42ms (cache miss)
493 silly packumentCache full:https://registry.npmjs.org/package-manager-detector set size:undefined disposed:false
494 http fetch GET 200 https://registry.npmjs.org/deterministic-object-hash 43ms (cache miss)
495 silly packumentCache full:https://registry.npmjs.org/deterministic-object-hash set size:undefined disposed:false
496 http fetch GET 200 https://registry.npmjs.org/@astrojs%2finternal-helpers 52ms (cache miss)
497 silly packumentCache full:https://registry.npmjs.org/@astrojs%2finternal-helpers set size:undefined disposed:false
498 http fetch GET 200 https://registry.npmjs.org/@rollup%2fpluginutils 125ms (cache miss)
499 silly packumentCache full:https://registry.npmjs.org/@rollup%2fpluginutils set size:undefined disposed:false
500 http fetch GET 200 https://registry.npmjs.org/@astrojs%2fmarkdown-remark 74ms (cache miss)
501 silly packumentCache full:https://registry.npmjs.org/@astrojs%2fmarkdown-remark set size:undefined disposed:false
502 http fetch GET 200 https://registry.npmjs.org/sharp 64ms (cache miss)
503 silly packumentCache full:https://registry.npmjs.org/sharp set size:undefined disposed:false
504 http fetch GET 200 https://registry.npmjs.org/@astrojs%2fcompiler 282ms (cache miss)
505 silly packumentCache full:https://registry.npmjs.org/@astrojs%2fcompiler set size:undefined disposed:false
506 silly fetch manifest @types/node@^18.0.0 || ^20.0.0 || >=22.0.0
507 silly packumentCache full:https://registry.npmjs.org/@types%2fnode cache-miss
508 http cache https://registry.npmjs.org/@types%2fnode 52ms (cache hit)
509 silly packumentCache full:https://registry.npmjs.org/@types%2fnode set size:11171832 disposed:false
510 silly fetch manifest less@*
511 silly packumentCache full:https://registry.npmjs.org/less cache-miss
512 http cache https://registry.npmjs.org/less 15ms (cache hit)
513 silly packumentCache full:https://registry.npmjs.org/less set size:577855 disposed:false
514 silly fetch manifest lightningcss@^1.21.0
515 silly packumentCache full:https://registry.npmjs.org/lightningcss cache-miss
516 http cache https://registry.npmjs.org/lightningcss 5ms (cache hit)
517 silly packumentCache full:https://registry.npmjs.org/lightningcss set size:191065 disposed:false
518 silly fetch manifest sass@*
519 silly packumentCache full:https://registry.npmjs.org/sass cache-miss
520 http cache https://registry.npmjs.org/sass 8ms (cache hit)
521 silly packumentCache full:https://registry.npmjs.org/sass set size:756819 disposed:false
522 silly fetch manifest sass-embedded@*
523 silly packumentCache full:https://registry.npmjs.org/sass-embedded cache-miss
524 http cache https://registry.npmjs.org/sass-embedded 7ms (cache hit)
525 silly packumentCache full:https://registry.npmjs.org/sass-embedded set size:445832 disposed:false
526 silly fetch manifest stylus@*
527 silly packumentCache full:https://registry.npmjs.org/stylus cache-miss
528 http cache https://registry.npmjs.org/stylus 5ms (cache hit)
529 silly packumentCache full:https://registry.npmjs.org/stylus set size:286766 disposed:false
530 silly fetch manifest sugarss@*
531 silly packumentCache full:https://registry.npmjs.org/sugarss cache-miss
532 http cache https://registry.npmjs.org/sugarss 5ms (cache hit)
533 silly packumentCache full:https://registry.npmjs.org/sugarss set size:44975 disposed:false
534 silly placeDep ROOT @vitejs/plugin-react@4.7.0 OK for: @astrojs/react@4.4.2 want: ^4.7.0
535 silly placeDep ROOT vite@6.4.3 REPLACE for: @vitejs/plugin-react@4.7.0 want: ^4.2.0 || ^5.0.0 || ^6.0.0 || ^7.0.0
536 silly placeDep ROOT ultrahtml@1.7.0 OK for: @astrojs/react@4.4.2 want: ^1.6.0
537 silly fetch manifest @babel/core@^7.28.0
538 silly packumentCache full:https://registry.npmjs.org/@babel%2fcore cache-miss
539 silly fetch manifest react-refresh@^0.17.0
540 silly packumentCache full:https://registry.npmjs.org/react-refresh cache-miss
541 silly fetch manifest @types/babel__core@^7.20.5
542 silly packumentCache full:https://registry.npmjs.org/@types%2fbabel__core cache-miss
543 silly fetch manifest @rolldown/pluginutils@1.0.0-beta.27
544 silly packumentCache full:https://registry.npmjs.org/@rolldown%2fpluginutils cache-miss
545 silly fetch manifest @babel/plugin-transform-react-jsx-self@^7.27.1
546 silly packumentCache full:https://registry.npmjs.org/@babel%2fplugin-transform-react-jsx-self cache-miss
547 silly fetch manifest @babel/plugin-transform-react-jsx-source@^7.27.1
548 silly packumentCache full:https://registry.npmjs.org/@babel%2fplugin-transform-react-jsx-source cache-miss
549 silly fetch manifest fdir@^6.4.4
550 silly packumentCache full:https://registry.npmjs.org/fdir cache-miss
551 silly fetch manifest rollup@^4.34.9
552 silly packumentCache full:https://registry.npmjs.org/rollup cache-miss
553 silly fetch manifest esbuild@^0.25.0
554 silly packumentCache full:https://registry.npmjs.org/esbuild cache-miss
555 silly fetch manifest postcss@^8.5.3
556 silly packumentCache full:https://registry.npmjs.org/postcss cache-hit
557 silly fetch manifest picomatch@^4.0.2
558 silly packumentCache full:https://registry.npmjs.org/picomatch cache-hit
559 silly fetch manifest tinyglobby@^0.2.13
560 silly packumentCache full:https://registry.npmjs.org/tinyglobby cache-hit
561 http cache https://registry.npmjs.org/esbuild 18ms (cache hit)
562 silly packumentCache full:https://registry.npmjs.org/esbuild set size:1264676 disposed:false
563 http fetch GET 200 https://registry.npmjs.org/@types%2fbabel__core 72ms (cache miss)
564 silly packumentCache full:https://registry.npmjs.org/@types%2fbabel__core set size:undefined disposed:false
565 http fetch GET 200 https://registry.npmjs.org/fdir 76ms (cache miss)
566 silly packumentCache full:https://registry.npmjs.org/fdir set size:undefined disposed:false
567 http fetch GET 200 https://registry.npmjs.org/@babel%2fplugin-transform-react-jsx-self 82ms (cache miss)
568 silly packumentCache full:https://registry.npmjs.org/@babel%2fplugin-transform-react-jsx-self set size:undefined disposed:false
569 http fetch GET 200 https://registry.npmjs.org/@babel%2fplugin-transform-react-jsx-source 85ms (cache miss)
570 silly packumentCache full:https://registry.npmjs.org/@babel%2fplugin-transform-react-jsx-source set size:undefined disposed:false
571 http fetch GET 200 https://registry.npmjs.org/@rolldown%2fpluginutils 92ms (cache miss)
572 silly packumentCache full:https://registry.npmjs.org/@rolldown%2fpluginutils set size:undefined disposed:false
573 http fetch GET 200 https://registry.npmjs.org/@babel%2fcore 107ms (cache miss)
574 silly packumentCache full:https://registry.npmjs.org/@babel%2fcore set size:undefined disposed:false
575 http fetch GET 200 https://registry.npmjs.org/rollup 180ms (cache miss)
576 silly packumentCache full:https://registry.npmjs.org/rollup set size:undefined disposed:false
577 http fetch GET 200 https://registry.npmjs.org/react-refresh 248ms (cache miss)
578 silly packumentCache full:https://registry.npmjs.org/react-refresh set size:undefined disposed:false
579 silly placeDep ROOT @tailwindcss/node@4.3.3 OK for: @tailwindcss/vite@4.3.3 want: 4.3.3
580 silly placeDep ROOT @tailwindcss/oxide@4.3.3 OK for: @tailwindcss/vite@4.3.3 want: 4.3.3
581 silly fetch manifest jiti@^2.7.0
582 silly packumentCache full:https://registry.npmjs.org/jiti cache-miss
583 silly fetch manifest lightningcss@1.32.0
584 silly packumentCache full:https://registry.npmjs.org/lightningcss cache-hit
585 silly fetch manifest source-map-js@^1.2.1
586 silly packumentCache full:https://registry.npmjs.org/source-map-js cache-miss
587 silly fetch manifest enhanced-resolve@^5.24.1
588 silly packumentCache full:https://registry.npmjs.org/enhanced-resolve cache-miss
589 silly fetch manifest @jridgewell/remapping@^2.3.5
590 silly packumentCache full:https://registry.npmjs.org/@jridgewell%2fremapping cache-miss
591 silly fetch manifest @tailwindcss/oxide-darwin-x64@4.3.3
592 silly packumentCache full:https://registry.npmjs.org/@tailwindcss%2foxide-darwin-x64 cache-miss
593 silly fetch manifest @tailwindcss/oxide-freebsd-x64@4.3.3
594 silly packumentCache full:https://registry.npmjs.org/@tailwindcss%2foxide-freebsd-x64 cache-miss
595 silly fetch manifest @tailwindcss/oxide-wasm32-wasi@4.3.3
596 silly packumentCache full:https://registry.npmjs.org/@tailwindcss%2foxide-wasm32-wasi cache-miss
597 silly fetch manifest @tailwindcss/oxide-darwin-arm64@4.3.3
598 silly packumentCache full:https://registry.npmjs.org/@tailwindcss%2foxide-darwin-arm64 cache-miss
599 silly fetch manifest @tailwindcss/oxide-android-arm64@4.3.3
600 silly packumentCache full:https://registry.npmjs.org/@tailwindcss%2foxide-android-arm64 cache-miss
601 silly fetch manifest @tailwindcss/oxide-linux-x64-gnu@4.3.3
602 silly packumentCache full:https://registry.npmjs.org/@tailwindcss%2foxide-linux-x64-gnu cache-miss
603 silly fetch manifest @tailwindcss/oxide-linux-x64-musl@4.3.3
604 silly packumentCache full:https://registry.npmjs.org/@tailwindcss%2foxide-linux-x64-musl cache-miss
605 http cache https://registry.npmjs.org/jiti 52ms (cache hit)
606 silly packumentCache full:https://registry.npmjs.org/jiti set size:387989 disposed:false
607 silly fetch manifest @tailwindcss/oxide-win32-x64-msvc@4.3.3
608 silly packumentCache full:https://registry.npmjs.org/@tailwindcss%2foxide-win32-x64-msvc cache-miss
609 http fetch GET 200 https://registry.npmjs.org/source-map-js 61ms (cache miss)
610 silly packumentCache full:https://registry.npmjs.org/source-map-js set size:undefined disposed:false
611 silly fetch manifest @tailwindcss/oxide-linux-arm64-gnu@4.3.3
612 silly packumentCache full:https://registry.npmjs.org/@tailwindcss%2foxide-linux-arm64-gnu cache-miss
613 http fetch GET 200 https://registry.npmjs.org/@jridgewell%2fremapping 63ms (cache miss)
614 silly packumentCache full:https://registry.npmjs.org/@jridgewell%2fremapping set size:undefined disposed:false
615 silly fetch manifest @tailwindcss/oxide-linux-arm64-musl@4.3.3
616 silly packumentCache full:https://registry.npmjs.org/@tailwindcss%2foxide-linux-arm64-musl cache-miss
617 http fetch GET 200 https://registry.npmjs.org/enhanced-resolve 107ms (cache miss)
618 silly packumentCache full:https://registry.npmjs.org/enhanced-resolve set size:undefined disposed:false
619 silly fetch manifest @tailwindcss/oxide-win32-arm64-msvc@4.3.3
620 silly packumentCache full:https://registry.npmjs.org/@tailwindcss%2foxide-win32-arm64-msvc cache-miss
621 http fetch GET 200 https://registry.npmjs.org/@tailwindcss%2foxide-wasm32-wasi 220ms (cache miss)
622 silly packumentCache full:https://registry.npmjs.org/@tailwindcss%2foxide-wasm32-wasi set size:undefined disposed:false
623 silly fetch manifest @tailwindcss/oxide-linux-arm-gnueabihf@4.3.3
624 silly packumentCache full:https://registry.npmjs.org/@tailwindcss%2foxide-linux-arm-gnueabihf cache-miss
625 http fetch GET 200 https://registry.npmjs.org/@tailwindcss%2foxide-android-arm64 263ms (cache miss)
626 silly packumentCache full:https://registry.npmjs.org/@tailwindcss%2foxide-android-arm64 set size:undefined disposed:false
627 http fetch GET 200 https://registry.npmjs.org/@tailwindcss%2foxide-freebsd-x64 329ms (cache miss)
628 silly packumentCache full:https://registry.npmjs.org/@tailwindcss%2foxide-freebsd-x64 set size:undefined disposed:false
629 http fetch GET 200 https://registry.npmjs.org/@tailwindcss%2foxide-darwin-x64 362ms (cache miss)
630 silly packumentCache full:https://registry.npmjs.org/@tailwindcss%2foxide-darwin-x64 set size:undefined disposed:false
631 http fetch GET 200 https://registry.npmjs.org/@tailwindcss%2foxide-darwin-arm64 399ms (cache miss)
632 silly packumentCache full:https://registry.npmjs.org/@tailwindcss%2foxide-darwin-arm64 set size:undefined disposed:false
633 http fetch GET 200 https://registry.npmjs.org/@tailwindcss%2foxide-win32-arm64-msvc 333ms (cache miss)
634 silly packumentCache full:https://registry.npmjs.org/@tailwindcss%2foxide-win32-arm64-msvc set size:undefined disposed:false
635 http fetch GET 200 https://registry.npmjs.org/@tailwindcss%2foxide-win32-x64-msvc 429ms (cache miss)
636 silly packumentCache full:https://registry.npmjs.org/@tailwindcss%2foxide-win32-x64-msvc set size:undefined disposed:false
637 http fetch GET 200 https://registry.npmjs.org/@tailwindcss%2foxide-linux-x64-musl 505ms (cache miss)
638 silly packumentCache full:https://registry.npmjs.org/@tailwindcss%2foxide-linux-x64-musl set size:undefined disposed:false
639 http fetch GET 200 https://registry.npmjs.org/@tailwindcss%2foxide-linux-arm64-gnu 467ms (cache miss)
640 silly packumentCache full:https://registry.npmjs.org/@tailwindcss%2foxide-linux-arm64-gnu set size:undefined disposed:false
641 http fetch GET 200 https://registry.npmjs.org/@tailwindcss%2foxide-linux-x64-gnu 565ms (cache miss)
642 silly packumentCache full:https://registry.npmjs.org/@tailwindcss%2foxide-linux-x64-gnu set size:undefined disposed:false
643 http fetch GET 200 https://registry.npmjs.org/@tailwindcss%2foxide-linux-arm64-musl 548ms (cache miss)
644 silly packumentCache full:https://registry.npmjs.org/@tailwindcss%2foxide-linux-arm64-musl set size:undefined disposed:false
645 http fetch GET 200 https://registry.npmjs.org/@tailwindcss%2foxide-linux-arm-gnueabihf 423ms (cache miss)
646 silly packumentCache full:https://registry.npmjs.org/@tailwindcss%2foxide-linux-arm-gnueabihf set size:undefined disposed:false
647 silly placeDep ROOT @jridgewell/remapping@2.3.5 OK for: @tailwindcss/node@4.3.3 want: ^2.3.5
648 silly placeDep ROOT enhanced-resolve@5.26.0 OK for: @tailwindcss/node@4.3.3 want: ^5.24.1
649 silly placeDep ROOT jiti@2.7.0 OK for: @tailwindcss/node@4.3.3 want: ^2.7.0
650 silly placeDep ROOT lightningcss@1.32.0 OK for: @tailwindcss/node@4.3.3 want: 1.32.0
651 silly placeDep ROOT magic-string@0.30.21 OK for: @tailwindcss/node@4.3.3 want: ^0.30.21
652 silly placeDep ROOT source-map-js@1.2.2 OK for: @tailwindcss/node@4.3.3 want: ^1.2.1
653 silly fetch manifest @jridgewell/gen-mapping@^0.3.5
654 silly packumentCache full:https://registry.npmjs.org/@jridgewell%2fgen-mapping cache-miss
655 silly fetch manifest @jridgewell/trace-mapping@^0.3.24
656 silly packumentCache full:https://registry.npmjs.org/@jridgewell%2ftrace-mapping cache-miss
657 silly fetch manifest tapable@^2.3.3
658 silly packumentCache full:https://registry.npmjs.org/tapable cache-miss
659 silly fetch manifest graceful-fs@^4.2.4
660 silly packumentCache full:https://registry.npmjs.org/graceful-fs cache-miss
661 silly fetch manifest detect-libc@^2.0.3
662 silly packumentCache full:https://registry.npmjs.org/detect-libc cache-miss
663 silly fetch manifest lightningcss-darwin-x64@1.32.0
664 silly packumentCache full:https://registry.npmjs.org/lightningcss-darwin-x64 cache-miss
665 silly fetch manifest lightningcss-freebsd-x64@1.32.0
666 silly packumentCache full:https://registry.npmjs.org/lightningcss-freebsd-x64 cache-miss
667 silly fetch manifest lightningcss-darwin-arm64@1.32.0
668 silly packumentCache full:https://registry.npmjs.org/lightningcss-darwin-arm64 cache-miss
669 silly fetch manifest lightningcss-android-arm64@1.32.0
670 silly packumentCache full:https://registry.npmjs.org/lightningcss-android-arm64 cache-miss
671 silly fetch manifest lightningcss-linux-x64-gnu@1.32.0
672 silly packumentCache full:https://registry.npmjs.org/lightningcss-linux-x64-gnu cache-miss
673 silly fetch manifest lightningcss-linux-x64-musl@1.32.0
674 silly packumentCache full:https://registry.npmjs.org/lightningcss-linux-x64-musl cache-miss
675 http fetch GET 200 https://registry.npmjs.org/lightningcss-android-arm64 63ms (cache miss)
676 silly packumentCache full:https://registry.npmjs.org/lightningcss-android-arm64 set size:undefined disposed:false
677 silly fetch manifest lightningcss-win32-x64-msvc@1.32.0
678 silly packumentCache full:https://registry.npmjs.org/lightningcss-win32-x64-msvc cache-miss
679 http fetch GET 200 https://registry.npmjs.org/detect-libc 67ms (cache miss)
680 silly packumentCache full:https://registry.npmjs.org/detect-libc set size:undefined disposed:false
681 silly fetch manifest lightningcss-linux-arm64-gnu@1.32.0
682 silly packumentCache full:https://registry.npmjs.org/lightningcss-linux-arm64-gnu cache-miss
683 http fetch GET 200 https://registry.npmjs.org/lightningcss-darwin-x64 72ms (cache miss)
684 silly packumentCache full:https://registry.npmjs.org/lightningcss-darwin-x64 set size:undefined disposed:false
685 silly fetch manifest lightningcss-linux-arm64-musl@1.32.0
686 silly packumentCache full:https://registry.npmjs.org/lightningcss-linux-arm64-musl cache-miss
687 http fetch GET 200 https://registry.npmjs.org/lightningcss-freebsd-x64 74ms (cache miss)
688 silly packumentCache full:https://registry.npmjs.org/lightningcss-freebsd-x64 set size:undefined disposed:false
689 silly fetch manifest lightningcss-win32-arm64-msvc@1.32.0
690 silly packumentCache full:https://registry.npmjs.org/lightningcss-win32-arm64-msvc cache-miss
691 http fetch GET 200 https://registry.npmjs.org/@jridgewell%2fgen-mapping 78ms (cache miss)
692 silly packumentCache full:https://registry.npmjs.org/@jridgewell%2fgen-mapping set size:undefined disposed:false
693 silly fetch manifest lightningcss-linux-arm-gnueabihf@1.32.0
694 silly packumentCache full:https://registry.npmjs.org/lightningcss-linux-arm-gnueabihf cache-miss
695 http fetch GET 200 https://registry.npmjs.org/lightningcss-darwin-arm64 80ms (cache miss)
696 silly packumentCache full:https://registry.npmjs.org/lightningcss-darwin-arm64 set size:undefined disposed:false
697 silly fetch manifest @jridgewell/sourcemap-codec@^1.5.5
698 silly packumentCache full:https://registry.npmjs.org/@jridgewell%2fsourcemap-codec cache-miss
699 http fetch GET 200 https://registry.npmjs.org/lightningcss-linux-x64-gnu 81ms (cache miss)
700 silly packumentCache full:https://registry.npmjs.org/lightningcss-linux-x64-gnu set size:undefined disposed:false
701 http fetch GET 200 https://registry.npmjs.org/graceful-fs 86ms (cache miss)
702 silly packumentCache full:https://registry.npmjs.org/graceful-fs set size:undefined disposed:false
703 http fetch GET 200 https://registry.npmjs.org/tapable 95ms (cache miss)
704 silly packumentCache full:https://registry.npmjs.org/tapable set size:undefined disposed:false
705 http fetch GET 200 https://registry.npmjs.org/@jridgewell%2ftrace-mapping 99ms (cache miss)
706 silly packumentCache full:https://registry.npmjs.org/@jridgewell%2ftrace-mapping set size:undefined disposed:false
707 http fetch GET 200 https://registry.npmjs.org/lightningcss-win32-x64-msvc 50ms (cache miss)
708 silly packumentCache full:https://registry.npmjs.org/lightningcss-win32-x64-msvc set size:undefined disposed:false
709 http fetch GET 200 https://registry.npmjs.org/lightningcss-win32-arm64-msvc 42ms (cache miss)
710 silly packumentCache full:https://registry.npmjs.org/lightningcss-win32-arm64-msvc set size:undefined disposed:false
711 http fetch GET 200 https://registry.npmjs.org/lightningcss-linux-x64-musl 117ms (cache miss)
712 silly packumentCache full:https://registry.npmjs.org/lightningcss-linux-x64-musl set size:undefined disposed:false
713 http fetch GET 200 https://registry.npmjs.org/lightningcss-linux-arm64-musl 47ms (cache miss)
714 silly packumentCache full:https://registry.npmjs.org/lightningcss-linux-arm64-musl set size:undefined disposed:false
715 http fetch GET 200 https://registry.npmjs.org/lightningcss-linux-arm-gnueabihf 45ms (cache miss)
716 silly packumentCache full:https://registry.npmjs.org/lightningcss-linux-arm-gnueabihf set size:undefined disposed:false
717 http fetch GET 200 https://registry.npmjs.org/lightningcss-linux-arm64-gnu 55ms (cache miss)
718 silly packumentCache full:https://registry.npmjs.org/lightningcss-linux-arm64-gnu set size:undefined disposed:false
719 http fetch GET 200 https://registry.npmjs.org/@jridgewell%2fsourcemap-codec 45ms (cache miss)
720 silly packumentCache full:https://registry.npmjs.org/@jridgewell%2fsourcemap-codec set size:undefined disposed:false
721 silly placeDep ROOT @jridgewell/gen-mapping@0.3.13 OK for: @jridgewell/remapping@2.3.5 want: ^0.3.5
722 silly placeDep ROOT @jridgewell/trace-mapping@0.3.31 OK for: @jridgewell/remapping@2.3.5 want: ^0.3.24
723 silly fetch manifest @jridgewell/sourcemap-codec@^1.5.0
724 silly packumentCache full:https://registry.npmjs.org/@jridgewell%2fsourcemap-codec cache-miss
725 silly fetch manifest @jridgewell/resolve-uri@^3.1.0
726 silly packumentCache full:https://registry.npmjs.org/@jridgewell%2fresolve-uri cache-miss
727 silly fetch manifest @jridgewell/sourcemap-codec@^1.4.14
728 silly packumentCache full:https://registry.npmjs.org/@jridgewell%2fsourcemap-codec cache-miss
729 http cache https://registry.npmjs.org/@jridgewell%2fsourcemap-codec 10ms (cache hit)
730 silly packumentCache full:https://registry.npmjs.org/@jridgewell%2fsourcemap-codec set size:65255 disposed:false
731 http cache https://registry.npmjs.org/@jridgewell%2fsourcemap-codec 11ms (cache hit)
732 silly packumentCache full:https://registry.npmjs.org/@jridgewell%2fsourcemap-codec set size:65255 disposed:false
733 silly packumentCache full:https://registry.npmjs.org/@jridgewell%2fsourcemap-codec dispose
734 http fetch GET 200 https://registry.npmjs.org/@jridgewell%2fresolve-uri 32ms (cache miss)
735 silly packumentCache full:https://registry.npmjs.org/@jridgewell%2fresolve-uri set size:undefined disposed:false
736 silly placeDep ROOT @jridgewell/sourcemap-codec@1.6.0 OK for: @jridgewell/gen-mapping@0.3.13 want: ^1.5.0
737 silly placeDep ROOT @jridgewell/resolve-uri@3.1.2 OK for: @jridgewell/trace-mapping@0.3.31 want: ^3.1.0
738 silly placeDep ROOT @tailwindcss/oxide-android-arm64@4.3.3 OK for: @tailwindcss/oxide@4.3.3 want: 4.3.3
739 silly placeDep ROOT @tailwindcss/oxide-darwin-arm64@4.3.3 OK for: @tailwindcss/oxide@4.3.3 want: 4.3.3
740 silly placeDep ROOT @tailwindcss/oxide-darwin-x64@4.3.3 OK for: @tailwindcss/oxide@4.3.3 want: 4.3.3
741 silly placeDep ROOT @tailwindcss/oxide-freebsd-x64@4.3.3 OK for: @tailwindcss/oxide@4.3.3 want: 4.3.3
742 silly placeDep ROOT @tailwindcss/oxide-linux-arm-gnueabihf@4.3.3 OK for: @tailwindcss/oxide@4.3.3 want: 4.3.3
743 silly placeDep ROOT @tailwindcss/oxide-linux-arm64-gnu@4.3.3 OK for: @tailwindcss/oxide@4.3.3 want: 4.3.3
744 silly placeDep ROOT @tailwindcss/oxide-linux-arm64-musl@4.3.3 OK for: @tailwindcss/oxide@4.3.3 want: 4.3.3
745 silly placeDep ROOT @tailwindcss/oxide-linux-x64-gnu@4.3.3 OK for: @tailwindcss/oxide@4.3.3 want: 4.3.3
746 silly placeDep ROOT @tailwindcss/oxide-linux-x64-musl@4.3.3 OK for: @tailwindcss/oxide@4.3.3 want: 4.3.3
747 silly placeDep ROOT @tailwindcss/oxide-wasm32-wasi@4.3.3 OK for: @tailwindcss/oxide@4.3.3 want: 4.3.3
748 silly placeDep ROOT @tailwindcss/oxide-win32-arm64-msvc@4.3.3 OK for: @tailwindcss/oxide@4.3.3 want: 4.3.3
749 silly placeDep ROOT @tailwindcss/oxide-win32-x64-msvc@4.3.3 OK for: @tailwindcss/oxide@4.3.3 want: 4.3.3
750 silly placeDep ROOT csstype@3.2.3 OK for: @types/react@19.3.0 want: ^3.2.2
751 silly placeDep ROOT @babel/core@7.29.7 OK for: @vitejs/plugin-react@4.7.0 want: ^7.28.0
752 silly placeDep ROOT @babel/plugin-transform-react-jsx-self@7.29.7 OK for: @vitejs/plugin-react@4.7.0 want: ^7.27.1
753 silly placeDep ROOT @babel/plugin-transform-react-jsx-source@7.29.7 OK for: @vitejs/plugin-react@4.7.0 want: ^7.27.1
754 silly placeDep ROOT @rolldown/pluginutils@1.0.0-beta.27 OK for: @vitejs/plugin-react@4.7.0 want: 1.0.0-beta.27
755 silly placeDep ROOT @types/babel__core@7.20.5 OK for: @vitejs/plugin-react@4.7.0 want: ^7.20.5
756 silly placeDep ROOT react-refresh@0.17.0 OK for: @vitejs/plugin-react@4.7.0 want: ^0.17.0
757 silly fetch manifest debug@^4.1.0
758 silly packumentCache full:https://registry.npmjs.org/debug cache-miss
759 silly fetch manifest json5@^2.2.3
760 silly packumentCache full:https://registry.npmjs.org/json5 cache-miss
761 silly fetch manifest semver@^6.3.1
762 silly packumentCache full:https://registry.npmjs.org/semver cache-miss
763 silly fetch manifest gensync@^1.0.0-beta.2
764 silly packumentCache full:https://registry.npmjs.org/gensync cache-miss
765 silly fetch manifest @babel/types@^7.29.7
766 silly packumentCache full:https://registry.npmjs.org/@babel%2ftypes cache-miss
767 silly fetch manifest @babel/parser@^7.29.7
768 silly packumentCache full:https://registry.npmjs.org/@babel%2fparser cache-miss
769 silly fetch manifest @babel/helpers@^7.29.7
770 silly packumentCache full:https://registry.npmjs.org/@babel%2fhelpers cache-miss
771 silly fetch manifest @babel/template@^7.29.7
772 silly packumentCache full:https://registry.npmjs.org/@babel%2ftemplate cache-miss
773 silly fetch manifest @babel/traverse@^7.29.7
774 silly packumentCache full:https://registry.npmjs.org/@babel%2ftraverse cache-miss
775 silly fetch manifest @babel/generator@^7.29.7
776 silly packumentCache full:https://registry.npmjs.org/@babel%2fgenerator cache-miss
777 silly fetch manifest @babel/code-frame@^7.29.7
778 silly packumentCache full:https://registry.npmjs.org/@babel%2fcode-frame cache-miss
779 http cache https://registry.npmjs.org/semver 15ms (cache hit)
780 silly packumentCache full:https://registry.npmjs.org/semver set size:246128 disposed:false
781 silly fetch manifest convert-source-map@^2.0.0
782 silly packumentCache full:https://registry.npmjs.org/convert-source-map cache-miss
783 http cache https://registry.npmjs.org/debug 21ms (cache hit)
784 silly packumentCache full:https://registry.npmjs.org/debug set size:195840 disposed:false
785 silly fetch manifest @babel/helper-module-transforms@^7.29.7
786 silly packumentCache full:https://registry.npmjs.org/@babel%2fhelper-module-transforms cache-miss
787 http fetch GET 200 https://registry.npmjs.org/json5 50ms (cache miss)
788 silly packumentCache full:https://registry.npmjs.org/json5 set size:undefined disposed:false
789 silly fetch manifest @babel/helper-compilation-targets@^7.29.7
790 silly packumentCache full:https://registry.npmjs.org/@babel%2fhelper-compilation-targets cache-miss
791 http fetch GET 200 https://registry.npmjs.org/gensync 54ms (cache miss)
792 silly packumentCache full:https://registry.npmjs.org/gensync set size:undefined disposed:false
793 silly fetch manifest @babel/helper-plugin-utils@^7.29.7
794 silly packumentCache full:https://registry.npmjs.org/@babel%2fhelper-plugin-utils cache-miss
795 http fetch GET 200 https://registry.npmjs.org/convert-source-map 57ms (cache miss)
796 silly packumentCache full:https://registry.npmjs.org/convert-source-map set size:undefined disposed:false
797 silly fetch manifest @babel/helper-plugin-utils@^7.29.7
798 silly packumentCache full:https://registry.npmjs.org/@babel%2fhelper-plugin-utils cache-miss
799 http fetch GET 200 https://registry.npmjs.org/@babel%2ftemplate 78ms (cache miss)
800 silly packumentCache full:https://registry.npmjs.org/@babel%2ftemplate set size:undefined disposed:false
801 silly fetch manifest @babel/types@^7.20.7
802 silly packumentCache full:https://registry.npmjs.org/@babel%2ftypes cache-miss
803 http fetch GET 200 https://registry.npmjs.org/@babel%2fcode-frame 92ms (cache miss)
804 silly packumentCache full:https://registry.npmjs.org/@babel%2fcode-frame set size:undefined disposed:false
805 silly fetch manifest @babel/parser@^7.20.7
806 silly packumentCache full:https://registry.npmjs.org/@babel%2fparser cache-miss
807 http fetch GET 200 https://registry.npmjs.org/@babel%2fhelpers 108ms (cache miss)
808 silly packumentCache full:https://registry.npmjs.org/@babel%2fhelpers set size:undefined disposed:false
809 silly fetch manifest @types/babel__template@*
810 silly packumentCache full:https://registry.npmjs.org/@types%2fbabel__template cache-miss
811 http fetch GET 200 https://registry.npmjs.org/@babel%2ftypes 121ms (cache miss)
812 silly packumentCache full:https://registry.npmjs.org/@babel%2ftypes set size:undefined disposed:false
813 silly fetch manifest @types/babel__traverse@*
814 silly packumentCache full:https://registry.npmjs.org/@types%2fbabel__traverse cache-miss
815 http fetch GET 200 https://registry.npmjs.org/@babel%2fhelper-module-transforms 105ms (cache miss)
816 silly packumentCache full:https://registry.npmjs.org/@babel%2fhelper-module-transforms set size:undefined disposed:false
817 silly fetch manifest @types/babel__generator@*
818 silly packumentCache full:https://registry.npmjs.org/@types%2fbabel__generator cache-miss
819 http fetch GET 200 https://registry.npmjs.org/@babel%2fgenerator 137ms (cache miss)
820 silly packumentCache full:https://registry.npmjs.org/@babel%2fgenerator set size:undefined disposed:false
821 http fetch GET 200 https://registry.npmjs.org/@babel%2ftraverse 143ms (cache miss)
822 silly packumentCache full:https://registry.npmjs.org/@babel%2ftraverse set size:undefined disposed:false
823 http fetch GET 200 https://registry.npmjs.org/@babel%2fhelper-compilation-targets 119ms (cache miss)
824 silly packumentCache full:https://registry.npmjs.org/@babel%2fhelper-compilation-targets set size:undefined disposed:false
825 http fetch GET 200 https://registry.npmjs.org/@babel%2fhelper-plugin-utils 121ms (cache miss)
826 silly packumentCache full:https://registry.npmjs.org/@babel%2fhelper-plugin-utils set size:undefined disposed:false
827 http fetch GET 200 https://registry.npmjs.org/@babel%2fhelper-plugin-utils 103ms (cache miss)
828 silly packumentCache full:https://registry.npmjs.org/@babel%2fhelper-plugin-utils set size:undefined disposed:false
829 http fetch GET 200 https://registry.npmjs.org/@types%2fbabel__template 73ms (cache miss)
830 silly packumentCache full:https://registry.npmjs.org/@types%2fbabel__template set size:undefined disposed:false
831 http fetch GET 200 https://registry.npmjs.org/@types%2fbabel__generator 55ms (cache miss)
832 silly packumentCache full:https://registry.npmjs.org/@types%2fbabel__generator set size:undefined disposed:false
833 http fetch GET 200 https://registry.npmjs.org/@types%2fbabel__traverse 68ms (cache miss)
834 silly packumentCache full:https://registry.npmjs.org/@types%2fbabel__traverse set size:undefined disposed:false
835 http fetch GET 200 https://registry.npmjs.org/@babel%2fparser 197ms (cache miss)
836 silly packumentCache full:https://registry.npmjs.org/@babel%2fparser set size:undefined disposed:false
837 http fetch GET 200 https://registry.npmjs.org/@babel%2ftypes 142ms (cache miss)
838 silly packumentCache full:https://registry.npmjs.org/@babel%2ftypes set size:undefined disposed:false
839 http fetch GET 200 https://registry.npmjs.org/@babel%2fparser 174ms (cache miss)
840 silly packumentCache full:https://registry.npmjs.org/@babel%2fparser set size:undefined disposed:false
841 silly fetch manifest @babel/core@^7.0.0
842 silly packumentCache full:https://registry.npmjs.org/@babel%2fcore cache-miss
843 http cache https://registry.npmjs.org/@babel%2fcore 13ms (cache hit)
844 silly packumentCache full:https://registry.npmjs.org/@babel%2fcore set size:797193 disposed:false
845 silly placeDep ROOT @babel/code-frame@7.29.7 OK for: @babel/core@7.29.7 want: ^7.29.7
846 silly placeDep ROOT @babel/generator@7.29.8 OK for: @babel/core@7.29.7 want: ^7.29.7
847 silly placeDep ROOT @babel/helper-compilation-targets@7.29.7 OK for: @babel/core@7.29.7 want: ^7.29.7
848 silly placeDep ROOT @babel/helper-module-transforms@7.29.7 OK for: @babel/core@7.29.7 want: ^7.29.7
849 silly placeDep ROOT @babel/helpers@7.29.7 OK for: @babel/core@7.29.7 want: ^7.29.7
850 silly placeDep ROOT @babel/parser@7.29.9 OK for: @babel/core@7.29.7 want: ^7.29.7
851 silly placeDep ROOT @babel/template@7.29.7 OK for: @babel/core@7.29.7 want: ^7.29.7
852 silly placeDep ROOT @babel/traverse@7.29.8 OK for: @babel/core@7.29.7 want: ^7.29.7
853 silly placeDep ROOT @babel/types@7.29.8 OK for: @babel/core@7.29.7 want: ^7.29.7
854 silly placeDep ROOT convert-source-map@2.0.0 OK for: @babel/core@7.29.7 want: ^2.0.0
855 silly placeDep ROOT debug@4.4.3 OK for: @babel/core@7.29.7 want: ^4.1.0
856 silly placeDep ROOT gensync@1.0.0-beta.2 OK for: @babel/core@7.29.7 want: ^1.0.0-beta.2
857 silly placeDep ROOT json5@2.2.3 OK for: @babel/core@7.29.7 want: ^2.2.3
858 silly placeDep ROOT semver@6.3.1 OK for: @babel/core@7.29.7 want: ^6.3.1
859 silly fetch manifest js-tokens@^4.0.0
860 silly packumentCache full:https://registry.npmjs.org/js-tokens cache-miss
861 silly fetch manifest picocolors@^1.1.1
862 silly packumentCache full:https://registry.npmjs.org/picocolors cache-miss
863 silly fetch manifest @babel/helper-validator-identifier@^7.29.7
864 silly packumentCache full:https://registry.npmjs.org/@babel%2fhelper-validator-identifier cache-miss
865 silly fetch manifest jsesc@^3.0.2
866 silly packumentCache full:https://registry.npmjs.org/jsesc cache-miss
867 silly fetch manifest @babel/types@^7.29.8
868 silly packumentCache full:https://registry.npmjs.org/@babel%2ftypes cache-miss
869 silly fetch manifest @babel/parser@^7.29.8
870 silly packumentCache full:https://registry.npmjs.org/@babel%2fparser cache-miss
871 silly fetch manifest lru-cache@^5.1.1
872 silly packumentCache full:https://registry.npmjs.org/lru-cache cache-miss
873 silly fetch manifest browserslist@^4.24.0
874 silly packumentCache full:https://registry.npmjs.org/browserslist cache-miss
875 silly fetch manifest @babel/compat-data@^7.29.7
876 silly packumentCache full:https://registry.npmjs.org/@babel%2fcompat-data cache-miss
877 silly fetch manifest @babel/helper-validator-option@^7.29.7
878 silly packumentCache full:https://registry.npmjs.org/@babel%2fhelper-validator-option cache-miss
879 silly fetch manifest @babel/helper-module-imports@^7.29.7
880 silly packumentCache full:https://registry.npmjs.org/@babel%2fhelper-module-imports cache-miss
881 http cache https://registry.npmjs.org/@babel%2fparser 23ms (cache hit)
882 silly packumentCache full:https://registry.npmjs.org/@babel%2fparser set size:745724 disposed:false
883 silly fetch manifest @babel/helper-validator-identifier@^7.29.7
884 silly packumentCache full:https://registry.npmjs.org/@babel%2fhelper-validator-identifier cache-miss
885 http cache https://registry.npmjs.org/@babel%2ftypes 35ms (cache hit)
886 silly packumentCache full:https://registry.npmjs.org/@babel%2ftypes set size:507562 disposed:false
887 silly fetch manifest debug@^4.3.1
888 silly packumentCache full:https://registry.npmjs.org/debug cache-hit
889 silly fetch manifest @babel/helper-globals@^7.29.7
890 silly packumentCache full:https://registry.npmjs.org/@babel%2fhelper-globals cache-miss
891 http fetch GET 200 https://registry.npmjs.org/js-tokens 69ms (cache miss)
892 silly packumentCache full:https://registry.npmjs.org/js-tokens set size:undefined disposed:false
893 silly fetch manifest @babel/helper-string-parser@^7.29.7
894 silly packumentCache full:https://registry.npmjs.org/@babel%2fhelper-string-parser cache-miss
895 http fetch GET 200 https://registry.npmjs.org/picocolors 73ms (cache miss)
896 silly packumentCache full:https://registry.npmjs.org/picocolors set size:undefined disposed:false
897 silly fetch manifest @babel/helper-validator-identifier@^7.29.7
898 silly packumentCache full:https://registry.npmjs.org/@babel%2fhelper-validator-identifier cache-miss
899 http fetch GET 200 https://registry.npmjs.org/jsesc 80ms (cache miss)
900 silly packumentCache full:https://registry.npmjs.org/jsesc set size:undefined disposed:false
901 silly fetch manifest ms@^2.1.3
902 silly packumentCache full:https://registry.npmjs.org/ms cache-miss
903 http fetch GET 200 https://registry.npmjs.org/@babel%2fhelper-validator-option 81ms (cache miss)
904 silly packumentCache full:https://registry.npmjs.org/@babel%2fhelper-validator-option set size:undefined disposed:false
905 http fetch GET 200 https://registry.npmjs.org/@babel%2fhelper-validator-identifier 86ms (cache miss)
906 silly packumentCache full:https://registry.npmjs.org/@babel%2fhelper-validator-identifier set size:undefined disposed:false
907 http fetch GET 200 https://registry.npmjs.org/@babel%2fhelper-module-imports 84ms (cache miss)
908 silly packumentCache full:https://registry.npmjs.org/@babel%2fhelper-module-imports set size:undefined disposed:false
909 http fetch GET 200 https://registry.npmjs.org/@babel%2fhelper-validator-identifier 62ms (cache miss)
910 silly packumentCache full:https://registry.npmjs.org/@babel%2fhelper-validator-identifier set size:undefined disposed:false
911 http fetch GET 200 https://registry.npmjs.org/@babel%2fhelper-globals 57ms (cache miss)
912 silly packumentCache full:https://registry.npmjs.org/@babel%2fhelper-globals set size:undefined disposed:false
913 http fetch GET 200 https://registry.npmjs.org/@babel%2fcompat-data 101ms (cache miss)
914 silly packumentCache full:https://registry.npmjs.org/@babel%2fcompat-data set size:undefined disposed:false
915 http fetch GET 200 https://registry.npmjs.org/browserslist 116ms (cache miss)
916 silly packumentCache full:https://registry.npmjs.org/browserslist set size:undefined disposed:false
917 http fetch GET 200 https://registry.npmjs.org/lru-cache 125ms (cache miss)
918 silly packumentCache full:https://registry.npmjs.org/lru-cache set size:undefined disposed:false
919 http fetch GET 200 https://registry.npmjs.org/@babel%2fhelper-string-parser 65ms (cache miss)
920 silly packumentCache full:https://registry.npmjs.org/@babel%2fhelper-string-parser set size:undefined disposed:false
921 http fetch GET 200 https://registry.npmjs.org/@babel%2fhelper-validator-identifier 63ms (cache miss)
922 silly packumentCache full:https://registry.npmjs.org/@babel%2fhelper-validator-identifier set size:undefined disposed:false
923 http fetch GET 200 https://registry.npmjs.org/ms 58ms (cache miss)
924 silly packumentCache full:https://registry.npmjs.org/ms set size:undefined disposed:false
925 silly placeDep ROOT @babel/helper-validator-identifier@7.29.7 OK for: @babel/code-frame@7.29.7 want: ^7.29.7
926 silly placeDep ROOT js-tokens@4.0.0 OK for: @babel/code-frame@7.29.7 want: ^4.0.0
927 silly placeDep ROOT picocolors@1.1.1 OK for: @babel/code-frame@7.29.7 want: ^1.1.1
928 silly placeDep ROOT jsesc@3.1.0 OK for: @babel/generator@7.29.8 want: ^3.0.2
929 silly placeDep ROOT @babel/compat-data@7.29.7 OK for: @babel/helper-compilation-targets@7.29.7 want: ^7.29.7
930 silly placeDep ROOT @babel/helper-validator-option@7.29.7 OK for: @babel/helper-compilation-targets@7.29.7 want: ^7.29.7
931 silly placeDep ROOT browserslist@4.29.3 OK for: @babel/helper-compilation-targets@7.29.7 want: ^4.24.0
932 silly placeDep ROOT lru-cache@5.1.1 OK for: @babel/helper-compilation-targets@7.29.7 want: ^5.1.1
933 silly fetch manifest caniuse-lite@^1.0.30001813
934 silly packumentCache full:https://registry.npmjs.org/caniuse-lite cache-miss
935 silly fetch manifest node-releases@^2.0.57
936 silly packumentCache full:https://registry.npmjs.org/node-releases cache-miss
937 silly fetch manifest electron-to-chromium@^1.5.439
938 silly packumentCache full:https://registry.npmjs.org/electron-to-chromium cache-miss
939 silly fetch manifest update-browserslist-db@^1.3.3
940 silly packumentCache full:https://registry.npmjs.org/update-browserslist-db cache-miss
941 silly fetch manifest baseline-browser-mapping@^2.11.26
942 silly packumentCache full:https://registry.npmjs.org/baseline-browser-mapping cache-miss
943 silly fetch manifest yallist@^3.0.2
944 silly packumentCache full:https://registry.npmjs.org/yallist cache-miss
945 http fetch GET 200 https://registry.npmjs.org/yallist 31ms (cache miss)
946 silly packumentCache full:https://registry.npmjs.org/yallist set size:undefined disposed:false
947 http fetch GET 200 https://registry.npmjs.org/update-browserslist-db 38ms (cache miss)
948 silly packumentCache full:https://registry.npmjs.org/update-browserslist-db set size:undefined disposed:false
949 http fetch GET 200 https://registry.npmjs.org/node-releases 47ms (cache miss)
950 silly packumentCache full:https://registry.npmjs.org/node-releases set size:undefined disposed:false
951 http fetch GET 200 https://registry.npmjs.org/baseline-browser-mapping 56ms (cache miss)
952 silly packumentCache full:https://registry.npmjs.org/baseline-browser-mapping set size:undefined disposed:false
953 http fetch GET 200 https://registry.npmjs.org/caniuse-lite 93ms (cache miss)
954 silly packumentCache full:https://registry.npmjs.org/caniuse-lite set size:undefined disposed:false
955 http fetch GET 200 https://registry.npmjs.org/electron-to-chromium 133ms (cache miss)
956 silly packumentCache full:https://registry.npmjs.org/electron-to-chromium set size:undefined disposed:false
957 silly placeDep ROOT @babel/helper-module-imports@7.29.7 OK for: @babel/helper-module-transforms@7.29.7 want: ^7.29.7
958 silly placeDep ROOT @babel/helper-plugin-utils@7.29.7 OK for: @babel/plugin-transform-react-jsx-self@7.29.7 want: ^7.29.7
959 silly placeDep ROOT @babel/helper-globals@7.29.7 OK for: @babel/traverse@7.29.8 want: ^7.29.7
960 silly placeDep ROOT @babel/helper-string-parser@7.29.7 OK for: @babel/types@7.29.8 want: ^7.29.7
961 silly placeDep ROOT @types/babel__generator@7.27.0 OK for: @types/babel__core@7.20.5 want: *
962 silly placeDep ROOT @types/babel__template@7.4.4 OK for: @types/babel__core@7.20.5 want: *
963 silly placeDep ROOT @types/babel__traverse@7.28.0 OK for: @types/babel__core@7.20.5 want: *
964 silly fetch manifest typescript@^5.0.0
965 silly packumentCache full:https://registry.npmjs.org/typescript cache-miss
966 http cache https://registry.npmjs.org/typescript 43ms (cache hit)
967 silly packumentCache full:https://registry.npmjs.org/typescript set size:15748756 disposed:false
968 silly fetch manifest @azure/app-configuration@^1.8.0
969 silly packumentCache full:https://registry.npmjs.org/@azure%2fapp-configuration cache-miss
970 http fetch GET 200 https://registry.npmjs.org/@azure%2fapp-configuration 306ms (cache miss)
971 silly packumentCache full:https://registry.npmjs.org/@azure%2fapp-configuration set size:undefined disposed:false
972 silly fetch manifest @azure/cosmos@^4.2.0
973 silly packumentCache full:https://registry.npmjs.org/@azure%2fcosmos cache-miss
974 http fetch GET 200 https://registry.npmjs.org/@azure%2fcosmos 329ms (cache miss)
975 silly packumentCache full:https://registry.npmjs.org/@azure%2fcosmos set size:undefined disposed:false
976 silly fetch manifest @azure/data-tables@^13.3.0
977 silly packumentCache full:https://registry.npmjs.org/@azure%2fdata-tables cache-miss
978 http fetch GET 200 https://registry.npmjs.org/@azure%2fdata-tables 304ms (cache miss)
979 silly packumentCache full:https://registry.npmjs.org/@azure%2fdata-tables set size:undefined disposed:false
980 silly fetch manifest @azure/identity@^4.6.0
981 silly packumentCache full:https://registry.npmjs.org/@azure%2fidentity cache-miss
982 http fetch GET 200 https://registry.npmjs.org/@azure%2fidentity 285ms (cache miss)
983 silly packumentCache full:https://registry.npmjs.org/@azure%2fidentity set size:undefined disposed:false
984 silly fetch manifest @azure/keyvault-secrets@^4.9.0
985 silly packumentCache full:https://registry.npmjs.org/@azure%2fkeyvault-secrets cache-miss
986 http fetch GET 200 https://registry.npmjs.org/@azure%2fkeyvault-secrets 288ms (cache miss)
987 silly packumentCache full:https://registry.npmjs.org/@azure%2fkeyvault-secrets set size:undefined disposed:false
988 silly fetch manifest @azure/storage-blob@^12.26.0
989 silly packumentCache full:https://registry.npmjs.org/@azure%2fstorage-blob cache-miss
990 http fetch GET 200 https://registry.npmjs.org/@azure%2fstorage-blob 292ms (cache miss)
991 silly packumentCache full:https://registry.npmjs.org/@azure%2fstorage-blob set size:undefined disposed:false
992 silly fetch manifest @capacitor/preferences@^6 || ^7 || ^8
993 silly packumentCache full:https://registry.npmjs.org/@capacitor%2fpreferences cache-miss
994 http fetch GET 200 https://registry.npmjs.org/@capacitor%2fpreferences 311ms (cache miss)
995 silly packumentCache full:https://registry.npmjs.org/@capacitor%2fpreferences set size:undefined disposed:false
996 silly fetch manifest @capacitor/core@>=8.0.0
997 silly packumentCache full:https://registry.npmjs.org/@capacitor%2fcore cache-miss
998 http fetch GET 200 https://registry.npmjs.org/@capacitor%2fcore 287ms (cache miss)
999 silly packumentCache full:https://registry.npmjs.org/@capacitor%2fcore set size:undefined disposed:false
1000 silly fetch manifest @deno/kv@>=0.9.0
1001 silly packumentCache full:https://registry.npmjs.org/@deno%2fkv cache-miss
1002 http fetch GET 200 https://registry.npmjs.org/@deno%2fkv 253ms (cache miss)
1003 silly packumentCache full:https://registry.npmjs.org/@deno%2fkv set size:undefined disposed:false
1004 silly fetch manifest @netlify/blobs@^6.5.0 || ^7.0.0 || ^8.1.0 || ^9.0.0 || ^10.0.0
1005 silly packumentCache full:https://registry.npmjs.org/@netlify%2fblobs cache-miss
1006 http fetch GET 200 https://registry.npmjs.org/@netlify%2fblobs 198ms (cache miss)
1007 silly packumentCache full:https://registry.npmjs.org/@netlify%2fblobs set size:undefined disposed:false
1008 silly fetch manifest @planetscale/database@^1.19.0
1009 silly packumentCache full:https://registry.npmjs.org/@planetscale%2fdatabase cache-miss
1010 http fetch GET 200 https://registry.npmjs.org/@planetscale%2fdatabase 162ms (cache miss)
1011 silly packumentCache full:https://registry.npmjs.org/@planetscale%2fdatabase set size:undefined disposed:false
1012 silly fetch manifest @upstash/redis@^1.34.3
1013 silly packumentCache full:https://registry.npmjs.org/@upstash%2fredis cache-miss
1014 http fetch GET 200 https://registry.npmjs.org/@upstash%2fredis 178ms (cache miss)
1015 silly packumentCache full:https://registry.npmjs.org/@upstash%2fredis set size:undefined disposed:false
1016 silly fetch manifest @vercel/blob@>=0.27.1
1017 silly packumentCache full:https://registry.npmjs.org/@vercel%2fblob cache-miss
1018 http fetch GET 200 https://registry.npmjs.org/@vercel%2fblob 232ms (cache miss)
1019 silly packumentCache full:https://registry.npmjs.org/@vercel%2fblob set size:undefined disposed:false
1020 silly fetch manifest @vercel/functions@^2.2.12 || ^3.0.0
1021 silly packumentCache full:https://registry.npmjs.org/@vercel%2ffunctions cache-miss
1022 http fetch GET 200 https://registry.npmjs.org/@vercel%2ffunctions 263ms (cache miss)
1023 silly packumentCache full:https://registry.npmjs.org/@vercel%2ffunctions set size:undefined disposed:false
1024 silly fetch manifest @aws-sdk/credential-provider-web-identity@*
1025 silly packumentCache full:https://registry.npmjs.org/@aws-sdk%2fcredential-provider-web-identity cache-miss
1026 http fetch GET 200 https://registry.npmjs.org/@aws-sdk%2fcredential-provider-web-identity 85ms (cache miss)
1027 silly packumentCache full:https://registry.npmjs.org/@aws-sdk%2fcredential-provider-web-identity set size:undefined disposed:false
1028 silly fetch manifest ws@>=8
1029 silly packumentCache full:https://registry.npmjs.org/ws cache-miss
1030 http fetch GET 200 https://registry.npmjs.org/ws 34ms (cache miss)
1031 silly packumentCache full:https://registry.npmjs.org/ws set size:undefined disposed:false
1032 silly fetch manifest bufferutil@^4.0.1
1033 silly packumentCache full:https://registry.npmjs.org/bufferutil cache-miss
1034 http fetch GET 200 https://registry.npmjs.org/bufferutil 25ms (cache miss)
1035 silly packumentCache full:https://registry.npmjs.org/bufferutil set size:undefined disposed:false
1036 silly fetch manifest utf-8-validate@>=5.0.2
1037 silly packumentCache full:https://registry.npmjs.org/utf-8-validate cache-miss
1038 http fetch GET 200 https://registry.npmjs.org/utf-8-validate 26ms (cache miss)
1039 silly packumentCache full:https://registry.npmjs.org/utf-8-validate set size:undefined disposed:false
1040 silly fetch manifest @vercel/kv@^1 || ^2 || ^3
1041 silly packumentCache full:https://registry.npmjs.org/@vercel%2fkv cache-miss
1042 http fetch GET 200 https://registry.npmjs.org/@vercel%2fkv 245ms (cache miss)
1043 silly packumentCache full:https://registry.npmjs.org/@vercel%2fkv set size:undefined disposed:false
1044 silly fetch manifest aws4fetch@^1.0.20
1045 silly packumentCache full:https://registry.npmjs.org/aws4fetch cache-miss
1046 http fetch GET 200 https://registry.npmjs.org/aws4fetch 103ms (cache miss)
1047 silly packumentCache full:https://registry.npmjs.org/aws4fetch set size:undefined disposed:false
1048 silly fetch manifest db0@>=0.2.1
1049 silly packumentCache full:https://registry.npmjs.org/db0 cache-miss
1050 http fetch GET 200 https://registry.npmjs.org/db0 112ms (cache miss)
1051 silly packumentCache full:https://registry.npmjs.org/db0 set size:undefined disposed:false
1052 silly fetch manifest idb-keyval@^6.2.1
1053 silly packumentCache full:https://registry.npmjs.org/idb-keyval cache-miss
1054 http fetch GET 200 https://registry.npmjs.org/idb-keyval 28ms (cache miss)
1055 silly packumentCache full:https://registry.npmjs.org/idb-keyval set size:undefined disposed:false
1056 silly fetch manifest ioredis@^5.4.2
1057 silly packumentCache full:https://registry.npmjs.org/ioredis cache-miss
1058 http fetch GET 200 https://registry.npmjs.org/ioredis 46ms (cache miss)
1059 silly packumentCache full:https://registry.npmjs.org/ioredis set size:undefined disposed:false
1060 silly fetch manifest uploadthing@^7.4.4
1061 silly packumentCache full:https://registry.npmjs.org/uploadthing cache-miss
1062 http fetch GET 200 https://registry.npmjs.org/uploadthing 127ms (cache miss)
1063 silly packumentCache full:https://registry.npmjs.org/uploadthing set size:undefined disposed:false
1064 silly fetch manifest express@*
1065 silly packumentCache full:https://registry.npmjs.org/express cache-miss
1066 http fetch GET 200 https://registry.npmjs.org/express 47ms (cache miss)
1067 silly packumentCache full:https://registry.npmjs.org/express set size:undefined disposed:false
1068 silly fetch manifest h3@*
1069 silly packumentCache full:https://registry.npmjs.org/h3 cache-miss
1070 http fetch GET 200 https://registry.npmjs.org/h3 36ms (cache miss)
1071 silly packumentCache full:https://registry.npmjs.org/h3 set size:undefined disposed:false
1072 silly fetch manifest crossws@^0.4.12
1073 silly packumentCache full:https://registry.npmjs.org/crossws cache-miss
1074 http fetch GET 200 https://registry.npmjs.org/crossws 27ms (cache miss)
1075 silly packumentCache full:https://registry.npmjs.org/crossws set size:undefined disposed:false
1076 silly fetch manifest srvx@>=0.11.5
1077 silly packumentCache full:https://registry.npmjs.org/srvx cache-miss
1078 http fetch GET 200 https://registry.npmjs.org/srvx 28ms (cache miss)
1079 silly packumentCache full:https://registry.npmjs.org/srvx set size:undefined disposed:false
1080 silly fetch manifest ocache@>=0.3.0
1081 silly packumentCache full:https://registry.npmjs.org/ocache cache-miss
1082 http fetch GET 200 https://registry.npmjs.org/ocache 114ms (cache miss)
1083 silly packumentCache full:https://registry.npmjs.org/ocache set size:undefined disposed:false
1084 silly fetch manifest tailwindcss@^3.0.0 || ^4.0.0-beta.0
1085 silly packumentCache full:https://registry.npmjs.org/tailwindcss cache-miss
1086 http cache https://registry.npmjs.org/tailwindcss 27ms (cache hit)
1087 silly packumentCache full:https://registry.npmjs.org/tailwindcss set size:10893093 disposed:false
1088 silly fetch manifest typescript@^4.9.4 || ^5.0.2
1089 silly packumentCache full:https://registry.npmjs.org/typescript cache-miss
1090 http cache https://registry.npmjs.org/typescript 33ms (cache hit)
1091 silly packumentCache full:https://registry.npmjs.org/typescript set size:15748756 disposed:false
1092 silly fetch manifest rollup@^1.20.0||^2.0.0||^3.0.0||^4.0.0
1093 silly packumentCache full:https://registry.npmjs.org/rollup cache-miss
1094 http cache https://registry.npmjs.org/rollup 16ms (cache hit)
1095 silly packumentCache full:https://registry.npmjs.org/rollup set size:6391280 disposed:false
1096 silly placeDep ROOT @astrojs/compiler@2.13.1 OK for: astro@5.18.2 want: ^2.13.0
1097 silly placeDep ROOT @astrojs/internal-helpers@0.7.6 OK for: astro@5.18.2 want: 0.7.6
1098 silly placeDep ROOT @astrojs/markdown-remark@6.3.11 OK for: astro@5.18.2 want: 6.3.11
1099 silly placeDep ROOT @astrojs/telemetry@3.3.0 OK for: astro@5.18.2 want: 3.3.0
1100 silly placeDep ROOT @capsizecss/unpack@4.0.1 OK for: astro@5.18.2 want: ^4.0.0
1101 silly placeDep ROOT @oslojs/encoding@1.1.0 OK for: astro@5.18.2 want: ^1.1.0
1102 silly placeDep ROOT @rollup/pluginutils@5.4.0 OK for: astro@5.18.2 want: ^5.3.0
1103 silly placeDep ROOT acorn@8.18.0 OK for: astro@5.18.2 want: ^8.15.0
1104 silly placeDep ROOT aria-query@5.3.2 OK for: astro@5.18.2 want: ^5.3.2
1105 silly placeDep ROOT axobject-query@4.1.0 OK for: astro@5.18.2 want: ^4.1.0
1106 silly placeDep ROOT boxen@8.0.1 OK for: astro@5.18.2 want: 8.0.1
1107 silly placeDep ROOT ci-info@4.4.0 OK for: astro@5.18.2 want: ^4.3.1
1108 silly placeDep ROOT clsx@2.1.1 OK for: astro@5.18.2 want: ^2.1.1
1109 silly placeDep ROOT common-ancestor-path@1.0.1 OK for: astro@5.18.2 want: ^1.0.1
1110 silly placeDep ROOT cookie@1.1.1 OK for: astro@5.18.2 want: ^1.1.1
1111 silly placeDep ROOT cssesc@3.0.0 OK for: astro@5.18.2 want: ^3.0.0
1112 silly placeDep ROOT deterministic-object-hash@2.0.2 OK for: astro@5.18.2 want: ^2.0.2
1113 silly placeDep ROOT devalue@5.9.4 OK for: astro@5.18.2 want: ^5.6.2
1114 silly placeDep ROOT diff@8.0.4 OK for: astro@5.18.2 want: ^8.0.3
1115 silly placeDep ROOT dlv@1.1.3 OK for: astro@5.18.2 want: ^1.1.3
1116 silly placeDep ROOT dset@3.1.4 OK for: astro@5.18.2 want: ^3.1.4
1117 silly placeDep ROOT es-module-lexer@1.7.0 OK for: astro@5.18.2 want: ^1.7.0
1118 silly placeDep ROOT esbuild@0.27.7 OK for: astro@5.18.2 want: ^0.27.3
1119 silly placeDep ROOT estree-walker@3.0.3 OK for: astro@5.18.2 want: ^3.0.3
1120 silly placeDep ROOT flattie@1.1.1 OK for: astro@5.18.2 want: ^1.1.1
1121 silly placeDep ROOT fontace@0.4.1 OK for: astro@5.18.2 want: ~0.4.0
1122 silly placeDep ROOT github-slugger@2.0.0 OK for: astro@5.18.2 want: ^2.0.0
1123 silly placeDep ROOT html-escaper@3.0.3 OK for: astro@5.18.2 want: 3.0.3
1124 silly placeDep ROOT http-cache-semantics@4.2.0 OK for: astro@5.18.2 want: ^4.2.0
1125 silly placeDep ROOT import-meta-resolve@4.2.0 OK for: astro@5.18.2 want: ^4.2.0
1126 silly placeDep ROOT js-yaml@4.3.2 OK for: astro@5.18.2 want: ^4.1.1
1127 silly placeDep ROOT magicast@0.5.5 OK for: astro@5.18.2 want: ^0.5.1
1128 silly placeDep ROOT mrmime@2.0.1 OK for: astro@5.18.2 want: ^2.0.1
1129 silly placeDep ROOT neotraverse@0.6.18 OK for: astro@5.18.2 want: ^0.6.18
1130 silly placeDep ROOT p-limit@6.2.0 OK for: astro@5.18.2 want: ^6.2.0
1131 silly placeDep ROOT p-queue@8.1.1 OK for: astro@5.18.2 want: ^8.1.1
1132 silly placeDep ROOT package-manager-detector@1.8.0 OK for: astro@5.18.2 want: ^1.6.0
1133 silly placeDep ROOT piccolore@0.1.3 OK for: astro@5.18.2 want: ^0.1.3
1134 silly placeDep ROOT picomatch@4.0.7 OK for: astro@5.18.2 want: ^4.0.3
1135 silly placeDep ROOT prompts@2.4.2 OK for: astro@5.18.2 want: ^2.4.2
1136 silly placeDep ROOT rehype@13.0.2 OK for: astro@5.18.2 want: ^13.0.2
1137 silly placeDep node_modules/astro semver@7.8.5 OK for: astro@5.18.2 want: ^7.7.3
1138 silly placeDep ROOT sharp@0.34.5 OK for: astro@5.18.2 want: ^0.34.0
1139 silly placeDep ROOT shiki@3.23.0 OK for: astro@5.18.2 want: ^3.21.0
1140 silly placeDep ROOT smol-toml@1.9.0 OK for: astro@5.18.2 want: ^1.6.0
1141 silly placeDep ROOT svgo@4.1.0 OK for: astro@5.18.2 want: ^4.0.0
1142 silly placeDep ROOT tinyexec@1.3.1 OK for: astro@5.18.2 want: ^1.0.2
1143 silly placeDep ROOT tinyglobby@0.2.17 OK for: astro@5.18.2 want: ^0.2.15
1144 silly placeDep ROOT tsconfck@3.1.6 OK for: astro@5.18.2 want: ^3.1.6
1145 silly placeDep ROOT unifont@0.7.5 OK for: astro@5.18.2 want: ~0.7.3
1146 silly placeDep ROOT unist-util-visit@5.1.0 OK for: astro@5.18.2 want: ^5.0.0
1147 silly placeDep ROOT unstorage@1.17.5 OK for: astro@5.18.2 want: ^1.17.4
1148 silly placeDep ROOT vfile@6.0.3 OK for: astro@5.18.2 want: ^6.0.3
1149 silly placeDep ROOT vitefu@1.1.3 OK for: astro@5.18.2 want: ^1.1.1
1150 silly placeDep ROOT xxhash-wasm@1.1.0 OK for: astro@5.18.2 want: ^1.1.0
1151 silly placeDep ROOT yargs-parser@21.1.1 OK for: astro@5.18.2 want: ^21.1.1
1152 silly placeDep ROOT yocto-spinner@0.2.3 OK for: astro@5.18.2 want: ^0.2.3
1153 silly placeDep ROOT zod@3.25.76 OK for: astro@5.18.2 want: ^3.25.76
1154 silly placeDep ROOT zod-to-json-schema@3.25.2 OK for: astro@5.18.2 want: ^3.25.1
1155 silly placeDep ROOT zod-to-ts@1.2.0 OK for: astro@5.18.2 want: ^1.2.0
1156 silly fetch manifest unified@^11.0.5
1157 silly packumentCache full:https://registry.npmjs.org/unified cache-miss
1158 silly fetch manifest rehype-raw@^7.0.0
1159 silly packumentCache full:https://registry.npmjs.org/rehype-raw cache-miss
1160 silly fetch manifest remark-gfm@^4.0.1
1161 silly packumentCache full:https://registry.npmjs.org/remark-gfm cache-miss
1162 silly fetch manifest remark-parse@^11.0.0
1163 silly packumentCache full:https://registry.npmjs.org/remark-parse cache-miss
1164 silly fetch manifest remark-rehype@^11.1.2
1165 silly packumentCache full:https://registry.npmjs.org/remark-rehype cache-miss
1166 silly fetch manifest @astrojs/prism@3.3.0
1167 silly packumentCache full:https://registry.npmjs.org/@astrojs%2fprism cache-miss
1168 silly fetch manifest rehype-stringify@^10.0.1
1169 silly packumentCache full:https://registry.npmjs.org/rehype-stringify cache-miss
1170 silly fetch manifest hast-util-to-text@^4.0.2
1171 silly packumentCache full:https://registry.npmjs.org/hast-util-to-text cache-miss
1172 silly fetch manifest remark-smartypants@^3.0.2
1173 silly packumentCache full:https://registry.npmjs.org/remark-smartypants cache-miss
1174 silly fetch manifest hast-util-from-html@^2.0.3
1175 silly packumentCache full:https://registry.npmjs.org/hast-util-from-html cache-miss
1176 silly fetch manifest mdast-util-definitions@^6.0.0
1177 silly packumentCache full:https://registry.npmjs.org/mdast-util-definitions cache-miss
1178 http fetch GET 200 https://registry.npmjs.org/remark-gfm 36ms (cache miss)
1179 silly packumentCache full:https://registry.npmjs.org/remark-gfm set size:undefined disposed:false
1180 silly fetch manifest unist-util-visit-parents@^6.0.2
1181 silly packumentCache full:https://registry.npmjs.org/unist-util-visit-parents cache-miss
1182 http fetch GET 200 https://registry.npmjs.org/rehype-stringify 36ms (cache miss)
1183 silly packumentCache full:https://registry.npmjs.org/rehype-stringify set size:undefined disposed:false
1184 silly fetch manifest unist-util-remove-position@^5.0.0
1185 silly packumentCache full:https://registry.npmjs.org/unist-util-remove-position cache-miss
1186 http fetch GET 200 https://registry.npmjs.org/remark-rehype 39ms (cache miss)
1187 silly packumentCache full:https://registry.npmjs.org/remark-rehype set size:undefined disposed:false
1188 silly fetch manifest is-wsl@^3.1.0
1189 silly packumentCache full:https://registry.npmjs.org/is-wsl cache-miss
1190 http fetch GET 200 https://registry.npmjs.org/hast-util-from-html 40ms (cache miss)
1191 silly packumentCache full:https://registry.npmjs.org/hast-util-from-html set size:undefined disposed:false
1192 silly fetch manifest ci-info@^4.2.0
1193 silly packumentCache full:https://registry.npmjs.org/ci-info cache-miss
1194 http fetch GET 200 https://registry.npmjs.org/hast-util-to-text 43ms (cache miss)
1195 silly packumentCache full:https://registry.npmjs.org/hast-util-to-text set size:undefined disposed:false
1196 silly fetch manifest is-docker@^3.0.0
1197 silly packumentCache full:https://registry.npmjs.org/is-docker cache-miss
1198 http fetch GET 200 https://registry.npmjs.org/remark-parse 47ms (cache miss)
1199 silly packumentCache full:https://registry.npmjs.org/remark-parse set size:undefined disposed:false
1200 silly fetch manifest which-pm-runs@^1.1.0
1201 silly packumentCache full:https://registry.npmjs.org/which-pm-runs cache-miss
1202 http fetch GET 200 https://registry.npmjs.org/@astrojs%2fprism 52ms (cache miss)
1203 silly packumentCache full:https://registry.npmjs.org/@astrojs%2fprism set size:undefined disposed:false
1204 silly fetch manifest fontkitten@^1.0.3
1205 silly packumentCache full:https://registry.npmjs.org/fontkitten cache-miss
1206 http fetch GET 200 https://registry.npmjs.org/unified 57ms (cache miss)
1207 silly packumentCache full:https://registry.npmjs.org/unified set size:undefined disposed:false
1208 silly fetch manifest @types/estree@^1.0.0
1209 silly packumentCache full:https://registry.npmjs.org/@types%2festree cache-miss
1210 http cache https://registry.npmjs.org/ci-info 20ms (cache hit)
1211 silly packumentCache full:https://registry.npmjs.org/ci-info set size:91363 disposed:false
1212 silly fetch manifest estree-walker@^2.0.2
1213 silly packumentCache full:https://registry.npmjs.org/estree-walker cache-miss
1214 http fetch GET 200 https://registry.npmjs.org/is-wsl 28ms (cache miss)
1215 silly packumentCache full:https://registry.npmjs.org/is-wsl set size:undefined disposed:false
1216 silly fetch manifest chalk@^5.3.0
1217 silly packumentCache full:https://registry.npmjs.org/chalk cache-miss
1218 http cache https://registry.npmjs.org/estree-walker 7ms (cache hit)
1219 silly packumentCache full:https://registry.npmjs.org/estree-walker set size:60887 disposed:false
1220 silly fetch manifest camelcase@^8.0.0
1221 silly packumentCache full:https://registry.npmjs.org/camelcase cache-miss
1222 http fetch GET 200 https://registry.npmjs.org/is-docker 28ms (cache miss)
1223 silly packumentCache full:https://registry.npmjs.org/is-docker set size:undefined disposed:false
1224 silly fetch manifest cli-boxes@^3.0.0
1225 silly packumentCache full:https://registry.npmjs.org/cli-boxes cache-miss
1226 http fetch GET 200 https://registry.npmjs.org/which-pm-runs 29ms (cache miss)
1227 silly packumentCache full:https://registry.npmjs.org/which-pm-runs set size:undefined disposed:false
1228 silly fetch manifest type-fest@^4.21.0
1229 silly packumentCache full:https://registry.npmjs.org/type-fest cache-miss
1230 http fetch GET 200 https://registry.npmjs.org/fontkitten 27ms (cache miss)
1231 silly packumentCache full:https://registry.npmjs.org/fontkitten set size:undefined disposed:false
1232 silly fetch manifest wrap-ansi@^9.0.0
1233 silly packumentCache full:https://registry.npmjs.org/wrap-ansi cache-miss
1234 http fetch GET 200 https://registry.npmjs.org/cli-boxes 25ms (cache miss)
1235 silly packumentCache full:https://registry.npmjs.org/cli-boxes set size:undefined disposed:false
1236 silly fetch manifest ansi-align@^3.0.1
1237 silly packumentCache full:https://registry.npmjs.org/ansi-align cache-miss
1238 http fetch GET 200 https://registry.npmjs.org/@types%2festree 41ms (cache miss)
1239 silly packumentCache full:https://registry.npmjs.org/@types%2festree set size:undefined disposed:false
1240 silly fetch manifest widest-line@^5.0.0
1241 silly packumentCache full:https://registry.npmjs.org/widest-line cache-miss
1242 http fetch GET 200 https://registry.npmjs.org/camelcase 31ms (cache miss)
1243 silly packumentCache full:https://registry.npmjs.org/camelcase set size:undefined disposed:false
1244 silly fetch manifest string-width@^7.2.0
1245 silly packumentCache full:https://registry.npmjs.org/string-width cache-miss
1246 http fetch GET 200 https://registry.npmjs.org/chalk 36ms (cache miss)
1247 silly packumentCache full:https://registry.npmjs.org/chalk set size:undefined disposed:false
1248 silly fetch manifest base-64@^1.0.0
1249 silly packumentCache full:https://registry.npmjs.org/base-64 cache-miss
1250 http fetch GET 200 https://registry.npmjs.org/remark-smartypants 116ms (cache miss)
1251 silly packumentCache full:https://registry.npmjs.org/remark-smartypants set size:undefined disposed:false
1252 silly fetch manifest @esbuild/aix-ppc64@0.27.7
1253 silly packumentCache full:https://registry.npmjs.org/@esbuild%2faix-ppc64 cache-miss
1254 http fetch GET 200 https://registry.npmjs.org/rehype-raw 120ms (cache miss)
1255 silly packumentCache full:https://registry.npmjs.org/rehype-raw set size:undefined disposed:false
1256 silly fetch manifest @esbuild/linux-arm@0.27.7
1257 silly packumentCache full:https://registry.npmjs.org/@esbuild%2flinux-arm cache-miss
1258 http fetch GET 200 https://registry.npmjs.org/mdast-util-definitions 120ms (cache miss)
1259 silly packumentCache full:https://registry.npmjs.org/mdast-util-definitions set size:undefined disposed:false
1260 silly fetch manifest @esbuild/linux-x64@0.27.7
1261 silly packumentCache full:https://registry.npmjs.org/@esbuild%2flinux-x64 cache-miss
1262 http fetch GET 200 https://registry.npmjs.org/ansi-align 30ms (cache miss)
1263 silly packumentCache full:https://registry.npmjs.org/ansi-align set size:undefined disposed:false
1264 silly fetch manifest @esbuild/sunos-x64@0.27.7
1265 silly packumentCache full:https://registry.npmjs.org/@esbuild%2fsunos-x64 cache-miss
1266 http fetch GET 200 https://registry.npmjs.org/string-width 26ms (cache miss)
1267 silly packumentCache full:https://registry.npmjs.org/string-width set size:undefined disposed:false
1268 silly fetch manifest @esbuild/win32-x64@0.27.7
1269 silly packumentCache full:https://registry.npmjs.org/@esbuild%2fwin32-x64 cache-miss
1270 http fetch GET 200 https://registry.npmjs.org/type-fest 55ms (cache miss)
1271 silly packumentCache full:https://registry.npmjs.org/type-fest set size:undefined disposed:false
1272 silly fetch manifest @esbuild/darwin-x64@0.27.7
1273 silly packumentCache full:https://registry.npmjs.org/@esbuild%2fdarwin-x64 cache-miss
1274 http fetch GET 200 https://registry.npmjs.org/widest-line 36ms (cache miss)
1275 silly packumentCache full:https://registry.npmjs.org/widest-line set size:undefined disposed:false
1276 silly fetch manifest @esbuild/linux-ia32@0.27.7
1277 silly packumentCache full:https://registry.npmjs.org/@esbuild%2flinux-ia32 cache-miss
1278 http fetch GET 200 https://registry.npmjs.org/unist-util-visit-parents 109ms (cache miss)
1279 silly packumentCache full:https://registry.npmjs.org/unist-util-visit-parents set size:undefined disposed:false
1280 silly fetch manifest @esbuild/netbsd-x64@0.27.7
1281 silly packumentCache full:https://registry.npmjs.org/@esbuild%2fnetbsd-x64 cache-miss
1282 http fetch GET 200 https://registry.npmjs.org/unist-util-remove-position 120ms (cache miss)
1283 silly packumentCache full:https://registry.npmjs.org/unist-util-remove-position set size:undefined disposed:false
1284 silly fetch manifest @esbuild/win32-ia32@0.27.7
1285 silly packumentCache full:https://registry.npmjs.org/@esbuild%2fwin32-ia32 cache-miss
1286 http fetch GET 200 https://registry.npmjs.org/@esbuild%2faix-ppc64 45ms (cache miss)
1287 silly packumentCache full:https://registry.npmjs.org/@esbuild%2faix-ppc64 set size:undefined disposed:false
1288 silly fetch manifest @esbuild/android-arm@0.27.7
1289 silly packumentCache full:https://registry.npmjs.org/@esbuild%2fandroid-arm cache-miss
1290 http fetch GET 200 https://registry.npmjs.org/@esbuild%2flinux-arm 45ms (cache miss)
1291 silly packumentCache full:https://registry.npmjs.org/@esbuild%2flinux-arm set size:undefined disposed:false
1292 silly fetch manifest @esbuild/android-x64@0.27.7
1293 silly packumentCache full:https://registry.npmjs.org/@esbuild%2fandroid-x64 cache-miss
1294 http fetch GET 200 https://registry.npmjs.org/@esbuild%2flinux-x64 54ms (cache miss)
1295 silly packumentCache full:https://registry.npmjs.org/@esbuild%2flinux-x64 set size:undefined disposed:false
1296 silly fetch manifest @esbuild/freebsd-x64@0.27.7
1297 silly packumentCache full:https://registry.npmjs.org/@esbuild%2ffreebsd-x64 cache-miss
1298 http fetch GET 200 https://registry.npmjs.org/@esbuild%2flinux-ia32 51ms (cache miss)
1299 silly packumentCache full:https://registry.npmjs.org/@esbuild%2flinux-ia32 set size:undefined disposed:false
1300 silly fetch manifest @esbuild/linux-arm64@0.27.7
1301 silly packumentCache full:https://registry.npmjs.org/@esbuild%2flinux-arm64 cache-miss
1302 http fetch GET 200 https://registry.npmjs.org/@esbuild%2fnetbsd-x64 48ms (cache miss)
1303 silly packumentCache full:https://registry.npmjs.org/@esbuild%2fnetbsd-x64 set size:undefined disposed:false
1304 silly fetch manifest @esbuild/linux-ppc64@0.27.7
1305 silly packumentCache full:https://registry.npmjs.org/@esbuild%2flinux-ppc64 cache-miss
1306 http fetch GET 200 https://registry.npmjs.org/@esbuild%2fdarwin-x64 62ms (cache miss)
1307 silly packumentCache full:https://registry.npmjs.org/@esbuild%2fdarwin-x64 set size:undefined disposed:false
1308 silly fetch manifest @esbuild/linux-s390x@0.27.7
1309 silly packumentCache full:https://registry.npmjs.org/@esbuild%2flinux-s390x cache-miss
1310 http fetch GET 200 https://registry.npmjs.org/@esbuild%2fwin32-x64 69ms (cache miss)
1311 silly packumentCache full:https://registry.npmjs.org/@esbuild%2fwin32-x64 set size:undefined disposed:false
1312 silly fetch manifest @esbuild/openbsd-x64@0.27.7
1313 silly packumentCache full:https://registry.npmjs.org/@esbuild%2fopenbsd-x64 cache-miss
1314 http fetch GET 200 https://registry.npmjs.org/@esbuild%2fsunos-x64 76ms (cache miss)
1315 silly packumentCache full:https://registry.npmjs.org/@esbuild%2fsunos-x64 set size:undefined disposed:false
1316 silly fetch manifest @esbuild/win32-arm64@0.27.7
1317 silly packumentCache full:https://registry.npmjs.org/@esbuild%2fwin32-arm64 cache-miss
1318 http fetch GET 200 https://registry.npmjs.org/wrap-ansi 132ms (cache miss)
1319 silly packumentCache full:https://registry.npmjs.org/wrap-ansi set size:undefined disposed:false
1320 silly fetch manifest @esbuild/darwin-arm64@0.27.7
1321 silly packumentCache full:https://registry.npmjs.org/@esbuild%2fdarwin-arm64 cache-miss
1322 http fetch GET 200 https://registry.npmjs.org/base-64 112ms (cache miss)
1323 silly packumentCache full:https://registry.npmjs.org/base-64 set size:undefined disposed:false
1324 silly fetch manifest @esbuild/netbsd-arm64@0.27.7
1325 silly packumentCache full:https://registry.npmjs.org/@esbuild%2fnetbsd-arm64 cache-miss
1326 http fetch GET 200 https://registry.npmjs.org/@esbuild%2fwin32-ia32 63ms (cache miss)
1327 silly packumentCache full:https://registry.npmjs.org/@esbuild%2fwin32-ia32 set size:undefined disposed:false
1328 silly fetch manifest @esbuild/android-arm64@0.27.7
1329 silly packumentCache full:https://registry.npmjs.org/@esbuild%2fandroid-arm64 cache-miss
1330 http fetch GET 200 https://registry.npmjs.org/@esbuild%2fandroid-arm 62ms (cache miss)
1331 silly packumentCache full:https://registry.npmjs.org/@esbuild%2fandroid-arm set size:undefined disposed:false
1332 silly fetch manifest @esbuild/freebsd-arm64@0.27.7
1333 silly packumentCache full:https://registry.npmjs.org/@esbuild%2ffreebsd-arm64 cache-miss
1334 http fetch GET 200 https://registry.npmjs.org/@esbuild%2fandroid-x64 61ms (cache miss)
1335 silly packumentCache full:https://registry.npmjs.org/@esbuild%2fandroid-x64 set size:undefined disposed:false
1336 silly fetch manifest @esbuild/linux-loong64@0.27.7
1337 silly packumentCache full:https://registry.npmjs.org/@esbuild%2flinux-loong64 cache-miss
1338 http fetch GET 200 https://registry.npmjs.org/@esbuild%2ffreebsd-x64 67ms (cache miss)
1339 silly packumentCache full:https://registry.npmjs.org/@esbuild%2ffreebsd-x64 set size:undefined disposed:false
1340 silly fetch manifest @esbuild/linux-riscv64@0.27.7
1341 silly packumentCache full:https://registry.npmjs.org/@esbuild%2flinux-riscv64 cache-miss
1342 http fetch GET 200 https://registry.npmjs.org/@esbuild%2flinux-arm64 70ms (cache miss)
1343 silly packumentCache full:https://registry.npmjs.org/@esbuild%2flinux-arm64 set size:undefined disposed:false
1344 silly fetch manifest @esbuild/openbsd-arm64@0.27.7
1345 silly packumentCache full:https://registry.npmjs.org/@esbuild%2fopenbsd-arm64 cache-miss
1346 http fetch GET 200 https://registry.npmjs.org/@esbuild%2fopenbsd-x64 65ms (cache miss)
1347 silly packumentCache full:https://registry.npmjs.org/@esbuild%2fopenbsd-x64 set size:undefined disposed:false
1348 silly fetch manifest @esbuild/linux-mips64el@0.27.7
1349 silly packumentCache full:https://registry.npmjs.org/@esbuild%2flinux-mips64el cache-miss
1350 http fetch GET 200 https://registry.npmjs.org/@esbuild%2flinux-s390x 73ms (cache miss)
1351 silly packumentCache full:https://registry.npmjs.org/@esbuild%2flinux-s390x set size:undefined disposed:false
1352 silly fetch manifest @esbuild/openharmony-arm64@0.27.7
1353 silly packumentCache full:https://registry.npmjs.org/@esbuild%2fopenharmony-arm64 cache-miss
1354 http fetch GET 200 https://registry.npmjs.org/@esbuild%2fnetbsd-arm64 61ms (cache miss)
1355 silly packumentCache full:https://registry.npmjs.org/@esbuild%2fnetbsd-arm64 set size:undefined disposed:false
1356 silly fetch manifest fontkitten@^1.0.2
1357 silly packumentCache full:https://registry.npmjs.org/fontkitten cache-miss
1358 http fetch GET 200 https://registry.npmjs.org/@esbuild%2fwin32-arm64 77ms (cache miss)
1359 silly packumentCache full:https://registry.npmjs.org/@esbuild%2fwin32-arm64 set size:undefined disposed:false
1360 silly fetch manifest argparse@^2.0.1
1361 silly packumentCache full:https://registry.npmjs.org/argparse cache-miss
1362 http fetch GET 200 https://registry.npmjs.org/@esbuild%2fdarwin-arm64 78ms (cache miss)
1363 silly packumentCache full:https://registry.npmjs.org/@esbuild%2fdarwin-arm64 set size:undefined disposed:false
1364 silly fetch manifest yocto-queue@^1.1.1
1365 silly packumentCache full:https://registry.npmjs.org/yocto-queue cache-miss
1366 http fetch GET 200 https://registry.npmjs.org/@esbuild%2fandroid-arm64 74ms (cache miss)
1367 silly packumentCache full:https://registry.npmjs.org/@esbuild%2fandroid-arm64 set size:undefined disposed:false
1368 silly fetch manifest p-timeout@^6.1.2
1369 silly packumentCache full:https://registry.npmjs.org/p-timeout cache-miss
1370 http fetch GET 200 https://registry.npmjs.org/@esbuild%2flinux-ppc64 102ms (cache miss)
1371 silly packumentCache full:https://registry.npmjs.org/@esbuild%2flinux-ppc64 set size:undefined disposed:false
1372 silly fetch manifest eventemitter3@^5.0.1
1373 silly packumentCache full:https://registry.npmjs.org/eventemitter3 cache-miss
1374 http fetch GET 200 https://registry.npmjs.org/@esbuild%2ffreebsd-arm64 77ms (cache miss)
1375 silly packumentCache full:https://registry.npmjs.org/@esbuild%2ffreebsd-arm64 set size:undefined disposed:false
1376 silly fetch manifest kleur@^3.0.3
1377 silly packumentCache full:https://registry.npmjs.org/kleur cache-miss
1378 http cache https://registry.npmjs.org/fontkitten 28ms (cache hit)
1379 silly packumentCache full:https://registry.npmjs.org/fontkitten set size:43549 disposed:false
1380 silly fetch manifest sisteransi@^1.0.5
1381 silly packumentCache full:https://registry.npmjs.org/sisteransi cache-miss
1382 http fetch GET 200 https://registry.npmjs.org/@esbuild%2flinux-loong64 86ms (cache miss)
1383 silly packumentCache full:https://registry.npmjs.org/@esbuild%2flinux-loong64 set size:undefined disposed:false
1384 silly fetch manifest @types/hast@^3.0.0
1385 silly packumentCache full:https://registry.npmjs.org/@types%2fhast cache-miss
1386 http fetch GET 200 https://registry.npmjs.org/@esbuild%2fopenbsd-arm64 56ms (cache miss)
1387 silly packumentCache full:https://registry.npmjs.org/@esbuild%2fopenbsd-arm64 set size:undefined disposed:false
1388 silly fetch manifest rehype-parse@^9.0.0
1389 silly packumentCache full:https://registry.npmjs.org/rehype-parse cache-miss
1390 http fetch GET 200 https://registry.npmjs.org/@esbuild%2flinux-riscv64 75ms (cache miss)
1391 silly packumentCache full:https://registry.npmjs.org/@esbuild%2flinux-riscv64 set size:undefined disposed:false
1392 silly fetch manifest rehype-stringify@^10.0.0
1393 silly packumentCache full:https://registry.npmjs.org/rehype-stringify cache-miss
1394 http fetch GET 200 https://registry.npmjs.org/@esbuild%2fopenharmony-arm64 54ms (cache miss)
1395 silly packumentCache full:https://registry.npmjs.org/@esbuild%2fopenharmony-arm64 set size:undefined disposed:false
1396 silly fetch manifest unified@^11.0.0
1397 silly packumentCache full:https://registry.npmjs.org/unified cache-miss
1398 http fetch GET 200 https://registry.npmjs.org/argparse 47ms (cache miss)
1399 silly packumentCache full:https://registry.npmjs.org/argparse set size:undefined disposed:false
1400 silly fetch manifest @img/colour@^1.0.0
1401 silly packumentCache full:https://registry.npmjs.org/@img%2fcolour cache-miss
1402 http fetch GET 200 https://registry.npmjs.org/yocto-queue 40ms (cache miss)
1403 silly packumentCache full:https://registry.npmjs.org/yocto-queue set size:undefined disposed:false
1404 silly fetch manifest detect-libc@^2.1.2
1405 silly packumentCache full:https://registry.npmjs.org/detect-libc cache-miss
1406 http fetch GET 200 https://registry.npmjs.org/@esbuild%2flinux-mips64el 67ms (cache miss)
1407 silly packumentCache full:https://registry.npmjs.org/@esbuild%2flinux-mips64el set size:undefined disposed:false
1408 silly fetch manifest @img/sharp-wasm32@0.34.5
1409 silly packumentCache full:https://registry.npmjs.org/@img%2fsharp-wasm32 cache-miss
1410 http fetch GET 200 https://registry.npmjs.org/p-timeout 44ms (cache miss)
1411 silly packumentCache full:https://registry.npmjs.org/p-timeout set size:undefined disposed:false
1412 silly fetch manifest @img/sharp-linux-arm@0.34.5
1413 silly packumentCache full:https://registry.npmjs.org/@img%2fsharp-linux-arm cache-miss
1414 http cache https://registry.npmjs.org/rehype-stringify 22ms (cache hit)
1415 silly packumentCache full:https://registry.npmjs.org/rehype-stringify set size:58160 disposed:false
1416 silly fetch manifest @img/sharp-linux-x64@0.34.5
1417 silly packumentCache full:https://registry.npmjs.org/@img%2fsharp-linux-x64 cache-miss
1418 http fetch GET 200 https://registry.npmjs.org/eventemitter3 47ms (cache miss)
1419 silly packumentCache full:https://registry.npmjs.org/eventemitter3 set size:undefined disposed:false
1420 silly fetch manifest @img/sharp-win32-x64@0.34.5
1421 silly packumentCache full:https://registry.npmjs.org/@img%2fsharp-win32-x64 cache-miss
1422 http cache https://registry.npmjs.org/unified 22ms (cache hit)
1423 silly packumentCache full:https://registry.npmjs.org/unified set size:321787 disposed:false
1424 silly fetch manifest @img/sharp-darwin-x64@0.34.5
1425 silly packumentCache full:https://registry.npmjs.org/@img%2fsharp-darwin-x64 cache-miss
1426 http fetch GET 200 https://registry.npmjs.org/kleur 50ms (cache miss)
1427 silly packumentCache full:https://registry.npmjs.org/kleur set size:undefined disposed:false
1428 silly fetch manifest @img/sharp-win32-ia32@0.34.5
1429 silly packumentCache full:https://registry.npmjs.org/@img%2fsharp-win32-ia32 cache-miss
1430 http fetch GET 200 https://registry.npmjs.org/sisteransi 49ms (cache miss)
1431 silly packumentCache full:https://registry.npmjs.org/sisteransi set size:undefined disposed:false
1432 silly fetch manifest @img/sharp-linux-arm64@0.34.5
1433 silly packumentCache full:https://registry.npmjs.org/@img%2fsharp-linux-arm64 cache-miss
1434 http cache https://registry.npmjs.org/detect-libc 30ms (cache hit)
1435 silly packumentCache full:https://registry.npmjs.org/detect-libc set size:47861 disposed:false
1436 silly fetch manifest @img/sharp-linux-ppc64@0.34.5
1437 silly packumentCache full:https://registry.npmjs.org/@img%2fsharp-linux-ppc64 cache-miss
1438 http fetch GET 200 https://registry.npmjs.org/@types%2fhast 51ms (cache miss)
1439 silly packumentCache full:https://registry.npmjs.org/@types%2fhast set size:undefined disposed:false
1440 silly fetch manifest @img/sharp-linux-s390x@0.34.5
1441 silly packumentCache full:https://registry.npmjs.org/@img%2fsharp-linux-s390x cache-miss
1442 http fetch GET 200 https://registry.npmjs.org/@img%2fcolour 41ms (cache miss)
1443 silly packumentCache full:https://registry.npmjs.org/@img%2fcolour set size:undefined disposed:false
1444 silly fetch manifest @img/sharp-win32-arm64@0.34.5
1445 silly packumentCache full:https://registry.npmjs.org/@img%2fsharp-win32-arm64 cache-miss
1446 http fetch GET 200 https://registry.npmjs.org/@img%2fsharp-wasm32 42ms (cache miss)
1447 silly packumentCache full:https://registry.npmjs.org/@img%2fsharp-wasm32 set size:undefined disposed:false
1448 silly fetch manifest @img/sharp-darwin-arm64@0.34.5
1449 silly packumentCache full:https://registry.npmjs.org/@img%2fsharp-darwin-arm64 cache-miss
1450 http fetch GET 200 https://registry.npmjs.org/@img%2fsharp-linux-arm 39ms (cache miss)
1451 silly packumentCache full:https://registry.npmjs.org/@img%2fsharp-linux-arm set size:undefined disposed:false
1452 silly fetch manifest @img/sharp-linux-riscv64@0.34.5
1453 silly packumentCache full:https://registry.npmjs.org/@img%2fsharp-linux-riscv64 cache-miss
1454 http fetch GET 200 https://registry.npmjs.org/@img%2fsharp-linux-x64 41ms (cache miss)
1455 silly packumentCache full:https://registry.npmjs.org/@img%2fsharp-linux-x64 set size:undefined disposed:false
1456 silly fetch manifest @img/sharp-linuxmusl-x64@0.34.5
1457 silly packumentCache full:https://registry.npmjs.org/@img%2fsharp-linuxmusl-x64 cache-miss
1458 http fetch GET 200 https://registry.npmjs.org/@img%2fsharp-win32-x64 46ms (cache miss)
1459 silly packumentCache full:https://registry.npmjs.org/@img%2fsharp-win32-x64 set size:undefined disposed:false
1460 silly fetch manifest @img/sharp-linuxmusl-arm64@0.34.5
1461 silly packumentCache full:https://registry.npmjs.org/@img%2fsharp-linuxmusl-arm64 cache-miss
1462 http fetch GET 200 https://registry.npmjs.org/@img%2fsharp-win32-ia32 42ms (cache miss)
1463 silly packumentCache full:https://registry.npmjs.org/@img%2fsharp-win32-ia32 set size:undefined disposed:false
1464 silly fetch manifest @img/sharp-libvips-linux-arm@1.2.4
1465 silly packumentCache full:https://registry.npmjs.org/@img%2fsharp-libvips-linux-arm cache-miss
1466 http fetch GET 200 https://registry.npmjs.org/@img%2fsharp-linux-arm64 41ms (cache miss)
1467 silly packumentCache full:https://registry.npmjs.org/@img%2fsharp-linux-arm64 set size:undefined disposed:false
1468 silly fetch manifest @img/sharp-libvips-linux-x64@1.2.4
1469 silly packumentCache full:https://registry.npmjs.org/@img%2fsharp-libvips-linux-x64 cache-miss
1470 http fetch GET 200 https://registry.npmjs.org/@img%2fsharp-darwin-x64 51ms (cache miss)
1471 silly packumentCache full:https://registry.npmjs.org/@img%2fsharp-darwin-x64 set size:undefined disposed:false
1472 silly fetch manifest @img/sharp-libvips-darwin-x64@1.2.4
1473 silly packumentCache full:https://registry.npmjs.org/@img%2fsharp-libvips-darwin-x64 cache-miss
1474 http fetch GET 200 https://registry.npmjs.org/@img%2fsharp-linux-s390x 47ms (cache miss)
1475 silly packumentCache full:https://registry.npmjs.org/@img%2fsharp-linux-s390x set size:undefined disposed:false
1476 silly fetch manifest @img/sharp-libvips-linux-arm64@1.2.4
1477 silly packumentCache full:https://registry.npmjs.org/@img%2fsharp-libvips-linux-arm64 cache-miss
1478 http fetch GET 200 https://registry.npmjs.org/@img%2fsharp-win32-arm64 46ms (cache miss)
1479 silly packumentCache full:https://registry.npmjs.org/@img%2fsharp-win32-arm64 set size:undefined disposed:false
1480 silly fetch manifest @img/sharp-libvips-linux-ppc64@1.2.4
1481 silly packumentCache full:https://registry.npmjs.org/@img%2fsharp-libvips-linux-ppc64 cache-miss
1482 http fetch GET 200 https://registry.npmjs.org/@img%2fsharp-darwin-arm64 42ms (cache miss)
1483 silly packumentCache full:https://registry.npmjs.org/@img%2fsharp-darwin-arm64 set size:undefined disposed:false
1484 silly fetch manifest @img/sharp-libvips-linux-s390x@1.2.4
1485 silly packumentCache full:https://registry.npmjs.org/@img%2fsharp-libvips-linux-s390x cache-miss
1486 http fetch GET 200 https://registry.npmjs.org/@img%2fsharp-linux-riscv64 42ms (cache miss)
1487 silly packumentCache full:https://registry.npmjs.org/@img%2fsharp-linux-riscv64 set size:undefined disposed:false
1488 silly fetch manifest @img/sharp-libvips-darwin-arm64@1.2.4
1489 silly packumentCache full:https://registry.npmjs.org/@img%2fsharp-libvips-darwin-arm64 cache-miss
1490 http fetch GET 200 https://registry.npmjs.org/@img%2fsharp-linux-ppc64 71ms (cache miss)
1491 silly packumentCache full:https://registry.npmjs.org/@img%2fsharp-linux-ppc64 set size:undefined disposed:false
1492 silly fetch manifest @img/sharp-libvips-linux-riscv64@1.2.4
1493 silly packumentCache full:https://registry.npmjs.org/@img%2fsharp-libvips-linux-riscv64 cache-miss
1494 http fetch GET 200 https://registry.npmjs.org/rehype-parse 123ms (cache miss)
1495 silly packumentCache full:https://registry.npmjs.org/rehype-parse set size:undefined disposed:false
1496 silly fetch manifest @img/sharp-libvips-linuxmusl-x64@1.2.4
1497 silly packumentCache full:https://registry.npmjs.org/@img%2fsharp-libvips-linuxmusl-x64 cache-miss
1498 http fetch GET 200 https://registry.npmjs.org/@img%2fsharp-linuxmusl-x64 55ms (cache miss)
1499 silly packumentCache full:https://registry.npmjs.org/@img%2fsharp-linuxmusl-x64 set size:undefined disposed:false
1500 silly fetch manifest @img/sharp-libvips-linuxmusl-arm64@1.2.4
1501 silly packumentCache full:https://registry.npmjs.org/@img%2fsharp-libvips-linuxmusl-arm64 cache-miss
1502 http fetch GET 200 https://registry.npmjs.org/@img%2fsharp-libvips-linux-x64 52ms (cache miss)
1503 silly packumentCache full:https://registry.npmjs.org/@img%2fsharp-libvips-linux-x64 set size:undefined disposed:false
1504 silly fetch manifest @types/hast@^3.0.4
1505 silly packumentCache full:https://registry.npmjs.org/@types%2fhast cache-miss
1506 http fetch GET 200 https://registry.npmjs.org/@img%2fsharp-libvips-linux-arm 60ms (cache miss)
1507 silly packumentCache full:https://registry.npmjs.org/@img%2fsharp-libvips-linux-arm set size:undefined disposed:false
1508 silly fetch manifest @shikijs/core@3.23.0
1509 silly packumentCache full:https://registry.npmjs.org/@shikijs%2fcore cache-miss
1510 http fetch GET 200 https://registry.npmjs.org/@img%2fsharp-linuxmusl-arm64 67ms (cache miss)
1511 silly packumentCache full:https://registry.npmjs.org/@img%2fsharp-linuxmusl-arm64 set size:undefined disposed:false
1512 silly fetch manifest @shikijs/langs@3.23.0
1513 silly packumentCache full:https://registry.npmjs.org/@shikijs%2flangs cache-miss
1514 http fetch GET 200 https://registry.npmjs.org/@img%2fsharp-libvips-darwin-x64 62ms (cache miss)
1515 silly packumentCache full:https://registry.npmjs.org/@img%2fsharp-libvips-darwin-x64 set size:undefined disposed:false
1516 silly fetch manifest @shikijs/types@3.23.0
1517 silly packumentCache full:https://registry.npmjs.org/@shikijs%2ftypes cache-miss
1518 http fetch GET 200 https://registry.npmjs.org/@img%2fsharp-libvips-linux-ppc64 50ms (cache miss)
1519 silly packumentCache full:https://registry.npmjs.org/@img%2fsharp-libvips-linux-ppc64 set size:undefined disposed:false
1520 silly fetch manifest @shikijs/themes@3.23.0
1521 silly packumentCache full:https://registry.npmjs.org/@shikijs%2fthemes cache-miss
1522 http fetch GET 200 https://registry.npmjs.org/@img%2fsharp-libvips-linux-s390x 53ms (cache miss)
1523 silly packumentCache full:https://registry.npmjs.org/@img%2fsharp-libvips-linux-s390x set size:undefined disposed:false
1524 silly fetch manifest @shikijs/vscode-textmate@^10.0.2
1525 silly packumentCache full:https://registry.npmjs.org/@shikijs%2fvscode-textmate cache-miss
1526 http fetch GET 200 https://registry.npmjs.org/@img%2fsharp-libvips-linux-arm64 63ms (cache miss)
1527 silly packumentCache full:https://registry.npmjs.org/@img%2fsharp-libvips-linux-arm64 set size:undefined disposed:false
1528 silly fetch manifest @shikijs/engine-oniguruma@3.23.0
1529 silly packumentCache full:https://registry.npmjs.org/@shikijs%2fengine-oniguruma cache-miss
1530 http cache https://registry.npmjs.org/@types%2fhast 24ms (cache hit)
1531 silly packumentCache full:https://registry.npmjs.org/@types%2fhast set size:35254 disposed:false
1532 silly fetch manifest @shikijs/engine-javascript@3.23.0
1533 silly packumentCache full:https://registry.npmjs.org/@shikijs%2fengine-javascript cache-miss
1534 http fetch GET 200 https://registry.npmjs.org/@img%2fsharp-libvips-darwin-arm64 57ms (cache miss)
1535 silly packumentCache full:https://registry.npmjs.org/@img%2fsharp-libvips-darwin-arm64 set size:undefined disposed:false
1536 silly fetch manifest sax@1.6.1
1537 silly packumentCache full:https://registry.npmjs.org/sax cache-miss
1538 http fetch GET 200 https://registry.npmjs.org/@img%2fsharp-libvips-linuxmusl-x64 45ms (cache miss)
1539 silly packumentCache full:https://registry.npmjs.org/@img%2fsharp-libvips-linuxmusl-x64 set size:undefined disposed:false
1540 silly fetch manifest csso@^5.0.5
1541 silly packumentCache full:https://registry.npmjs.org/csso cache-miss
1542 http fetch GET 200 https://registry.npmjs.org/@img%2fsharp-libvips-linuxmusl-arm64 44ms (cache miss)
1543 silly packumentCache full:https://registry.npmjs.org/@img%2fsharp-libvips-linuxmusl-arm64 set size:undefined disposed:false
1544 silly fetch manifest css-tree@^3.0.1
1545 silly packumentCache full:https://registry.npmjs.org/css-tree cache-miss
1546 http fetch GET 200 https://registry.npmjs.org/@img%2fsharp-libvips-linux-riscv64 60ms (cache miss)
1547 silly packumentCache full:https://registry.npmjs.org/@img%2fsharp-libvips-linux-riscv64 set size:undefined disposed:false
1548 silly fetch manifest css-what@^7.0.0
1549 silly packumentCache full:https://registry.npmjs.org/css-what cache-miss
1550 http fetch GET 200 https://registry.npmjs.org/@shikijs%2fcore 46ms (cache miss)
1551 silly packumentCache full:https://registry.npmjs.org/@shikijs%2fcore set size:undefined disposed:false
1552 silly fetch manifest commander@^11.1.0
1553 silly packumentCache full:https://registry.npmjs.org/commander cache-miss
1554 http fetch GET 200 https://registry.npmjs.org/sax 37ms (cache miss)
1555 silly packumentCache full:https://registry.npmjs.org/sax set size:undefined disposed:false
1556 silly fetch manifest css-select@^6.0.0
1557 silly packumentCache full:https://registry.npmjs.org/css-select cache-miss
1558 http fetch GET 200 https://registry.npmjs.org/@shikijs%2ftypes 57ms (cache miss)
1559 silly packumentCache full:https://registry.npmjs.org/@shikijs%2ftypes set size:undefined disposed:false
1560 silly fetch manifest fdir@^6.5.0
1561 silly packumentCache full:https://registry.npmjs.org/fdir cache-miss
1562 http fetch GET 200 https://registry.npmjs.org/@shikijs%2fvscode-textmate 53ms (cache miss)
1563 silly packumentCache full:https://registry.npmjs.org/@shikijs%2fvscode-textmate set size:undefined disposed:false
1564 silly fetch manifest ohash@^2.0.11
1565 silly packumentCache full:https://registry.npmjs.org/ohash cache-miss
1566 http fetch GET 200 https://registry.npmjs.org/@shikijs%2fengine-javascript 55ms (cache miss)
1567 silly packumentCache full:https://registry.npmjs.org/@shikijs%2fengine-javascript set size:undefined disposed:false
1568 silly fetch manifest undici@^8.0.0
1569 silly packumentCache full:https://registry.npmjs.org/undici cache-miss
1570 http fetch GET 200 https://registry.npmjs.org/css-what 50ms (cache miss)
1571 silly packumentCache full:https://registry.npmjs.org/css-what set size:undefined disposed:false
1572 silly fetch manifest css-tree@^3.1.0
1573 silly packumentCache full:https://registry.npmjs.org/css-tree cache-miss
1574 http fetch GET 200 https://registry.npmjs.org/css-tree 59ms (cache miss)
1575 silly packumentCache full:https://registry.npmjs.org/css-tree set size:undefined disposed:false
1576 silly fetch manifest @types/unist@^3.0.0
1577 silly packumentCache full:https://registry.npmjs.org/@types%2funist cache-miss
1578 http cache https://registry.npmjs.org/fdir 25ms (cache hit)
1579 silly packumentCache full:https://registry.npmjs.org/fdir set size:136182 disposed:false
1580 silly fetch manifest unist-util-is@^6.0.0
1581 silly packumentCache full:https://registry.npmjs.org/unist-util-is cache-miss
1582 http fetch GET 200 https://registry.npmjs.org/csso 73ms (cache miss)
1583 silly packumentCache full:https://registry.npmjs.org/csso set size:undefined disposed:false
1584 silly fetch manifest unist-util-visit-parents@^6.0.0
1585 silly packumentCache full:https://registry.npmjs.org/unist-util-visit-parents cache-miss
1586 http fetch GET 200 https://registry.npmjs.org/@shikijs%2flangs 103ms (cache miss)
1587 silly packumentCache full:https://registry.npmjs.org/@shikijs%2flangs set size:undefined disposed:false
1588 silly fetch manifest h3@^1.15.10
1589 silly packumentCache full:https://registry.npmjs.org/h3 cache-miss
1590 http fetch GET 200 https://registry.npmjs.org/css-select 60ms (cache miss)
1591 silly packumentCache full:https://registry.npmjs.org/css-select set size:undefined disposed:false
1592 silly fetch manifest ufo@^1.6.3
1593 silly packumentCache full:https://registry.npmjs.org/ufo cache-miss
1594 http cache https://registry.npmjs.org/css-tree 37ms (cache hit)
1595 silly packumentCache full:https://registry.npmjs.org/css-tree set size:229638 disposed:false
1596 silly fetch manifest destr@^2.0.5
1597 silly packumentCache full:https://registry.npmjs.org/destr cache-miss
1598 http cache https://registry.npmjs.org/unist-util-visit-parents 24ms (cache hit)
1599 silly packumentCache full:https://registry.npmjs.org/unist-util-visit-parents set size:103476 disposed:false
1600 silly fetch manifest ofetch@^1.5.1
1601 silly packumentCache full:https://registry.npmjs.org/ofetch cache-miss
1602 http fetch GET 200 https://registry.npmjs.org/commander 81ms (cache miss)
1603 silly packumentCache full:https://registry.npmjs.org/commander set size:undefined disposed:false
1604 silly fetch manifest anymatch@^3.1.3
1605 silly packumentCache full:https://registry.npmjs.org/anymatch cache-miss
1606 http fetch GET 200 https://registry.npmjs.org/ohash 67ms (cache miss)
1607 silly packumentCache full:https://registry.npmjs.org/ohash set size:undefined disposed:false
1608 silly fetch manifest chokidar@^5.0.0
1609 silly packumentCache full:https://registry.npmjs.org/chokidar cache-miss
1610 http cache https://registry.npmjs.org/h3 35ms (cache hit)
1611 silly packumentCache full:https://registry.npmjs.org/h3 set size:499702 disposed:false
1612 silly fetch manifest lru-cache@^11.2.7
1613 silly packumentCache full:https://registry.npmjs.org/lru-cache cache-miss
1614 http fetch GET 200 https://registry.npmjs.org/@types%2funist 69ms (cache miss)
1615 silly packumentCache full:https://registry.npmjs.org/@types%2funist set size:undefined disposed:false
1616 silly fetch manifest node-fetch-native@^1.6.7
1617 silly packumentCache full:https://registry.npmjs.org/node-fetch-native cache-miss
1618 http fetch GET 200 https://registry.npmjs.org/unist-util-is 71ms (cache miss)
1619 silly packumentCache full:https://registry.npmjs.org/unist-util-is set size:undefined disposed:false
1620 silly fetch manifest vfile-message@^4.0.0
1621 silly packumentCache full:https://registry.npmjs.org/vfile-message cache-miss
1622 http fetch GET 200 https://registry.npmjs.org/@shikijs%2fengine-oniguruma 155ms (cache miss)
1623 silly packumentCache full:https://registry.npmjs.org/@shikijs%2fengine-oniguruma set size:undefined disposed:false
1624 silly fetch manifest yoctocolors@^2.1.1
1625 silly packumentCache full:https://registry.npmjs.org/yoctocolors cache-miss
1626 http fetch GET 200 https://registry.npmjs.org/destr 51ms (cache miss)
1627 silly packumentCache full:https://registry.npmjs.org/destr set size:undefined disposed:false
1628 http fetch GET 200 https://registry.npmjs.org/anymatch 45ms (cache miss)
1629 silly packumentCache full:https://registry.npmjs.org/anymatch set size:undefined disposed:false
1630 http cache https://registry.npmjs.org/lru-cache 27ms (cache hit)
1631 silly packumentCache full:https://registry.npmjs.org/lru-cache set size:465506 disposed:false
1632 http fetch GET 200 https://registry.npmjs.org/@shikijs%2fthemes 177ms (cache miss)
1633 silly packumentCache full:https://registry.npmjs.org/@shikijs%2fthemes set size:undefined disposed:false
1634 http fetch GET 200 https://registry.npmjs.org/ofetch 61ms (cache miss)
1635 silly packumentCache full:https://registry.npmjs.org/ofetch set size:undefined disposed:false
1636 http fetch GET 200 https://registry.npmjs.org/ufo 70ms (cache miss)
1637 silly packumentCache full:https://registry.npmjs.org/ufo set size:undefined disposed:false
1638 http fetch GET 200 https://registry.npmjs.org/chokidar 59ms (cache miss)
1639 silly packumentCache full:https://registry.npmjs.org/chokidar set size:undefined disposed:false
1640 http fetch GET 200 https://registry.npmjs.org/node-fetch-native 42ms (cache miss)
1641 silly packumentCache full:https://registry.npmjs.org/node-fetch-native set size:undefined disposed:false
1642 http fetch GET 200 https://registry.npmjs.org/vfile-message 39ms (cache miss)
1643 silly packumentCache full:https://registry.npmjs.org/vfile-message set size:undefined disposed:false
1644 http fetch GET 200 https://registry.npmjs.org/yoctocolors 32ms (cache miss)
1645 silly packumentCache full:https://registry.npmjs.org/yoctocolors set size:undefined disposed:false
1646 http fetch GET 200 https://registry.npmjs.org/undici 132ms (cache miss)
1647 silly packumentCache full:https://registry.npmjs.org/undici set size:undefined disposed:false
1648 silly placeDep ROOT @astrojs/prism@3.3.0 OK for: @astrojs/markdown-remark@6.3.11 want: 3.3.0
1649 silly placeDep ROOT hast-util-from-html@2.0.3 OK for: @astrojs/markdown-remark@6.3.11 want: ^2.0.3
1650 silly placeDep ROOT hast-util-to-text@4.0.2 OK for: @astrojs/markdown-remark@6.3.11 want: ^4.0.2
1651 silly placeDep ROOT mdast-util-definitions@6.0.0 OK for: @astrojs/markdown-remark@6.3.11 want: ^6.0.0
1652 silly placeDep ROOT rehype-raw@7.0.0 OK for: @astrojs/markdown-remark@6.3.11 want: ^7.0.0
1653 silly placeDep ROOT rehype-stringify@10.0.1 OK for: @astrojs/markdown-remark@6.3.11 want: ^10.0.1
1654 silly placeDep ROOT remark-gfm@4.0.1 OK for: @astrojs/markdown-remark@6.3.11 want: ^4.0.1
1655 silly placeDep ROOT remark-parse@11.0.0 OK for: @astrojs/markdown-remark@6.3.11 want: ^11.0.0
1656 silly placeDep ROOT remark-rehype@11.1.2 OK for: @astrojs/markdown-remark@6.3.11 want: ^11.1.2
1657 silly placeDep ROOT remark-smartypants@3.0.3 OK for: @astrojs/markdown-remark@6.3.11 want: ^3.0.2
1658 silly placeDep ROOT unified@11.0.5 OK for: @astrojs/markdown-remark@6.3.11 want: ^11.0.5
1659 silly placeDep ROOT unist-util-remove-position@5.0.0 OK for: @astrojs/markdown-remark@6.3.11 want: ^5.0.0
1660 silly placeDep ROOT unist-util-visit-parents@6.0.2 OK for: @astrojs/markdown-remark@6.3.11 want: ^6.0.2
1661 silly fetch manifest prismjs@^1.30.0
1662 silly packumentCache full:https://registry.npmjs.org/prismjs cache-miss
1663 silly fetch manifest devlop@^1.1.0
1664 silly packumentCache full:https://registry.npmjs.org/devlop cache-miss
1665 silly fetch manifest hast-util-from-parse5@^8.0.0
1666 silly packumentCache full:https://registry.npmjs.org/hast-util-from-parse5 cache-miss
1667 silly fetch manifest parse5@^7.0.0
1668 silly packumentCache full:https://registry.npmjs.org/parse5 cache-miss
1669 silly fetch manifest hast-util-is-element@^3.0.0
1670 silly packumentCache full:https://registry.npmjs.org/hast-util-is-element cache-miss
1671 silly fetch manifest unist-util-find-after@^5.0.0
1672 silly packumentCache full:https://registry.npmjs.org/unist-util-find-after cache-miss
1673 silly fetch manifest @types/mdast@^4.0.0
1674 silly packumentCache full:https://registry.npmjs.org/@types%2fmdast cache-miss
1675 silly fetch manifest hast-util-raw@^9.0.0
1676 silly packumentCache full:https://registry.npmjs.org/hast-util-raw cache-miss
1677 silly fetch manifest hast-util-to-html@^9.0.0
1678 silly packumentCache full:https://registry.npmjs.org/hast-util-to-html cache-miss
1679 silly fetch manifest @types/mdast@^4.0.0
1680 silly packumentCache full:https://registry.npmjs.org/@types%2fmdast cache-miss
1681 silly fetch manifest mdast-util-gfm@^3.0.0
1682 silly packumentCache full:https://registry.npmjs.org/mdast-util-gfm cache-miss
1683 http fetch GET 200 https://registry.npmjs.org/devlop 37ms (cache miss)
1684 silly packumentCache full:https://registry.npmjs.org/devlop set size:undefined disposed:false
1685 silly fetch manifest micromark-extension-gfm@^3.0.0
1686 silly packumentCache full:https://registry.npmjs.org/micromark-extension-gfm cache-miss
1687 http fetch GET 200 https://registry.npmjs.org/prismjs 40ms (cache miss)
1688 silly packumentCache full:https://registry.npmjs.org/prismjs set size:undefined disposed:false
1689 silly fetch manifest remark-stringify@^11.0.0
1690 silly packumentCache full:https://registry.npmjs.org/remark-stringify cache-miss
1691 http fetch GET 200 https://registry.npmjs.org/parse5 42ms (cache miss)
1692 silly packumentCache full:https://registry.npmjs.org/parse5 set size:undefined disposed:false
1693 silly fetch manifest @types/mdast@^4.0.0
1694 silly packumentCache full:https://registry.npmjs.org/@types%2fmdast cache-miss
1695 http fetch GET 200 https://registry.npmjs.org/hast-util-from-parse5 47ms (cache miss)
1696 silly packumentCache full:https://registry.npmjs.org/hast-util-from-parse5 set size:undefined disposed:false
1697 silly fetch manifest mdast-util-from-markdown@^2.0.0
1698 silly packumentCache full:https://registry.npmjs.org/mdast-util-from-markdown cache-miss
1699 http fetch GET 200 https://registry.npmjs.org/@types%2fmdast 46ms (cache miss)
1700 silly packumentCache full:https://registry.npmjs.org/@types%2fmdast set size:undefined disposed:false
1701 silly fetch manifest micromark-util-types@^2.0.0
1702 silly packumentCache full:https://registry.npmjs.org/micromark-util-types cache-miss
1703 http fetch GET 200 https://registry.npmjs.org/@types%2fmdast 50ms (cache miss)
1704 silly packumentCache full:https://registry.npmjs.org/@types%2fmdast set size:undefined disposed:false
1705 silly fetch manifest mdast-util-to-hast@^13.0.0
1706 silly packumentCache full:https://registry.npmjs.org/mdast-util-to-hast cache-miss
1707 http fetch GET 200 https://registry.npmjs.org/hast-util-to-html 51ms (cache miss)
1708 silly packumentCache full:https://registry.npmjs.org/hast-util-to-html set size:undefined disposed:false
1709 silly fetch manifest retext@^9.0.0
1710 silly packumentCache full:https://registry.npmjs.org/retext cache-miss
1711 http cache https://registry.npmjs.org/@types%2fmdast 11ms (cache hit)
1712 silly packumentCache full:https://registry.npmjs.org/@types%2fmdast set size:47479 disposed:false
1713 silly fetch manifest retext-smartypants@^6.0.0
1714 silly packumentCache full:https://registry.npmjs.org/retext-smartypants cache-miss
1715 http fetch GET 200 https://registry.npmjs.org/micromark-util-types 24ms (cache miss)
1716 silly packumentCache full:https://registry.npmjs.org/micromark-util-types set size:undefined disposed:false
1717 silly fetch manifest unified@^11.0.4
1718 silly packumentCache full:https://registry.npmjs.org/unified cache-hit
1719 silly fetch manifest bail@^2.0.0
1720 silly packumentCache full:https://registry.npmjs.org/bail cache-miss
1721 http fetch GET 200 https://registry.npmjs.org/remark-stringify 34ms (cache miss)
1722 silly packumentCache full:https://registry.npmjs.org/remark-stringify set size:undefined disposed:false
1723 silly fetch manifest devlop@^1.0.0
1724 silly packumentCache full:https://registry.npmjs.org/devlop cache-miss
1725 http fetch GET 200 https://registry.npmjs.org/mdast-util-from-markdown 35ms (cache miss)
1726 silly packumentCache full:https://registry.npmjs.org/mdast-util-from-markdown set size:undefined disposed:false
1727 silly fetch manifest extend@^3.0.0
1728 silly packumentCache full:https://registry.npmjs.org/extend cache-miss
1729 http cache https://registry.npmjs.org/devlop 12ms (cache hit)
1730 silly packumentCache full:https://registry.npmjs.org/devlop set size:16868 disposed:false
1731 silly fetch manifest is-plain-obj@^4.0.0
1732 silly packumentCache full:https://registry.npmjs.org/is-plain-obj cache-miss
1733 http fetch GET 200 https://registry.npmjs.org/retext-smartypants 32ms (cache miss)
1734 silly packumentCache full:https://registry.npmjs.org/retext-smartypants set size:undefined disposed:false
1735 silly fetch manifest trough@^2.0.0
1736 silly packumentCache full:https://registry.npmjs.org/trough cache-miss
1737 http fetch GET 200 https://registry.npmjs.org/mdast-util-to-hast 41ms (cache miss)
1738 silly packumentCache full:https://registry.npmjs.org/mdast-util-to-hast set size:undefined disposed:false
1739 http fetch GET 200 https://registry.npmjs.org/bail 26ms (cache miss)
1740 silly packumentCache full:https://registry.npmjs.org/bail set size:undefined disposed:false
1741 http fetch GET 200 https://registry.npmjs.org/extend 31ms (cache miss)
1742 silly packumentCache full:https://registry.npmjs.org/extend set size:undefined disposed:false
1743 http fetch GET 200 https://registry.npmjs.org/is-plain-obj 30ms (cache miss)
1744 silly packumentCache full:https://registry.npmjs.org/is-plain-obj set size:undefined disposed:false
1745 http fetch GET 200 https://registry.npmjs.org/unist-util-find-after 121ms (cache miss)
1746 silly packumentCache full:https://registry.npmjs.org/unist-util-find-after set size:undefined disposed:false
1747 http fetch GET 200 https://registry.npmjs.org/trough 31ms (cache miss)
1748 silly packumentCache full:https://registry.npmjs.org/trough set size:undefined disposed:false
1749 http fetch GET 200 https://registry.npmjs.org/hast-util-is-element 124ms (cache miss)
1750 silly packumentCache full:https://registry.npmjs.org/hast-util-is-element set size:undefined disposed:false
1751 http fetch GET 200 https://registry.npmjs.org/hast-util-raw 124ms (cache miss)
1752 silly packumentCache full:https://registry.npmjs.org/hast-util-raw set size:undefined disposed:false
1753 http fetch GET 200 https://registry.npmjs.org/mdast-util-gfm 125ms (cache miss)
1754 silly packumentCache full:https://registry.npmjs.org/mdast-util-gfm set size:undefined disposed:false
1755 http fetch GET 200 https://registry.npmjs.org/micromark-extension-gfm 107ms (cache miss)
1756 silly packumentCache full:https://registry.npmjs.org/micromark-extension-gfm set size:undefined disposed:false
1757 http fetch GET 200 https://registry.npmjs.org/retext 109ms (cache miss)
1758 silly packumentCache full:https://registry.npmjs.org/retext set size:undefined disposed:false
1759 silly placeDep ROOT prismjs@1.30.0 OK for: @astrojs/prism@3.3.0 want: ^1.30.0
1760 silly placeDep ROOT is-docker@3.0.0 OK for: @astrojs/telemetry@3.3.0 want: ^3.0.0
1761 silly placeDep ROOT is-wsl@3.1.1 OK for: @astrojs/telemetry@3.3.0 want: ^3.1.0
1762 silly placeDep ROOT which-pm-runs@1.1.0 OK for: @astrojs/telemetry@3.3.0 want: ^1.1.0
1763 silly fetch manifest is-inside-container@^1.0.0
1764 silly packumentCache full:https://registry.npmjs.org/is-inside-container cache-miss
1765 http fetch GET 200 https://registry.npmjs.org/is-inside-container 21ms (cache miss)
1766 silly packumentCache full:https://registry.npmjs.org/is-inside-container set size:undefined disposed:false
1767 silly placeDep ROOT fontkitten@1.0.3 OK for: @capsizecss/unpack@4.0.1 want: ^1.0.3
1768 silly fetch manifest tiny-inflate@^1.0.3
1769 silly packumentCache full:https://registry.npmjs.org/tiny-inflate cache-miss
1770 http fetch GET 200 https://registry.npmjs.org/tiny-inflate 21ms (cache miss)
1771 silly packumentCache full:https://registry.npmjs.org/tiny-inflate set size:undefined disposed:false
1772 silly placeDep ROOT @types/estree@1.0.9 OK for: @rollup/pluginutils@5.4.0 want: ^1.0.0
1773 silly placeDep node_modules/@rollup/pluginutils estree-walker@2.0.2 OK for: @rollup/pluginutils@5.4.0 want: ^2.0.2
1774 silly placeDep ROOT ansi-align@3.0.1 OK for: boxen@8.0.1 want: ^3.0.1
1775 silly placeDep ROOT camelcase@8.0.0 OK for: boxen@8.0.1 want: ^8.0.0
1776 silly placeDep ROOT chalk@5.6.2 OK for: boxen@8.0.1 want: ^5.3.0
1777 silly placeDep ROOT cli-boxes@3.0.0 OK for: boxen@8.0.1 want: ^3.0.0
1778 silly placeDep ROOT string-width@7.2.0 OK for: boxen@8.0.1 want: ^7.2.0
1779 silly placeDep ROOT type-fest@4.41.0 OK for: boxen@8.0.1 want: ^4.21.0
1780 silly placeDep ROOT widest-line@5.0.0 OK for: boxen@8.0.1 want: ^5.0.0
1781 silly placeDep ROOT wrap-ansi@9.0.2 OK for: boxen@8.0.1 want: ^9.0.0
1782 silly fetch manifest string-width@^4.1.0
1783 silly packumentCache full:https://registry.npmjs.org/string-width cache-miss
1784 silly fetch manifest strip-ansi@^7.1.0
1785 silly packumentCache full:https://registry.npmjs.org/strip-ansi cache-miss
1786 silly fetch manifest emoji-regex@^10.3.0
1787 silly packumentCache full:https://registry.npmjs.org/emoji-regex cache-miss
1788 silly fetch manifest get-east-asian-width@^1.0.0
1789 silly packumentCache full:https://registry.npmjs.org/get-east-asian-width cache-miss
1790 silly fetch manifest strip-ansi@^7.1.0
1791 silly packumentCache full:https://registry.npmjs.org/strip-ansi cache-miss
1792 silly fetch manifest ansi-styles@^6.2.1
1793 silly packumentCache full:https://registry.npmjs.org/ansi-styles cache-miss
1794 http cache https://registry.npmjs.org/string-width 7ms (cache hit)
1795 silly packumentCache full:https://registry.npmjs.org/string-width set size:74702 disposed:false
1796 http fetch GET 200 https://registry.npmjs.org/strip-ansi 28ms (cache miss)
1797 silly packumentCache full:https://registry.npmjs.org/strip-ansi set size:undefined disposed:false
1798 http fetch GET 200 https://registry.npmjs.org/strip-ansi 28ms (cache miss)
1799 silly packumentCache full:https://registry.npmjs.org/strip-ansi set size:undefined disposed:false
1800 http fetch GET 200 https://registry.npmjs.org/get-east-asian-width 29ms (cache miss)
1801 silly packumentCache full:https://registry.npmjs.org/get-east-asian-width set size:undefined disposed:false
1802 http fetch GET 200 https://registry.npmjs.org/emoji-regex 29ms (cache miss)
1803 silly packumentCache full:https://registry.npmjs.org/emoji-regex set size:undefined disposed:false
1804 http fetch GET 200 https://registry.npmjs.org/ansi-styles 30ms (cache miss)
1805 silly packumentCache full:https://registry.npmjs.org/ansi-styles set size:undefined disposed:false
1806 silly placeDep node_modules/ansi-align string-width@4.2.3 OK for: ansi-align@3.0.1 want: ^4.1.0
1807 silly fetch manifest strip-ansi@^6.0.1
1808 silly packumentCache full:https://registry.npmjs.org/strip-ansi cache-miss
1809 silly fetch manifest emoji-regex@^8.0.0
1810 silly packumentCache full:https://registry.npmjs.org/emoji-regex cache-miss
1811 silly fetch manifest is-fullwidth-code-point@^3.0.0
1812 silly packumentCache full:https://registry.npmjs.org/is-fullwidth-code-point cache-miss
1813 http cache https://registry.npmjs.org/emoji-regex 6ms (cache hit)
1814 silly packumentCache full:https://registry.npmjs.org/emoji-regex set size:91540 disposed:false
1815 http cache https://registry.npmjs.org/strip-ansi 8ms (cache hit)
1816 silly packumentCache full:https://registry.npmjs.org/strip-ansi set size:44998 disposed:false
1817 http fetch GET 200 https://registry.npmjs.org/is-fullwidth-code-point 21ms (cache miss)
1818 silly packumentCache full:https://registry.npmjs.org/is-fullwidth-code-point set size:undefined disposed:false
1819 silly fetch manifest browserslist@>= 4.21.0
1820 silly packumentCache full:https://registry.npmjs.org/browserslist cache-miss
1821 http cache https://registry.npmjs.org/browserslist 4ms (cache hit)
1822 silly packumentCache full:https://registry.npmjs.org/browserslist set size:530436 disposed:false
1823 silly placeDep ROOT baseline-browser-mapping@2.11.27 OK for: browserslist@4.29.3 want: ^2.11.26
1824 silly placeDep ROOT caniuse-lite@1.0.30001814 OK for: browserslist@4.29.3 want: ^1.0.30001813
1825 silly placeDep ROOT electron-to-chromium@1.5.444 OK for: browserslist@4.29.3 want: ^1.5.439
1826 silly placeDep ROOT node-releases@2.0.57 OK for: browserslist@4.29.3 want: ^2.0.57
1827 silly placeDep ROOT update-browserslist-db@1.3.3 OK for: browserslist@4.29.3 want: ^1.3.3
1828 silly fetch manifest escalade@^3.2.0
1829 silly packumentCache full:https://registry.npmjs.org/escalade cache-miss
1830 http fetch GET 200 https://registry.npmjs.org/escalade 24ms (cache miss)
1831 silly packumentCache full:https://registry.npmjs.org/escalade set size:undefined disposed:false
1832 silly placeDep ROOT ms@2.1.3 OK for: debug@4.4.3 want: ^2.1.3
1833 silly placeDep ROOT base-64@1.0.0 OK for: deterministic-object-hash@2.0.2 want: ^1.0.0
1834 silly placeDep ROOT graceful-fs@4.2.11 OK for: enhanced-resolve@5.26.0 want: ^4.2.4
1835 silly placeDep ROOT tapable@2.3.3 OK for: enhanced-resolve@5.26.0 want: ^2.3.3
1836 silly placeDep ROOT @esbuild/aix-ppc64@0.27.7 OK for: esbuild@0.27.7 want: 0.27.7
1837 silly placeDep ROOT @esbuild/android-arm@0.27.7 OK for: esbuild@0.27.7 want: 0.27.7
1838 silly placeDep ROOT @esbuild/android-arm64@0.27.7 OK for: esbuild@0.27.7 want: 0.27.7
1839 silly placeDep ROOT @esbuild/android-x64@0.27.7 OK for: esbuild@0.27.7 want: 0.27.7
1840 silly placeDep ROOT @esbuild/darwin-arm64@0.27.7 OK for: esbuild@0.27.7 want: 0.27.7
1841 silly placeDep ROOT @esbuild/darwin-x64@0.27.7 OK for: esbuild@0.27.7 want: 0.27.7
1842 silly placeDep ROOT @esbuild/freebsd-arm64@0.27.7 OK for: esbuild@0.27.7 want: 0.27.7
1843 silly placeDep ROOT @esbuild/freebsd-x64@0.27.7 OK for: esbuild@0.27.7 want: 0.27.7
1844 silly placeDep ROOT @esbuild/linux-arm@0.27.7 OK for: esbuild@0.27.7 want: 0.27.7
1845 silly placeDep ROOT @esbuild/linux-arm64@0.27.7 OK for: esbuild@0.27.7 want: 0.27.7
1846 silly placeDep ROOT @esbuild/linux-ia32@0.27.7 OK for: esbuild@0.27.7 want: 0.27.7
1847 silly placeDep ROOT @esbuild/linux-loong64@0.27.7 OK for: esbuild@0.27.7 want: 0.27.7
1848 silly placeDep ROOT @esbuild/linux-mips64el@0.27.7 OK for: esbuild@0.27.7 want: 0.27.7
1849 silly placeDep ROOT @esbuild/linux-ppc64@0.27.7 OK for: esbuild@0.27.7 want: 0.27.7
1850 silly placeDep ROOT @esbuild/linux-riscv64@0.27.7 OK for: esbuild@0.27.7 want: 0.27.7
1851 silly placeDep ROOT @esbuild/linux-s390x@0.27.7 OK for: esbuild@0.27.7 want: 0.27.7
1852 silly placeDep ROOT @esbuild/linux-x64@0.27.7 OK for: esbuild@0.27.7 want: 0.27.7
1853 silly placeDep ROOT @esbuild/netbsd-arm64@0.27.7 OK for: esbuild@0.27.7 want: 0.27.7
1854 silly placeDep ROOT @esbuild/netbsd-x64@0.27.7 OK for: esbuild@0.27.7 want: 0.27.7
1855 silly placeDep ROOT @esbuild/openbsd-arm64@0.27.7 OK for: esbuild@0.27.7 want: 0.27.7
1856 silly placeDep ROOT @esbuild/openbsd-x64@0.27.7 OK for: esbuild@0.27.7 want: 0.27.7
1857 silly placeDep ROOT @esbuild/openharmony-arm64@0.27.7 OK for: esbuild@0.27.7 want: 0.27.7
1858 silly placeDep ROOT @esbuild/sunos-x64@0.27.7 OK for: esbuild@0.27.7 want: 0.27.7
1859 silly placeDep ROOT @esbuild/win32-arm64@0.27.7 OK for: esbuild@0.27.7 want: 0.27.7
1860 silly placeDep ROOT @esbuild/win32-ia32@0.27.7 OK for: esbuild@0.27.7 want: 0.27.7
1861 silly placeDep ROOT @esbuild/win32-x64@0.27.7 OK for: esbuild@0.27.7 want: 0.27.7
1862 silly placeDep ROOT tiny-inflate@1.0.3 OK for: fontkitten@1.0.3 want: ^1.0.3
1863 silly placeDep ROOT @types/hast@3.0.5 OK for: hast-util-from-html@2.0.3 want: ^3.0.0
1864 silly placeDep ROOT devlop@1.1.0 OK for: hast-util-from-html@2.0.3 want: ^1.1.0
1865 silly placeDep ROOT hast-util-from-parse5@8.0.3 OK for: hast-util-from-html@2.0.3 want: ^8.0.0
1866 silly placeDep ROOT parse5@7.3.0 OK for: hast-util-from-html@2.0.3 want: ^7.0.0
1867 silly placeDep ROOT vfile-message@4.0.3 OK for: hast-util-from-html@2.0.3 want: ^4.0.0
1868 silly fetch manifest @types/unist@*
1869 silly packumentCache full:https://registry.npmjs.org/@types%2funist cache-miss
1870 silly fetch manifest dequal@^2.0.0
1871 silly packumentCache full:https://registry.npmjs.org/dequal cache-miss
1872 silly fetch manifest hastscript@^9.0.0
1873 silly packumentCache full:https://registry.npmjs.org/hastscript cache-miss
1874 silly fetch manifest property-information@^7.0.0
1875 silly packumentCache full:https://registry.npmjs.org/property-information cache-miss
1876 silly fetch manifest vfile-location@^5.0.0
1877 silly packumentCache full:https://registry.npmjs.org/vfile-location cache-miss
1878 silly fetch manifest web-namespaces@^2.0.0
1879 silly packumentCache full:https://registry.npmjs.org/web-namespaces cache-miss
1880 silly fetch manifest entities@^6.0.0
1881 silly packumentCache full:https://registry.npmjs.org/entities cache-miss
1882 silly fetch manifest unist-util-stringify-position@^4.0.0
1883 silly packumentCache full:https://registry.npmjs.org/unist-util-stringify-position cache-miss
1884 http cache https://registry.npmjs.org/@types%2funist 10ms (cache hit)
1885 silly packumentCache full:https://registry.npmjs.org/@types%2funist set size:39215 disposed:false
1886 http fetch GET 200 https://registry.npmjs.org/dequal 33ms (cache miss)
1887 silly packumentCache full:https://registry.npmjs.org/dequal set size:undefined disposed:false
1888 http fetch GET 200 https://registry.npmjs.org/web-namespaces 33ms (cache miss)
1889 silly packumentCache full:https://registry.npmjs.org/web-namespaces set size:undefined disposed:false
1890 http fetch GET 200 https://registry.npmjs.org/unist-util-stringify-position 37ms (cache miss)
1891 silly packumentCache full:https://registry.npmjs.org/unist-util-stringify-position set size:undefined disposed:false
1892 http fetch GET 200 https://registry.npmjs.org/hastscript 40ms (cache miss)
1893 silly packumentCache full:https://registry.npmjs.org/hastscript set size:undefined disposed:false
1894 http fetch GET 200 https://registry.npmjs.org/vfile-location 41ms (cache miss)
1895 silly packumentCache full:https://registry.npmjs.org/vfile-location set size:undefined disposed:false
1896 http fetch GET 200 https://registry.npmjs.org/entities 42ms (cache miss)
1897 silly packumentCache full:https://registry.npmjs.org/entities set size:undefined disposed:false
1898 http fetch GET 200 https://registry.npmjs.org/property-information 44ms (cache miss)
1899 silly packumentCache full:https://registry.npmjs.org/property-information set size:undefined disposed:false
1900 silly placeDep ROOT @types/unist@3.0.3 OK for: @types/hast@3.0.5 want: *
1901 silly placeDep ROOT dequal@2.0.3 OK for: devlop@1.1.0 want: ^2.0.0
1902 silly placeDep ROOT hastscript@9.0.1 OK for: hast-util-from-parse5@8.0.3 want: ^9.0.0
1903 silly placeDep ROOT property-information@7.2.0 OK for: hast-util-from-parse5@8.0.3 want: ^7.0.0
1904 silly placeDep ROOT vfile-location@5.0.3 OK for: hast-util-from-parse5@8.0.3 want: ^5.0.0
1905 silly placeDep ROOT web-namespaces@2.0.1 OK for: hast-util-from-parse5@8.0.3 want: ^2.0.0
1906 silly fetch manifest comma-separated-tokens@^2.0.0
1907 silly packumentCache full:https://registry.npmjs.org/comma-separated-tokens cache-miss
1908 silly fetch manifest hast-util-parse-selector@^4.0.0
1909 silly packumentCache full:https://registry.npmjs.org/hast-util-parse-selector cache-miss
1910 silly fetch manifest space-separated-tokens@^2.0.0
1911 silly packumentCache full:https://registry.npmjs.org/space-separated-tokens cache-miss
1912 http fetch GET 200 https://registry.npmjs.org/comma-separated-tokens 25ms (cache miss)
1913 silly packumentCache full:https://registry.npmjs.org/comma-separated-tokens set size:undefined disposed:false
1914 http fetch GET 200 https://registry.npmjs.org/hast-util-parse-selector 27ms (cache miss)
1915 silly packumentCache full:https://registry.npmjs.org/hast-util-parse-selector set size:undefined disposed:false
1916 http fetch GET 200 https://registry.npmjs.org/space-separated-tokens 28ms (cache miss)
1917 silly packumentCache full:https://registry.npmjs.org/space-separated-tokens set size:undefined disposed:false
1918 silly placeDep ROOT hast-util-is-element@3.0.0 OK for: hast-util-to-text@4.0.2 want: ^3.0.0
1919 silly placeDep ROOT unist-util-find-after@5.0.0 OK for: hast-util-to-text@4.0.2 want: ^5.0.0
1920 silly placeDep ROOT comma-separated-tokens@2.0.3 OK for: hastscript@9.0.1 want: ^2.0.0
1921 silly placeDep ROOT hast-util-parse-selector@4.0.0 OK for: hastscript@9.0.1 want: ^4.0.0
1922 silly placeDep ROOT space-separated-tokens@2.0.2 OK for: hastscript@9.0.1 want: ^2.0.0
1923 silly placeDep ROOT is-inside-container@1.0.0 OK for: is-wsl@3.1.1 want: ^1.0.0
1924 silly placeDep ROOT argparse@2.0.1 OK for: js-yaml@4.3.2 want: ^2.0.1
1925 silly placeDep ROOT detect-libc@2.1.2 OK for: lightningcss@1.32.0 want: ^2.0.3
1926 silly placeDep ROOT lightningcss-android-arm64@1.32.0 OK for: lightningcss@1.32.0 want: 1.32.0
1927 silly placeDep ROOT lightningcss-darwin-arm64@1.32.0 OK for: lightningcss@1.32.0 want: 1.32.0
1928 silly placeDep ROOT lightningcss-darwin-x64@1.32.0 OK for: lightningcss@1.32.0 want: 1.32.0
1929 silly placeDep ROOT lightningcss-freebsd-x64@1.32.0 OK for: lightningcss@1.32.0 want: 1.32.0
1930 silly placeDep ROOT lightningcss-linux-arm-gnueabihf@1.32.0 OK for: lightningcss@1.32.0 want: 1.32.0
1931 silly placeDep ROOT lightningcss-linux-arm64-gnu@1.32.0 OK for: lightningcss@1.32.0 want: 1.32.0
1932 silly placeDep ROOT lightningcss-linux-arm64-musl@1.32.0 OK for: lightningcss@1.32.0 want: 1.32.0
1933 silly placeDep ROOT lightningcss-linux-x64-gnu@1.32.0 OK for: lightningcss@1.32.0 want: 1.32.0
1934 silly placeDep ROOT lightningcss-linux-x64-musl@1.32.0 OK for: lightningcss@1.32.0 want: 1.32.0
1935 silly placeDep ROOT lightningcss-win32-arm64-msvc@1.32.0 OK for: lightningcss@1.32.0 want: 1.32.0
1936 silly placeDep ROOT lightningcss-win32-x64-msvc@1.32.0 OK for: lightningcss@1.32.0 want: 1.32.0
1937 silly placeDep ROOT yallist@3.1.1 OK for: lru-cache@5.1.1 want: ^3.0.2
1938 silly placeDep ROOT @types/mdast@4.0.4 OK for: mdast-util-definitions@6.0.0 want: ^4.0.0
1939 silly placeDep ROOT yocto-queue@1.2.2 OK for: p-limit@6.2.0 want: ^1.1.1
1940 silly placeDep ROOT eventemitter3@5.0.4 OK for: p-queue@8.1.1 want: ^5.0.1
1941 silly placeDep ROOT p-timeout@6.1.4 OK for: p-queue@8.1.1 want: ^6.1.2
1942 silly placeDep ROOT entities@6.0.1 OK for: parse5@7.3.0 want: ^6.0.0
1943 silly placeDep ROOT kleur@3.0.3 OK for: prompts@2.4.2 want: ^3.0.3
1944 silly placeDep ROOT sisteransi@1.0.5 OK for: prompts@2.4.2 want: ^1.0.5
1945 silly placeDep ROOT scheduler@0.28.0 OK for: react-dom@19.3.0 want: ^0.28.0
1946 silly placeDep ROOT rehype-parse@9.0.1 OK for: rehype@13.0.2 want: ^9.0.0
1947 silly placeDep ROOT hast-util-raw@9.1.0 OK for: rehype-raw@7.0.0 want: ^9.0.0
1948 silly fetch manifest @ungap/structured-clone@^1.0.0
1949 silly packumentCache full:https://registry.npmjs.org/@ungap%2fstructured-clone cache-miss
1950 silly fetch manifest hast-util-to-parse5@^8.0.0
1951 silly packumentCache full:https://registry.npmjs.org/hast-util-to-parse5 cache-miss
1952 silly fetch manifest html-void-elements@^3.0.0
1953 silly packumentCache full:https://registry.npmjs.org/html-void-elements cache-miss
1954 silly fetch manifest unist-util-position@^5.0.0
1955 silly packumentCache full:https://registry.npmjs.org/unist-util-position cache-miss
1956 silly fetch manifest zwitch@^2.0.0
1957 silly packumentCache full:https://registry.npmjs.org/zwitch cache-miss
1958 http fetch GET 200 https://registry.npmjs.org/zwitch 26ms (cache miss)
1959 silly packumentCache full:https://registry.npmjs.org/zwitch set size:undefined disposed:false
1960 http fetch GET 200 https://registry.npmjs.org/unist-util-position 29ms (cache miss)
1961 silly packumentCache full:https://registry.npmjs.org/unist-util-position set size:undefined disposed:false
1962 http fetch GET 200 https://registry.npmjs.org/html-void-elements 30ms (cache miss)
1963 silly packumentCache full:https://registry.npmjs.org/html-void-elements set size:undefined disposed:false
1964 http fetch GET 200 https://registry.npmjs.org/@ungap%2fstructured-clone 34ms (cache miss)
1965 silly packumentCache full:https://registry.npmjs.org/@ungap%2fstructured-clone set size:undefined disposed:false
1966 http fetch GET 200 https://registry.npmjs.org/hast-util-to-parse5 108ms (cache miss)
1967 silly packumentCache full:https://registry.npmjs.org/hast-util-to-parse5 set size:undefined disposed:false
1968 silly placeDep ROOT @ungap/structured-clone@1.4.0 OK for: hast-util-raw@9.1.0 want: ^1.0.0
1969 silly placeDep ROOT hast-util-to-parse5@8.0.1 OK for: hast-util-raw@9.1.0 want: ^8.0.0
1970 silly placeDep ROOT html-void-elements@3.0.0 OK for: hast-util-raw@9.1.0 want: ^3.0.0
1971 silly placeDep ROOT mdast-util-to-hast@13.2.1 OK for: hast-util-raw@9.1.0 want: ^13.0.0
1972 silly placeDep ROOT unist-util-position@5.0.0 OK for: hast-util-raw@9.1.0 want: ^5.0.0
1973 silly placeDep ROOT zwitch@2.0.4 OK for: hast-util-raw@9.1.0 want: ^2.0.0
1974 silly fetch manifest micromark-util-sanitize-uri@^2.0.0
1975 silly packumentCache full:https://registry.npmjs.org/micromark-util-sanitize-uri cache-miss
1976 silly fetch manifest trim-lines@^3.0.0
1977 silly packumentCache full:https://registry.npmjs.org/trim-lines cache-miss
1978 http fetch GET 200 https://registry.npmjs.org/trim-lines 27ms (cache miss)
1979 silly packumentCache full:https://registry.npmjs.org/trim-lines set size:undefined disposed:false
1980 http fetch GET 200 https://registry.npmjs.org/micromark-util-sanitize-uri 29ms (cache miss)
1981 silly packumentCache full:https://registry.npmjs.org/micromark-util-sanitize-uri set size:undefined disposed:false
1982 silly placeDep ROOT micromark-util-sanitize-uri@2.0.1 OK for: mdast-util-to-hast@13.2.1 want: ^2.0.0
1983 silly placeDep ROOT trim-lines@3.0.1 OK for: mdast-util-to-hast@13.2.1 want: ^3.0.0
1984 silly fetch manifest micromark-util-character@^2.0.0
1985 silly packumentCache full:https://registry.npmjs.org/micromark-util-character cache-miss
1986 silly fetch manifest micromark-util-encode@^2.0.0
1987 silly packumentCache full:https://registry.npmjs.org/micromark-util-encode cache-miss
1988 silly fetch manifest micromark-util-symbol@^2.0.0
1989 silly packumentCache full:https://registry.npmjs.org/micromark-util-symbol cache-miss
1990 http fetch GET 200 https://registry.npmjs.org/micromark-util-encode 24ms (cache miss)
1991 silly packumentCache full:https://registry.npmjs.org/micromark-util-encode set size:undefined disposed:false
1992 http fetch GET 200 https://registry.npmjs.org/micromark-util-symbol 24ms (cache miss)
1993 silly packumentCache full:https://registry.npmjs.org/micromark-util-symbol set size:undefined disposed:false
1994 http fetch GET 200 https://registry.npmjs.org/micromark-util-character 26ms (cache miss)
1995 silly packumentCache full:https://registry.npmjs.org/micromark-util-character set size:undefined disposed:false
1996 silly placeDep ROOT micromark-util-character@2.1.1 OK for: micromark-util-sanitize-uri@2.0.1 want: ^2.0.0
1997 silly placeDep ROOT micromark-util-encode@2.0.1 OK for: micromark-util-sanitize-uri@2.0.1 want: ^2.0.0
1998 silly placeDep ROOT micromark-util-symbol@2.0.1 OK for: micromark-util-sanitize-uri@2.0.1 want: ^2.0.0
1999 silly placeDep ROOT micromark-util-types@2.0.3 OK for: micromark-util-character@2.1.1 want: ^2.0.0
2000 silly placeDep ROOT hast-util-to-html@9.0.5 OK for: rehype-stringify@10.0.1 want: ^9.0.0
2001 silly fetch manifest ccount@^2.0.0
2002 silly packumentCache full:https://registry.npmjs.org/ccount cache-miss
2003 silly fetch manifest hast-util-whitespace@^3.0.0
2004 silly packumentCache full:https://registry.npmjs.org/hast-util-whitespace cache-miss
2005 silly fetch manifest stringify-entities@^4.0.0
2006 silly packumentCache full:https://registry.npmjs.org/stringify-entities cache-miss
2007 http fetch GET 200 https://registry.npmjs.org/ccount 23ms (cache miss)
2008 silly packumentCache full:https://registry.npmjs.org/ccount set size:undefined disposed:false
2009 http fetch GET 200 https://registry.npmjs.org/hast-util-whitespace 26ms (cache miss)
2010 silly packumentCache full:https://registry.npmjs.org/hast-util-whitespace set size:undefined disposed:false
2011 http fetch GET 200 https://registry.npmjs.org/stringify-entities 28ms (cache miss)
2012 silly packumentCache full:https://registry.npmjs.org/stringify-entities set size:undefined disposed:false
2013 silly placeDep ROOT ccount@2.0.1 OK for: hast-util-to-html@9.0.5 want: ^2.0.0
2014 silly placeDep ROOT hast-util-whitespace@3.0.0 OK for: hast-util-to-html@9.0.5 want: ^3.0.0
2015 silly placeDep ROOT stringify-entities@4.0.4 OK for: hast-util-to-html@9.0.5 want: ^4.0.0
2016 silly fetch manifest character-entities-html4@^2.0.0
2017 silly packumentCache full:https://registry.npmjs.org/character-entities-html4 cache-miss
2018 silly fetch manifest character-entities-legacy@^3.0.0
2019 silly packumentCache full:https://registry.npmjs.org/character-entities-legacy cache-miss
2020 http fetch GET 200 https://registry.npmjs.org/character-entities-html4 24ms (cache miss)
2021 silly packumentCache full:https://registry.npmjs.org/character-entities-html4 set size:undefined disposed:false
2022 http fetch GET 200 https://registry.npmjs.org/character-entities-legacy 25ms (cache miss)
2023 silly packumentCache full:https://registry.npmjs.org/character-entities-legacy set size:undefined disposed:false
2024 silly placeDep ROOT mdast-util-gfm@3.1.0 OK for: remark-gfm@4.0.1 want: ^3.0.0
2025 silly placeDep ROOT micromark-extension-gfm@3.0.0 OK for: remark-gfm@4.0.1 want: ^3.0.0
2026 silly placeDep ROOT remark-stringify@11.0.0 OK for: remark-gfm@4.0.1 want: ^11.0.0
2027 silly fetch manifest mdast-util-gfm-autolink-literal@^2.0.0
2028 silly packumentCache full:https://registry.npmjs.org/mdast-util-gfm-autolink-literal cache-miss
2029 silly fetch manifest mdast-util-gfm-footnote@^2.0.0
2030 silly packumentCache full:https://registry.npmjs.org/mdast-util-gfm-footnote cache-miss
2031 silly fetch manifest mdast-util-gfm-strikethrough@^2.0.0
2032 silly packumentCache full:https://registry.npmjs.org/mdast-util-gfm-strikethrough cache-miss
2033 silly fetch manifest mdast-util-gfm-table@^2.0.0
2034 silly packumentCache full:https://registry.npmjs.org/mdast-util-gfm-table cache-miss
2035 silly fetch manifest mdast-util-gfm-task-list-item@^2.0.0
2036 silly packumentCache full:https://registry.npmjs.org/mdast-util-gfm-task-list-item cache-miss
2037 silly fetch manifest mdast-util-to-markdown@^2.0.0
2038 silly packumentCache full:https://registry.npmjs.org/mdast-util-to-markdown cache-miss
2039 silly fetch manifest micromark-extension-gfm-autolink-literal@^2.0.0
2040 silly packumentCache full:https://registry.npmjs.org/micromark-extension-gfm-autolink-literal cache-miss
2041 silly fetch manifest micromark-extension-gfm-footnote@^2.0.0
2042 silly packumentCache full:https://registry.npmjs.org/micromark-extension-gfm-footnote cache-miss
2043 silly fetch manifest micromark-extension-gfm-strikethrough@^2.0.0
2044 silly packumentCache full:https://registry.npmjs.org/micromark-extension-gfm-strikethrough cache-miss
2045 silly fetch manifest micromark-extension-gfm-table@^2.0.0
2046 silly packumentCache full:https://registry.npmjs.org/micromark-extension-gfm-table cache-miss
2047 silly fetch manifest micromark-extension-gfm-tagfilter@^2.0.0
2048 silly packumentCache full:https://registry.npmjs.org/micromark-extension-gfm-tagfilter cache-miss
2049 http fetch GET 200 https://registry.npmjs.org/mdast-util-gfm-autolink-literal 29ms (cache miss)
2050 silly packumentCache full:https://registry.npmjs.org/mdast-util-gfm-autolink-literal set size:undefined disposed:false
2051 silly fetch manifest micromark-extension-gfm-task-list-item@^2.0.0
2052 silly packumentCache full:https://registry.npmjs.org/micromark-extension-gfm-task-list-item cache-miss
2053 http fetch GET 200 https://registry.npmjs.org/micromark-extension-gfm-autolink-literal 34ms (cache miss)
2054 silly packumentCache full:https://registry.npmjs.org/micromark-extension-gfm-autolink-literal set size:undefined disposed:false
2055 silly fetch manifest micromark-util-combine-extensions@^2.0.0
2056 silly packumentCache full:https://registry.npmjs.org/micromark-util-combine-extensions cache-miss
2057 http fetch GET 200 https://registry.npmjs.org/mdast-util-gfm-table 37ms (cache miss)
2058 silly packumentCache full:https://registry.npmjs.org/mdast-util-gfm-table set size:undefined disposed:false
2059 silly fetch manifest mdast-util-to-markdown@^2.0.0
2060 silly packumentCache full:https://registry.npmjs.org/mdast-util-to-markdown cache-miss
2061 http fetch GET 200 https://registry.npmjs.org/micromark-extension-gfm-table 43ms (cache miss)
2062 silly packumentCache full:https://registry.npmjs.org/micromark-extension-gfm-table set size:undefined disposed:false
2063 http fetch GET 200 https://registry.npmjs.org/micromark-extension-gfm-strikethrough 46ms (cache miss)
2064 silly packumentCache full:https://registry.npmjs.org/micromark-extension-gfm-strikethrough set size:undefined disposed:false
2065 http fetch GET 200 https://registry.npmjs.org/mdast-util-to-markdown 48ms (cache miss)
2066 silly packumentCache full:https://registry.npmjs.org/mdast-util-to-markdown set size:undefined disposed:false
2067 http fetch GET 200 https://registry.npmjs.org/micromark-util-combine-extensions 27ms (cache miss)
2068 silly packumentCache full:https://registry.npmjs.org/micromark-util-combine-extensions set size:undefined disposed:false
2069 http fetch GET 200 https://registry.npmjs.org/mdast-util-to-markdown 29ms (cache miss)
2070 silly packumentCache full:https://registry.npmjs.org/mdast-util-to-markdown set size:undefined disposed:false
2071 http fetch GET 200 https://registry.npmjs.org/mdast-util-gfm-strikethrough 106ms (cache miss)
2072 silly packumentCache full:https://registry.npmjs.org/mdast-util-gfm-strikethrough set size:undefined disposed:false
2073 http fetch GET 200 https://registry.npmjs.org/mdast-util-gfm-footnote 108ms (cache miss)
2074 silly packumentCache full:https://registry.npmjs.org/mdast-util-gfm-footnote set size:undefined disposed:false
2075 http fetch GET 200 https://registry.npmjs.org/mdast-util-gfm-task-list-item 112ms (cache miss)
2076 silly packumentCache full:https://registry.npmjs.org/mdast-util-gfm-task-list-item set size:undefined disposed:false
2077 http fetch GET 200 https://registry.npmjs.org/micromark-extension-gfm-tagfilter 114ms (cache miss)
2078 silly packumentCache full:https://registry.npmjs.org/micromark-extension-gfm-tagfilter set size:undefined disposed:false
2079 http fetch GET 200 https://registry.npmjs.org/micromark-extension-gfm-footnote 117ms (cache miss)
2080 silly packumentCache full:https://registry.npmjs.org/micromark-extension-gfm-footnote set size:undefined disposed:false
2081 http fetch GET 200 https://registry.npmjs.org/micromark-extension-gfm-task-list-item 107ms (cache miss)
2082 silly packumentCache full:https://registry.npmjs.org/micromark-extension-gfm-task-list-item set size:undefined disposed:false
2083 silly placeDep ROOT mdast-util-from-markdown@2.1.0 OK for: mdast-util-gfm@3.1.0 want: ^2.0.0
2084 silly placeDep ROOT mdast-util-gfm-autolink-literal@2.0.1 OK for: mdast-util-gfm@3.1.0 want: ^2.0.0
2085 silly placeDep ROOT mdast-util-gfm-footnote@2.1.0 OK for: mdast-util-gfm@3.1.0 want: ^2.0.0
2086 silly placeDep ROOT mdast-util-gfm-strikethrough@2.0.1 OK for: mdast-util-gfm@3.1.0 want: ^2.0.0
2087 silly placeDep ROOT mdast-util-gfm-table@2.0.0 OK for: mdast-util-gfm@3.1.0 want: ^2.0.0
2088 silly placeDep ROOT mdast-util-gfm-task-list-item@2.0.0 OK for: mdast-util-gfm@3.1.0 want: ^2.0.0
2089 silly placeDep ROOT mdast-util-to-markdown@2.2.0 OK for: mdast-util-gfm@3.1.0 want: ^2.0.0
2090 silly fetch manifest micromark@^4.0.0
2091 silly packumentCache full:https://registry.npmjs.org/micromark cache-miss
2092 silly fetch manifest mdast-util-to-string@^4.0.0
2093 silly packumentCache full:https://registry.npmjs.org/mdast-util-to-string cache-miss
2094 silly fetch manifest micromark-util-decode-string@^2.0.0
2095 silly packumentCache full:https://registry.npmjs.org/micromark-util-decode-string cache-miss
2096 silly fetch manifest decode-named-character-reference@^1.0.0
2097 silly packumentCache full:https://registry.npmjs.org/decode-named-character-reference cache-miss
2098 silly fetch manifest micromark-util-normalize-identifier@^2.0.0
2099 silly packumentCache full:https://registry.npmjs.org/micromark-util-normalize-identifier cache-miss
2100 silly fetch manifest micromark-util-decode-numeric-character-reference@^2.0.0
2101 silly packumentCache full:https://registry.npmjs.org/micromark-util-decode-numeric-character-reference cache-miss
2102 silly fetch manifest mdast-util-find-and-replace@^3.0.0
2103 silly packumentCache full:https://registry.npmjs.org/mdast-util-find-and-replace cache-miss
2104 silly fetch manifest micromark-util-normalize-identifier@^2.0.0
2105 silly packumentCache full:https://registry.npmjs.org/micromark-util-normalize-identifier cache-miss
2106 silly fetch manifest markdown-table@^3.0.0
2107 silly packumentCache full:https://registry.npmjs.org/markdown-table cache-miss
2108 silly fetch manifest longest-streak@^3.0.0
2109 silly packumentCache full:https://registry.npmjs.org/longest-streak cache-miss
2110 silly fetch manifest mdast-util-phrasing@^4.0.0
2111 silly packumentCache full:https://registry.npmjs.org/mdast-util-phrasing cache-miss
2112 http fetch GET 200 https://registry.npmjs.org/micromark-util-decode-string 42ms (cache miss)
2113 silly packumentCache full:https://registry.npmjs.org/micromark-util-decode-string set size:undefined disposed:false
2114 silly fetch manifest mdast-util-to-string@^4.0.0
2115 silly packumentCache full:https://registry.npmjs.org/mdast-util-to-string cache-miss
2116 http fetch GET 200 https://registry.npmjs.org/micromark-util-decode-numeric-character-reference 43ms (cache miss)
2117 silly packumentCache full:https://registry.npmjs.org/micromark-util-decode-numeric-character-reference set size:undefined disposed:false
2118 silly fetch manifest micromark-util-html-tag-name@^2.0.0
2119 silly packumentCache full:https://registry.npmjs.org/micromark-util-html-tag-name cache-miss
2120 http fetch GET 200 https://registry.npmjs.org/longest-streak 46ms (cache miss)
2121 silly packumentCache full:https://registry.npmjs.org/longest-streak set size:undefined disposed:false
2122 silly fetch manifest micromark-util-classify-character@^2.0.0
2123 silly packumentCache full:https://registry.npmjs.org/micromark-util-classify-character cache-miss
2124 http fetch GET 200 https://registry.npmjs.org/micromark-util-normalize-identifier 52ms (cache miss)
2125 silly packumentCache full:https://registry.npmjs.org/micromark-util-normalize-identifier set size:undefined disposed:false
2126 http fetch GET 200 https://registry.npmjs.org/decode-named-character-reference 53ms (cache miss)
2127 silly packumentCache full:https://registry.npmjs.org/decode-named-character-reference set size:undefined disposed:false
2128 http fetch GET 200 https://registry.npmjs.org/mdast-util-phrasing 50ms (cache miss)
2129 silly packumentCache full:https://registry.npmjs.org/mdast-util-phrasing set size:undefined disposed:false
2130 http fetch GET 200 https://registry.npmjs.org/mdast-util-to-string 55ms (cache miss)
2131 silly packumentCache full:https://registry.npmjs.org/mdast-util-to-string set size:undefined disposed:false
2132 http fetch GET 200 https://registry.npmjs.org/markdown-table 56ms (cache miss)
2133 silly packumentCache full:https://registry.npmjs.org/markdown-table set size:undefined disposed:false
2134 http fetch GET 200 https://registry.npmjs.org/micromark-util-normalize-identifier 60ms (cache miss)
2135 silly packumentCache full:https://registry.npmjs.org/micromark-util-normalize-identifier set size:undefined disposed:false
2136 http fetch GET 200 https://registry.npmjs.org/mdast-util-find-and-replace 61ms (cache miss)
2137 silly packumentCache full:https://registry.npmjs.org/mdast-util-find-and-replace set size:undefined disposed:false
2138 http fetch GET 200 https://registry.npmjs.org/micromark 64ms (cache miss)
2139 silly packumentCache full:https://registry.npmjs.org/micromark set size:undefined disposed:false
2140 http fetch GET 200 https://registry.npmjs.org/mdast-util-to-string 32ms (cache miss)
2141 silly packumentCache full:https://registry.npmjs.org/mdast-util-to-string set size:undefined disposed:false
2142 http fetch GET 200 https://registry.npmjs.org/micromark-util-classify-character 25ms (cache miss)
2143 silly packumentCache full:https://registry.npmjs.org/micromark-util-classify-character set size:undefined disposed:false
2144 http fetch GET 200 https://registry.npmjs.org/micromark-util-html-tag-name 32ms (cache miss)
2145 silly packumentCache full:https://registry.npmjs.org/micromark-util-html-tag-name set size:undefined disposed:false
2146 silly placeDep ROOT decode-named-character-reference@1.3.0 OK for: mdast-util-from-markdown@2.1.0 want: ^1.0.0
2147 silly placeDep ROOT mdast-util-to-string@4.0.0 OK for: mdast-util-from-markdown@2.1.0 want: ^4.0.0
2148 silly placeDep ROOT micromark@4.0.3 OK for: mdast-util-from-markdown@2.1.0 want: ^4.0.0
2149 silly placeDep ROOT micromark-util-decode-numeric-character-reference@2.0.2 OK for: mdast-util-from-markdown@2.1.0 want: ^2.0.0
2150 silly placeDep ROOT micromark-util-decode-string@2.0.1 OK for: mdast-util-from-markdown@2.1.0 want: ^2.0.0
2151 silly placeDep ROOT micromark-util-normalize-identifier@2.0.1 OK for: mdast-util-from-markdown@2.1.0 want: ^2.0.0
2152 silly placeDep ROOT unist-util-stringify-position@4.0.0 OK for: mdast-util-from-markdown@2.1.0 want: ^4.0.0
2153 silly fetch manifest character-entities@^2.0.0
2154 silly packumentCache full:https://registry.npmjs.org/character-entities cache-miss
2155 silly fetch manifest @types/debug@^4.0.0
2156 silly packumentCache full:https://registry.npmjs.org/@types%2fdebug cache-miss
2157 silly fetch manifest micromark-util-chunked@^2.0.0
2158 silly packumentCache full:https://registry.npmjs.org/micromark-util-chunked cache-miss
2159 silly fetch manifest micromark-factory-space@^2.0.0
2160 silly packumentCache full:https://registry.npmjs.org/micromark-factory-space cache-miss
2161 silly fetch manifest micromark-util-edit-map@^1.0.0
2162 silly packumentCache full:https://registry.npmjs.org/micromark-util-edit-map cache-miss
2163 silly fetch manifest micromark-core-commonmark@^2.0.0
2164 silly packumentCache full:https://registry.npmjs.org/micromark-core-commonmark cache-miss
2165 silly fetch manifest micromark-util-resolve-all@^2.0.0
2166 silly packumentCache full:https://registry.npmjs.org/micromark-util-resolve-all cache-miss
2167 silly fetch manifest micromark-util-subtokenize@^2.0.0
2168 silly packumentCache full:https://registry.npmjs.org/micromark-util-subtokenize cache-miss
2169 http fetch GET 200 https://registry.npmjs.org/micromark-util-edit-map 31ms (cache miss)
2170 silly packumentCache full:https://registry.npmjs.org/micromark-util-edit-map set size:undefined disposed:false
2171 http fetch GET 200 https://registry.npmjs.org/micromark-util-subtokenize 32ms (cache miss)
2172 silly packumentCache full:https://registry.npmjs.org/micromark-util-subtokenize set size:undefined disposed:false
2173 http fetch GET 200 https://registry.npmjs.org/micromark-util-resolve-all 32ms (cache miss)
2174 silly packumentCache full:https://registry.npmjs.org/micromark-util-resolve-all set size:undefined disposed:false
2175 http fetch GET 200 https://registry.npmjs.org/micromark-factory-space 33ms (cache miss)
2176 silly packumentCache full:https://registry.npmjs.org/micromark-factory-space set size:undefined disposed:false
2177 http fetch GET 200 https://registry.npmjs.org/character-entities 35ms (cache miss)
2178 silly packumentCache full:https://registry.npmjs.org/character-entities set size:undefined disposed:false
2179 http fetch GET 200 https://registry.npmjs.org/micromark-util-chunked 36ms (cache miss)
2180 silly packumentCache full:https://registry.npmjs.org/micromark-util-chunked set size:undefined disposed:false
2181 http fetch GET 200 https://registry.npmjs.org/micromark-core-commonmark 36ms (cache miss)
2182 silly packumentCache full:https://registry.npmjs.org/micromark-core-commonmark set size:undefined disposed:false
2183 http fetch GET 200 https://registry.npmjs.org/@types%2fdebug 38ms (cache miss)
2184 silly packumentCache full:https://registry.npmjs.org/@types%2fdebug set size:undefined disposed:false
2185 silly placeDep ROOT character-entities@2.0.2 OK for: decode-named-character-reference@1.3.0 want: ^2.0.0
2186 silly placeDep ROOT mdast-util-find-and-replace@3.0.2 OK for: mdast-util-gfm-autolink-literal@2.0.1 want: ^3.0.0
2187 silly fetch manifest escape-string-regexp@^5.0.0
2188 silly packumentCache full:https://registry.npmjs.org/escape-string-regexp cache-miss
2189 http fetch GET 200 https://registry.npmjs.org/escape-string-regexp 23ms (cache miss)
2190 silly packumentCache full:https://registry.npmjs.org/escape-string-regexp set size:undefined disposed:false
2191 silly placeDep ROOT escape-string-regexp@5.0.0 OK for: mdast-util-find-and-replace@3.0.2 want: ^5.0.0
2192 silly placeDep ROOT unist-util-is@6.0.1 OK for: mdast-util-find-and-replace@3.0.2 want: ^6.0.0
2193 silly placeDep ROOT markdown-table@3.0.4 OK for: mdast-util-gfm-table@2.0.0 want: ^3.0.0
2194 silly placeDep ROOT longest-streak@3.1.0 OK for: mdast-util-to-markdown@2.2.0 want: ^3.0.0
2195 silly placeDep ROOT mdast-util-phrasing@4.1.0 OK for: mdast-util-to-markdown@2.2.0 want: ^4.0.0
2196 silly placeDep ROOT micromark-util-classify-character@2.0.1 OK for: mdast-util-to-markdown@2.2.0 want: ^2.0.0
2197 silly placeDep ROOT micromark-util-html-tag-name@2.0.1 OK for: mdast-util-to-markdown@2.2.0 want: ^2.0.0
2198 silly placeDep ROOT @types/debug@4.1.13 OK for: micromark@4.0.3 want: ^4.0.0
2199 silly placeDep ROOT micromark-core-commonmark@2.0.4 OK for: micromark@4.0.3 want: ^2.0.0
2200 silly placeDep ROOT micromark-factory-space@2.1.0 OK for: micromark@4.0.3 want: ^2.0.0
2201 silly placeDep ROOT micromark-util-chunked@2.0.1 OK for: micromark@4.0.3 want: ^2.0.0
2202 silly placeDep ROOT micromark-util-combine-extensions@2.0.1 OK for: micromark@4.0.3 want: ^2.0.0
2203 silly placeDep ROOT micromark-util-edit-map@1.0.0 OK for: micromark@4.0.3 want: ^1.0.0
2204 silly placeDep ROOT micromark-util-resolve-all@2.0.1 OK for: micromark@4.0.3 want: ^2.0.0
2205 silly placeDep ROOT micromark-util-subtokenize@2.1.0 OK for: micromark@4.0.3 want: ^2.0.0
2206 silly fetch manifest @types/ms@*
2207 silly packumentCache full:https://registry.npmjs.org/@types%2fms cache-miss
2208 silly fetch manifest micromark-factory-label@^2.0.0
2209 silly packumentCache full:https://registry.npmjs.org/micromark-factory-label cache-miss
2210 silly fetch manifest micromark-factory-space@^2.1.0
2211 silly packumentCache full:https://registry.npmjs.org/micromark-factory-space cache-miss
2212 silly fetch manifest micromark-factory-title@^2.0.0
2213 silly packumentCache full:https://registry.npmjs.org/micromark-factory-title cache-miss
2214 silly fetch manifest micromark-factory-whitespace@^2.0.0
2215 silly packumentCache full:https://registry.npmjs.org/micromark-factory-whitespace cache-miss
2216 silly fetch manifest micromark-factory-destination@^2.0.0
2217 silly packumentCache full:https://registry.npmjs.org/micromark-factory-destination cache-miss
2218 http cache https://registry.npmjs.org/micromark-factory-space 10ms (cache hit)
2219 silly packumentCache full:https://registry.npmjs.org/micromark-factory-space set size:30616 disposed:false
2220 http fetch GET 200 https://registry.npmjs.org/micromark-factory-title 26ms (cache miss)
2221 silly packumentCache full:https://registry.npmjs.org/micromark-factory-title set size:undefined disposed:false
2222 http fetch GET 200 https://registry.npmjs.org/micromark-factory-whitespace 27ms (cache miss)
2223 silly packumentCache full:https://registry.npmjs.org/micromark-factory-whitespace set size:undefined disposed:false
2224 http fetch GET 200 https://registry.npmjs.org/micromark-factory-label 28ms (cache miss)
2225 silly packumentCache full:https://registry.npmjs.org/micromark-factory-label set size:undefined disposed:false
2226 http fetch GET 200 https://registry.npmjs.org/micromark-factory-destination 28ms (cache miss)
2227 silly packumentCache full:https://registry.npmjs.org/micromark-factory-destination set size:undefined disposed:false
2228 http fetch GET 200 https://registry.npmjs.org/@types%2fms 116ms (cache miss)
2229 silly packumentCache full:https://registry.npmjs.org/@types%2fms set size:undefined disposed:false
2230 silly placeDep ROOT @types/ms@2.1.0 OK for: @types/debug@4.1.13 want: *
2231 silly placeDep ROOT micromark-factory-destination@2.0.1 OK for: micromark-core-commonmark@2.0.4 want: ^2.0.0
2232 silly placeDep ROOT micromark-factory-label@2.0.1 OK for: micromark-core-commonmark@2.0.4 want: ^2.0.0
2233 silly placeDep ROOT micromark-factory-title@2.0.1 OK for: micromark-core-commonmark@2.0.4 want: ^2.0.0
2234 silly placeDep ROOT micromark-factory-whitespace@2.0.1 OK for: micromark-core-commonmark@2.0.4 want: ^2.0.0
2235 silly placeDep ROOT micromark-extension-gfm-autolink-literal@2.1.0 OK for: micromark-extension-gfm@3.0.0 want: ^2.0.0
2236 silly placeDep ROOT micromark-extension-gfm-footnote@2.1.0 OK for: micromark-extension-gfm@3.0.0 want: ^2.0.0
2237 silly placeDep ROOT micromark-extension-gfm-strikethrough@2.1.0 OK for: micromark-extension-gfm@3.0.0 want: ^2.0.0
2238 silly placeDep ROOT micromark-extension-gfm-table@2.1.2 OK for: micromark-extension-gfm@3.0.0 want: ^2.0.0
2239 silly placeDep ROOT micromark-extension-gfm-tagfilter@2.0.0 OK for: micromark-extension-gfm@3.0.0 want: ^2.0.0
2240 silly placeDep ROOT micromark-extension-gfm-task-list-item@2.1.0 OK for: micromark-extension-gfm@3.0.0 want: ^2.0.0
2241 silly placeDep ROOT retext@9.0.0 OK for: remark-smartypants@3.0.3 want: ^9.0.0
2242 silly placeDep ROOT retext-smartypants@6.2.0 OK for: remark-smartypants@3.0.3 want: ^6.0.0
2243 silly fetch manifest @types/nlcst@^2.0.0
2244 silly packumentCache full:https://registry.npmjs.org/@types%2fnlcst cache-miss
2245 silly fetch manifest retext-latin@^4.0.0
2246 silly packumentCache full:https://registry.npmjs.org/retext-latin cache-miss
2247 silly fetch manifest retext-stringify@^4.0.0
2248 silly packumentCache full:https://registry.npmjs.org/retext-stringify cache-miss
2249 silly fetch manifest @types/nlcst@^2.0.0
2250 silly packumentCache full:https://registry.npmjs.org/@types%2fnlcst cache-miss
2251 silly fetch manifest nlcst-to-string@^4.0.0
2252 silly packumentCache full:https://registry.npmjs.org/nlcst-to-string cache-miss
2253 http fetch GET 200 https://registry.npmjs.org/nlcst-to-string 25ms (cache miss)
2254 silly packumentCache full:https://registry.npmjs.org/nlcst-to-string set size:undefined disposed:false
2255 http fetch GET 200 https://registry.npmjs.org/@types%2fnlcst 30ms (cache miss)
2256 silly packumentCache full:https://registry.npmjs.org/@types%2fnlcst set size:undefined disposed:false
2257 http fetch GET 200 https://registry.npmjs.org/@types%2fnlcst 30ms (cache miss)
2258 silly packumentCache full:https://registry.npmjs.org/@types%2fnlcst set size:undefined disposed:false
2259 http fetch GET 200 https://registry.npmjs.org/retext-latin 103ms (cache miss)
2260 silly packumentCache full:https://registry.npmjs.org/retext-latin set size:undefined disposed:false
2261 http fetch GET 200 https://registry.npmjs.org/retext-stringify 112ms (cache miss)
2262 silly packumentCache full:https://registry.npmjs.org/retext-stringify set size:undefined disposed:false
2263 silly placeDep ROOT @types/nlcst@2.0.3 OK for: retext@9.0.0 want: ^2.0.0
2264 silly placeDep ROOT retext-latin@4.0.0 OK for: retext@9.0.0 want: ^4.0.0
2265 silly placeDep ROOT retext-stringify@4.0.0 OK for: retext@9.0.0 want: ^4.0.0
2266 silly fetch manifest parse-latin@^7.0.0
2267 silly packumentCache full:https://registry.npmjs.org/parse-latin cache-miss
2268 http fetch GET 200 https://registry.npmjs.org/parse-latin 110ms (cache miss)
2269 silly packumentCache full:https://registry.npmjs.org/parse-latin set size:undefined disposed:false
2270 silly placeDep ROOT parse-latin@7.0.0 OK for: retext-latin@4.0.0 want: ^7.0.0
2271 silly fetch manifest unist-util-modify-children@^4.0.0
2272 silly packumentCache full:https://registry.npmjs.org/unist-util-modify-children cache-miss
2273 silly fetch manifest unist-util-visit-children@^3.0.0
2274 silly packumentCache full:https://registry.npmjs.org/unist-util-visit-children cache-miss
2275 http fetch GET 200 https://registry.npmjs.org/unist-util-visit-children 104ms (cache miss)
2276 silly packumentCache full:https://registry.npmjs.org/unist-util-visit-children set size:undefined disposed:false
2277 http fetch GET 200 https://registry.npmjs.org/unist-util-modify-children 118ms (cache miss)
2278 silly packumentCache full:https://registry.npmjs.org/unist-util-modify-children set size:undefined disposed:false
2279 silly placeDep ROOT nlcst-to-string@4.0.0 OK for: parse-latin@7.0.0 want: ^4.0.0
2280 silly placeDep ROOT unist-util-modify-children@4.0.0 OK for: parse-latin@7.0.0 want: ^4.0.0
2281 silly placeDep ROOT unist-util-visit-children@3.0.0 OK for: parse-latin@7.0.0 want: ^3.0.0
2282 silly fetch manifest array-iterate@^2.0.0
2283 silly packumentCache full:https://registry.npmjs.org/array-iterate cache-miss
2284 http fetch GET 200 https://registry.npmjs.org/array-iterate 112ms (cache miss)
2285 silly packumentCache full:https://registry.npmjs.org/array-iterate set size:undefined disposed:false
2286 silly placeDep ROOT @img/colour@1.1.0 OK for: sharp@0.34.5 want: ^1.0.0
2287 silly placeDep ROOT @img/sharp-darwin-arm64@0.34.5 OK for: sharp@0.34.5 want: 0.34.5
2288 silly placeDep ROOT @img/sharp-darwin-x64@0.34.5 OK for: sharp@0.34.5 want: 0.34.5
2289 silly placeDep ROOT @img/sharp-libvips-darwin-arm64@1.2.4 OK for: sharp@0.34.5 want: 1.2.4
2290 silly placeDep ROOT @img/sharp-libvips-darwin-x64@1.2.4 OK for: sharp@0.34.5 want: 1.2.4
2291 silly placeDep ROOT @img/sharp-libvips-linux-arm@1.2.4 OK for: sharp@0.34.5 want: 1.2.4
2292 silly placeDep ROOT @img/sharp-libvips-linux-arm64@1.2.4 OK for: sharp@0.34.5 want: 1.2.4
2293 silly placeDep ROOT @img/sharp-libvips-linux-ppc64@1.2.4 OK for: sharp@0.34.5 want: 1.2.4
2294 silly placeDep ROOT @img/sharp-libvips-linux-riscv64@1.2.4 OK for: sharp@0.34.5 want: 1.2.4
2295 silly placeDep ROOT @img/sharp-libvips-linux-s390x@1.2.4 OK for: sharp@0.34.5 want: 1.2.4
2296 silly placeDep ROOT @img/sharp-libvips-linux-x64@1.2.4 OK for: sharp@0.34.5 want: 1.2.4
2297 silly placeDep ROOT @img/sharp-libvips-linuxmusl-arm64@1.2.4 OK for: sharp@0.34.5 want: 1.2.4
2298 silly placeDep ROOT @img/sharp-libvips-linuxmusl-x64@1.2.4 OK for: sharp@0.34.5 want: 1.2.4
2299 silly placeDep ROOT @img/sharp-linux-arm@0.34.5 OK for: sharp@0.34.5 want: 0.34.5
2300 silly placeDep ROOT @img/sharp-linux-arm64@0.34.5 OK for: sharp@0.34.5 want: 0.34.5
2301 silly placeDep ROOT @img/sharp-linux-ppc64@0.34.5 OK for: sharp@0.34.5 want: 0.34.5
2302 silly placeDep ROOT @img/sharp-linux-riscv64@0.34.5 OK for: sharp@0.34.5 want: 0.34.5
2303 silly placeDep ROOT @img/sharp-linux-s390x@0.34.5 OK for: sharp@0.34.5 want: 0.34.5
2304 silly placeDep ROOT @img/sharp-linux-x64@0.34.5 OK for: sharp@0.34.5 want: 0.34.5
2305 silly placeDep ROOT @img/sharp-linuxmusl-arm64@0.34.5 OK for: sharp@0.34.5 want: 0.34.5
2306 silly placeDep ROOT @img/sharp-linuxmusl-x64@0.34.5 OK for: sharp@0.34.5 want: 0.34.5
2307 silly placeDep ROOT @img/sharp-wasm32@0.34.5 OK for: sharp@0.34.5 want: 0.34.5
2308 silly placeDep ROOT @img/sharp-win32-arm64@0.34.5 OK for: sharp@0.34.5 want: 0.34.5
2309 silly placeDep ROOT @img/sharp-win32-ia32@0.34.5 OK for: sharp@0.34.5 want: 0.34.5
2310 silly placeDep ROOT @img/sharp-win32-x64@0.34.5 OK for: sharp@0.34.5 want: 0.34.5
2311 silly placeDep node_modules/sharp semver@7.8.5 OK for: sharp@0.34.5 want: ^7.7.3
2312 silly fetch manifest @emnapi/runtime@^1.7.0
2313 silly packumentCache full:https://registry.npmjs.org/@emnapi%2fruntime cache-miss
2314 http fetch GET 200 https://registry.npmjs.org/@emnapi%2fruntime 61ms (cache miss)
2315 silly packumentCache full:https://registry.npmjs.org/@emnapi%2fruntime set size:undefined disposed:false
2316 silly placeDep ROOT @emnapi/runtime@1.11.3 OK for: @img/sharp-wasm32@0.34.5 want: ^1.7.0
2317 silly fetch manifest tslib@^2.4.0
2318 silly packumentCache full:https://registry.npmjs.org/tslib cache-miss
2319 http fetch GET 200 https://registry.npmjs.org/tslib 26ms (cache miss)
2320 silly packumentCache full:https://registry.npmjs.org/tslib set size:undefined disposed:false
2321 silly placeDep ROOT tslib@2.8.1 OK for: @emnapi/runtime@1.11.3 want: ^2.4.0
2322 silly placeDep ROOT @shikijs/core@3.23.0 OK for: shiki@3.23.0 want: 3.23.0
2323 silly placeDep ROOT @shikijs/engine-javascript@3.23.0 OK for: shiki@3.23.0 want: 3.23.0
2324 silly placeDep ROOT @shikijs/engine-oniguruma@3.23.0 OK for: shiki@3.23.0 want: 3.23.0
2325 silly placeDep ROOT @shikijs/langs@3.23.0 OK for: shiki@3.23.0 want: 3.23.0
2326 silly placeDep ROOT @shikijs/themes@3.23.0 OK for: shiki@3.23.0 want: 3.23.0
2327 silly placeDep ROOT @shikijs/types@3.23.0 OK for: shiki@3.23.0 want: 3.23.0
2328 silly placeDep ROOT @shikijs/vscode-textmate@10.0.2 OK for: shiki@3.23.0 want: ^10.0.2
2329 silly fetch manifest oniguruma-to-es@^4.3.4
2330 silly packumentCache full:https://registry.npmjs.org/oniguruma-to-es cache-miss
2331 http fetch GET 200 https://registry.npmjs.org/oniguruma-to-es 25ms (cache miss)
2332 silly packumentCache full:https://registry.npmjs.org/oniguruma-to-es set size:undefined disposed:false
2333 silly placeDep ROOT oniguruma-to-es@4.3.6 OK for: @shikijs/engine-javascript@3.23.0 want: ^4.3.4
2334 silly fetch manifest oniguruma-parser@^0.12.2
2335 silly packumentCache full:https://registry.npmjs.org/oniguruma-parser cache-miss
2336 silly fetch manifest regex@^6.1.0
2337 silly packumentCache full:https://registry.npmjs.org/regex cache-miss
2338 silly fetch manifest regex-recursion@^6.0.2
2339 silly packumentCache full:https://registry.npmjs.org/regex-recursion cache-miss
2340 http fetch GET 200 https://registry.npmjs.org/regex-recursion 29ms (cache miss)
2341 silly packumentCache full:https://registry.npmjs.org/regex-recursion set size:undefined disposed:false
2342 http fetch GET 200 https://registry.npmjs.org/oniguruma-parser 31ms (cache miss)
2343 silly packumentCache full:https://registry.npmjs.org/oniguruma-parser set size:undefined disposed:false
2344 http fetch GET 200 https://registry.npmjs.org/regex 32ms (cache miss)
2345 silly packumentCache full:https://registry.npmjs.org/regex set size:undefined disposed:false
2346 silly placeDep ROOT oniguruma-parser@0.12.2 OK for: oniguruma-to-es@4.3.6 want: ^0.12.2
2347 silly placeDep ROOT regex@6.1.0 OK for: oniguruma-to-es@4.3.6 want: ^6.1.0
2348 silly placeDep ROOT regex-recursion@6.0.2 OK for: oniguruma-to-es@4.3.6 want: ^6.0.2
2349 silly fetch manifest regex-utilities@^2.3.0
2350 silly packumentCache full:https://registry.npmjs.org/regex-utilities cache-miss
2351 silly fetch manifest regex-utilities@^2.3.0
2352 silly packumentCache full:https://registry.npmjs.org/regex-utilities cache-miss
2353 http fetch GET 200 https://registry.npmjs.org/regex-utilities 22ms (cache miss)
2354 silly packumentCache full:https://registry.npmjs.org/regex-utilities set size:undefined disposed:false
2355 http fetch GET 200 https://registry.npmjs.org/regex-utilities 24ms (cache miss)
2356 silly packumentCache full:https://registry.npmjs.org/regex-utilities set size:undefined disposed:false
2357 silly placeDep ROOT regex-utilities@2.3.0 OK for: regex@6.1.0 want: ^2.3.0
2358 silly placeDep ROOT emoji-regex@10.6.0 OK for: string-width@7.2.0 want: ^10.3.0
2359 silly placeDep ROOT get-east-asian-width@1.7.0 OK for: string-width@7.2.0 want: ^1.0.0
2360 silly placeDep ROOT strip-ansi@7.2.0 OK for: string-width@7.2.0 want: ^7.1.0
2361 silly fetch manifest ansi-regex@^6.2.2
2362 silly packumentCache full:https://registry.npmjs.org/ansi-regex cache-miss
2363 http fetch GET 200 https://registry.npmjs.org/ansi-regex 23ms (cache miss)
2364 silly packumentCache full:https://registry.npmjs.org/ansi-regex set size:undefined disposed:false
2365 silly placeDep ROOT character-entities-html4@2.1.0 OK for: stringify-entities@4.0.4 want: ^2.0.0
2366 silly placeDep ROOT character-entities-legacy@3.0.0 OK for: stringify-entities@4.0.4 want: ^3.0.0
2367 silly placeDep ROOT ansi-regex@6.4.0 OK for: strip-ansi@7.2.0 want: ^6.2.2
2368 silly placeDep ROOT commander@11.1.0 OK for: svgo@4.1.0 want: ^11.1.0
2369 silly placeDep ROOT css-select@6.0.0 OK for: svgo@4.1.0 want: ^6.0.0
2370 silly placeDep ROOT css-tree@3.2.1 OK for: svgo@4.1.0 want: ^3.0.1
2371 silly placeDep ROOT css-what@7.0.0 OK for: svgo@4.1.0 want: ^7.0.0
2372 silly placeDep ROOT csso@5.0.5 OK for: svgo@4.1.0 want: ^5.0.5
2373 silly placeDep ROOT sax@1.6.1 OK for: svgo@4.1.0 want: 1.6.1
2374 silly fetch manifest boolbase@^1.0.0
2375 silly packumentCache full:https://registry.npmjs.org/boolbase cache-miss
2376 silly fetch manifest domutils@^3.2.2
2377 silly packumentCache full:https://registry.npmjs.org/domutils cache-miss
2378 silly fetch manifest nth-check@^2.1.1
2379 silly packumentCache full:https://registry.npmjs.org/nth-check cache-miss
2380 silly fetch manifest domhandler@^5.0.3
2381 silly packumentCache full:https://registry.npmjs.org/domhandler cache-miss
2382 silly fetch manifest mdn-data@2.27.1
2383 silly packumentCache full:https://registry.npmjs.org/mdn-data cache-miss
2384 silly fetch manifest css-tree@~2.2.0
2385 silly packumentCache full:https://registry.npmjs.org/css-tree cache-hit
2386 http fetch GET 200 https://registry.npmjs.org/boolbase 32ms (cache miss)
2387 silly packumentCache full:https://registry.npmjs.org/boolbase set size:undefined disposed:false
2388 http fetch GET 200 https://registry.npmjs.org/nth-check 33ms (cache miss)
2389 silly packumentCache full:https://registry.npmjs.org/nth-check set size:undefined disposed:false
2390 http fetch GET 200 https://registry.npmjs.org/domutils 36ms (cache miss)
2391 silly packumentCache full:https://registry.npmjs.org/domutils set size:undefined disposed:false
2392 http fetch GET 200 https://registry.npmjs.org/domhandler 38ms (cache miss)
2393 silly packumentCache full:https://registry.npmjs.org/domhandler set size:undefined disposed:false
2394 http fetch GET 200 https://registry.npmjs.org/mdn-data 39ms (cache miss)
2395 silly packumentCache full:https://registry.npmjs.org/mdn-data set size:undefined disposed:false
2396 silly placeDep ROOT boolbase@1.0.0 OK for: css-select@6.0.0 want: ^1.0.0
2397 silly placeDep ROOT domhandler@5.0.3 OK for: css-select@6.0.0 want: ^5.0.3
2398 silly placeDep ROOT domutils@3.2.2 OK for: css-select@6.0.0 want: ^3.2.2
2399 silly placeDep ROOT nth-check@2.1.1 OK for: css-select@6.0.0 want: ^2.1.1
2400 silly fetch manifest domelementtype@^2.3.0
2401 silly packumentCache full:https://registry.npmjs.org/domelementtype cache-miss
2402 silly fetch manifest dom-serializer@^2.0.0
2403 silly packumentCache full:https://registry.npmjs.org/dom-serializer cache-miss
2404 silly fetch manifest domelementtype@^2.3.0
2405 silly packumentCache full:https://registry.npmjs.org/domelementtype cache-miss
2406 http fetch GET 200 https://registry.npmjs.org/dom-serializer 24ms (cache miss)
2407 silly packumentCache full:https://registry.npmjs.org/dom-serializer set size:undefined disposed:false
2408 http fetch GET 200 https://registry.npmjs.org/domelementtype 104ms (cache miss)
2409 silly packumentCache full:https://registry.npmjs.org/domelementtype set size:undefined disposed:false
2410 http fetch GET 200 https://registry.npmjs.org/domelementtype 105ms (cache miss)
2411 silly packumentCache full:https://registry.npmjs.org/domelementtype set size:undefined disposed:false
2412 silly placeDep ROOT mdn-data@2.27.1 OK for: css-tree@3.2.1 want: 2.27.1
2413 silly placeDep node_modules/csso css-tree@2.2.1 OK for: csso@5.0.5 want: ~2.2.0
2414 silly fetch manifest mdn-data@2.0.28
2415 silly packumentCache full:https://registry.npmjs.org/mdn-data cache-miss
2416 http cache https://registry.npmjs.org/mdn-data 5ms (cache hit)
2417 silly packumentCache full:https://registry.npmjs.org/mdn-data set size:197583 disposed:false
2418 silly placeDep ROOT domelementtype@2.3.0 OK for: domhandler@5.0.3 want: ^2.3.0
2419 silly placeDep ROOT dom-serializer@2.0.0 OK for: domutils@3.2.2 want: ^2.0.0
2420 silly fetch manifest entities@^4.2.0
2421 silly packumentCache full:https://registry.npmjs.org/entities cache-miss
2422 http cache https://registry.npmjs.org/entities 4ms (cache hit)
2423 silly packumentCache full:https://registry.npmjs.org/entities set size:104868 disposed:false
2424 silly placeDep node_modules/dom-serializer entities@4.5.0 OK for: dom-serializer@2.0.0 want: ^4.2.0
2425 silly fetch manifest picomatch@^4.0.4
2426 silly packumentCache full:https://registry.npmjs.org/picomatch cache-hit
2427 silly placeDep ROOT fdir@6.5.0 OK for: tinyglobby@0.2.17 want: ^6.5.0
2428 silly placeDep ROOT bail@2.0.2 OK for: unified@11.0.5 want: ^2.0.0
2429 silly placeDep ROOT extend@3.0.2 OK for: unified@11.0.5 want: ^3.0.0
2430 silly placeDep ROOT is-plain-obj@4.1.0 OK for: unified@11.0.5 want: ^4.0.0
2431 silly placeDep ROOT trough@2.2.0 OK for: unified@11.0.5 want: ^2.0.0
2432 silly placeDep ROOT ohash@2.0.12 OK for: unifont@0.7.5 want: ^2.0.11
2433 silly placeDep ROOT undici@8.11.2 OK for: unifont@0.7.5 want: ^8.0.0
2434 silly placeDep ROOT array-iterate@2.0.1 OK for: unist-util-modify-children@4.0.0 want: ^2.0.0
2435 silly placeDep ROOT anymatch@3.1.3 OK for: unstorage@1.17.5 want: ^3.1.3
2436 silly placeDep ROOT chokidar@5.0.0 OK for: unstorage@1.17.5 want: ^5.0.0
2437 silly placeDep ROOT destr@2.0.5 OK for: unstorage@1.17.5 want: ^2.0.5
2438 silly placeDep ROOT h3@1.15.11 OK for: unstorage@1.17.5 want: ^1.15.10
2439 silly placeDep node_modules/unstorage lru-cache@11.5.3 OK for: unstorage@1.17.5 want: ^11.2.7
2440 silly placeDep ROOT node-fetch-native@1.6.7 OK for: unstorage@1.17.5 want: ^1.6.7
2441 silly placeDep ROOT ofetch@1.5.1 OK for: unstorage@1.17.5 want: ^1.5.1
2442 silly placeDep ROOT ufo@1.6.4 OK for: unstorage@1.17.5 want: ^1.6.3
2443 silly fetch manifest picomatch@^2.0.4
2444 silly packumentCache full:https://registry.npmjs.org/picomatch cache-hit
2445 silly fetch manifest normalize-path@^3.0.0
2446 silly packumentCache full:https://registry.npmjs.org/normalize-path cache-miss
2447 silly fetch manifest readdirp@^5.0.0
2448 silly packumentCache full:https://registry.npmjs.org/readdirp cache-miss
2449 silly fetch manifest defu@^6.1.6
2450 silly packumentCache full:https://registry.npmjs.org/defu cache-miss
2451 silly fetch manifest radix3@^1.1.2
2452 silly packumentCache full:https://registry.npmjs.org/radix3 cache-miss
2453 silly fetch manifest crossws@^0.3.5
2454 silly packumentCache full:https://registry.npmjs.org/crossws cache-miss
2455 silly fetch manifest uncrypto@^0.1.3
2456 silly packumentCache full:https://registry.npmjs.org/uncrypto cache-miss
2457 silly fetch manifest cookie-es@^1.2.3
2458 silly packumentCache full:https://registry.npmjs.org/cookie-es cache-miss
2459 silly fetch manifest iron-webcrypto@^1.2.1
2460 silly packumentCache full:https://registry.npmjs.org/iron-webcrypto cache-miss
2461 silly fetch manifest node-mock-http@^1.0.4
2462 silly packumentCache full:https://registry.npmjs.org/node-mock-http cache-miss
2463 silly fetch manifest ufo@^1.6.1
2464 silly packumentCache full:https://registry.npmjs.org/ufo cache-miss
2465 http cache https://registry.npmjs.org/crossws 11ms (cache hit)
2466 silly packumentCache full:https://registry.npmjs.org/crossws set size:120040 disposed:false
2467 http cache https://registry.npmjs.org/ufo 11ms (cache hit)
2468 silly packumentCache full:https://registry.npmjs.org/ufo set size:169119 disposed:false
2469 http fetch GET 200 https://registry.npmjs.org/uncrypto 35ms (cache miss)
2470 silly packumentCache full:https://registry.npmjs.org/uncrypto set size:undefined disposed:false
2471 http fetch GET 200 https://registry.npmjs.org/normalize-path 37ms (cache miss)
2472 silly packumentCache full:https://registry.npmjs.org/normalize-path set size:undefined disposed:false
2473 http fetch GET 200 https://registry.npmjs.org/node-mock-http 36ms (cache miss)
2474 silly packumentCache full:https://registry.npmjs.org/node-mock-http set size:undefined disposed:false
2475 http fetch GET 200 https://registry.npmjs.org/radix3 38ms (cache miss)
2476 silly packumentCache full:https://registry.npmjs.org/radix3 set size:undefined disposed:false
2477 http fetch GET 200 https://registry.npmjs.org/cookie-es 38ms (cache miss)
2478 silly packumentCache full:https://registry.npmjs.org/cookie-es set size:undefined disposed:false
2479 http fetch GET 200 https://registry.npmjs.org/defu 40ms (cache miss)
2480 silly packumentCache full:https://registry.npmjs.org/defu set size:undefined disposed:false
2481 http fetch GET 200 https://registry.npmjs.org/readdirp 42ms (cache miss)
2482 silly packumentCache full:https://registry.npmjs.org/readdirp set size:undefined disposed:false
2483 http fetch GET 200 https://registry.npmjs.org/iron-webcrypto 42ms (cache miss)
2484 silly packumentCache full:https://registry.npmjs.org/iron-webcrypto set size:undefined disposed:false
2485 silly placeDep ROOT normalize-path@3.0.0 OK for: anymatch@3.1.3 want: ^3.0.0
2486 silly placeDep node_modules/anymatch picomatch@2.3.2 OK for: anymatch@3.1.3 want: ^2.0.4
2487 silly placeDep ROOT readdirp@5.1.1 OK for: chokidar@5.0.0 want: ^5.0.0
2488 silly placeDep ROOT cookie-es@1.2.3 OK for: h3@1.15.11 want: ^1.2.3
2489 silly placeDep ROOT crossws@0.3.5 OK for: h3@1.15.11 want: ^0.3.5
2490 silly placeDep ROOT defu@6.1.7 OK for: h3@1.15.11 want: ^6.1.6
2491 silly placeDep ROOT iron-webcrypto@1.2.1 OK for: h3@1.15.11 want: ^1.2.1
2492 silly placeDep ROOT node-mock-http@1.0.5 OK for: h3@1.15.11 want: ^1.0.4
2493 silly placeDep ROOT radix3@1.1.2 OK for: h3@1.15.11 want: ^1.1.2
2494 silly placeDep ROOT uncrypto@0.1.3 OK for: h3@1.15.11 want: ^0.1.3
2495 silly placeDep ROOT escalade@3.2.0 OK for: update-browserslist-db@1.3.3 want: ^3.2.0
2496 silly placeDep node_modules/vite esbuild@0.25.12 OK for: vite@6.4.3 want: ^0.25.0
2497 silly placeDep ROOT fsevents@2.3.3 OK for: vite@6.4.3 want: ~2.3.3
2498 silly placeDep ROOT postcss@8.5.28 OK for: vite@6.4.3 want: ^8.5.3
2499 silly placeDep ROOT rollup@4.64.0 OK for: vite@6.4.3 want: ^4.34.9
2500 silly fetch manifest @esbuild/aix-ppc64@0.25.12
2501 silly packumentCache full:https://registry.npmjs.org/@esbuild%2faix-ppc64 cache-miss
2502 silly fetch manifest @esbuild/linux-arm@0.25.12
2503 silly packumentCache full:https://registry.npmjs.org/@esbuild%2flinux-arm cache-miss
2504 silly fetch manifest @esbuild/linux-x64@0.25.12
2505 silly packumentCache full:https://registry.npmjs.org/@esbuild%2flinux-x64 cache-miss
2506 silly fetch manifest @esbuild/sunos-x64@0.25.12
2507 silly packumentCache full:https://registry.npmjs.org/@esbuild%2fsunos-x64 cache-miss
2508 silly fetch manifest @esbuild/win32-x64@0.25.12
2509 silly packumentCache full:https://registry.npmjs.org/@esbuild%2fwin32-x64 cache-miss
2510 silly fetch manifest @esbuild/darwin-x64@0.25.12
2511 silly packumentCache full:https://registry.npmjs.org/@esbuild%2fdarwin-x64 cache-miss
2512 silly fetch manifest @esbuild/linux-ia32@0.25.12
2513 silly packumentCache full:https://registry.npmjs.org/@esbuild%2flinux-ia32 cache-miss
2514 silly fetch manifest @esbuild/netbsd-x64@0.25.12
2515 silly packumentCache full:https://registry.npmjs.org/@esbuild%2fnetbsd-x64 cache-miss
2516 silly fetch manifest @esbuild/win32-ia32@0.25.12
2517 silly packumentCache full:https://registry.npmjs.org/@esbuild%2fwin32-ia32 cache-miss
2518 silly fetch manifest @esbuild/android-arm@0.25.12
2519 silly packumentCache full:https://registry.npmjs.org/@esbuild%2fandroid-arm cache-miss
2520 silly fetch manifest @esbuild/android-x64@0.25.12
2521 silly packumentCache full:https://registry.npmjs.org/@esbuild%2fandroid-x64 cache-miss
2522 http cache https://registry.npmjs.org/@esbuild%2fsunos-x64 15ms (cache hit)
2523 silly packumentCache full:https://registry.npmjs.org/@esbuild%2fsunos-x64 set size:199187 disposed:false
2524 silly fetch manifest @esbuild/freebsd-x64@0.25.12
2525 silly packumentCache full:https://registry.npmjs.org/@esbuild%2ffreebsd-x64 cache-miss
2526 http cache https://registry.npmjs.org/@esbuild%2fdarwin-x64 17ms (cache hit)
2527 silly packumentCache full:https://registry.npmjs.org/@esbuild%2fdarwin-x64 set size:199670 disposed:false
2528 silly fetch manifest @esbuild/linux-arm64@0.25.12
2529 silly packumentCache full:https://registry.npmjs.org/@esbuild%2flinux-arm64 cache-miss
2530 http cache https://registry.npmjs.org/@esbuild%2flinux-x64 22ms (cache hit)
2531 silly packumentCache full:https://registry.npmjs.org/@esbuild%2flinux-x64 set size:198942 disposed:false
2532 silly fetch manifest @esbuild/linux-ppc64@0.25.12
2533 silly packumentCache full:https://registry.npmjs.org/@esbuild%2flinux-ppc64 cache-miss
2534 http cache https://registry.npmjs.org/@esbuild%2faix-ppc64 25ms (cache hit)
2535 silly packumentCache full:https://registry.npmjs.org/@esbuild%2faix-ppc64 set size:67797 disposed:false
2536 silly fetch manifest @esbuild/linux-s390x@0.25.12
2537 silly packumentCache full:https://registry.npmjs.org/@esbuild%2flinux-s390x cache-miss
2538 http cache https://registry.npmjs.org/@esbuild%2flinux-arm 27ms (cache hit)
2539 silly packumentCache full:https://registry.npmjs.org/@esbuild%2flinux-arm set size:198596 disposed:false
2540 silly fetch manifest @esbuild/openbsd-x64@0.25.12
2541 silly packumentCache full:https://registry.npmjs.org/@esbuild%2fopenbsd-x64 cache-miss
2542 http cache https://registry.npmjs.org/@esbuild%2fwin32-x64 30ms (cache hit)
2543 silly packumentCache full:https://registry.npmjs.org/@esbuild%2fwin32-x64 set size:197540 disposed:false
2544 silly fetch manifest @esbuild/win32-arm64@0.25.12
2545 silly packumentCache full:https://registry.npmjs.org/@esbuild%2fwin32-arm64 cache-miss
2546 http cache https://registry.npmjs.org/@esbuild%2fnetbsd-x64 31ms (cache hit)
2547 silly packumentCache full:https://registry.npmjs.org/@esbuild%2fnetbsd-x64 set size:197314 disposed:false
2548 silly fetch manifest @esbuild/darwin-arm64@0.25.12
2549 silly packumentCache full:https://registry.npmjs.org/@esbuild%2fdarwin-arm64 cache-miss
2550 http cache https://registry.npmjs.org/@esbuild%2flinux-ia32 36ms (cache hit)
2551 silly packumentCache full:https://registry.npmjs.org/@esbuild%2flinux-ia32 set size:199625 disposed:false
2552 silly fetch manifest @esbuild/netbsd-arm64@0.25.12
2553 silly packumentCache full:https://registry.npmjs.org/@esbuild%2fnetbsd-arm64 cache-miss
2554 http cache https://registry.npmjs.org/@esbuild%2fandroid-x64 39ms (cache hit)
2555 silly packumentCache full:https://registry.npmjs.org/@esbuild%2fandroid-x64 set size:199017 disposed:false
2556 silly fetch manifest @esbuild/android-arm64@0.25.12
2557 silly packumentCache full:https://registry.npmjs.org/@esbuild%2fandroid-arm64 cache-miss
2558 http cache https://registry.npmjs.org/@esbuild%2fwin32-ia32 41ms (cache hit)
2559 silly packumentCache full:https://registry.npmjs.org/@esbuild%2fwin32-ia32 set size:199854 disposed:false
2560 silly fetch manifest @esbuild/freebsd-arm64@0.25.12
2561 silly packumentCache full:https://registry.npmjs.org/@esbuild%2ffreebsd-arm64 cache-miss
2562 http cache https://registry.npmjs.org/@esbuild%2fandroid-arm 44ms (cache hit)
2563 silly packumentCache full:https://registry.npmjs.org/@esbuild%2fandroid-arm set size:225217 disposed:false
2564 silly fetch manifest @esbuild/linux-loong64@0.25.12
2565 silly packumentCache full:https://registry.npmjs.org/@esbuild%2flinux-loong64 cache-miss
2566 http cache https://registry.npmjs.org/@esbuild%2ffreebsd-x64 43ms (cache hit)
2567 silly packumentCache full:https://registry.npmjs.org/@esbuild%2ffreebsd-x64 set size:200565 disposed:false
2568 silly fetch manifest @esbuild/linux-riscv64@0.25.12
2569 silly packumentCache full:https://registry.npmjs.org/@esbuild%2flinux-riscv64 cache-miss
2570 http cache https://registry.npmjs.org/@esbuild%2flinux-s390x 38ms (cache hit)
2571 silly packumentCache full:https://registry.npmjs.org/@esbuild%2flinux-s390x set size:202310 disposed:false
2572 silly fetch manifest @esbuild/openbsd-arm64@0.25.12
2573 silly packumentCache full:https://registry.npmjs.org/@esbuild%2fopenbsd-arm64 cache-miss
2574 http cache https://registry.npmjs.org/@esbuild%2flinux-ppc64 42ms (cache hit)
2575 silly packumentCache full:https://registry.npmjs.org/@esbuild%2flinux-ppc64 set size:202845 disposed:false
2576 silly fetch manifest @esbuild/linux-mips64el@0.25.12
2577 silly packumentCache full:https://registry.npmjs.org/@esbuild%2flinux-mips64el cache-miss
2578 http cache https://registry.npmjs.org/@esbuild%2flinux-arm64 49ms (cache hit)
2579 silly packumentCache full:https://registry.npmjs.org/@esbuild%2flinux-arm64 set size:200773 disposed:false
2580 silly fetch manifest @esbuild/openharmony-arm64@0.25.12
2581 silly packumentCache full:https://registry.npmjs.org/@esbuild%2fopenharmony-arm64 cache-miss
2582 http cache https://registry.npmjs.org/@esbuild%2fwin32-arm64 41ms (cache hit)
2583 silly packumentCache full:https://registry.npmjs.org/@esbuild%2fwin32-arm64 set size:201005 disposed:false
2584 silly fetch manifest nanoid@^3.3.18
2585 silly packumentCache full:https://registry.npmjs.org/nanoid cache-miss
2586 http cache https://registry.npmjs.org/@esbuild%2fopenbsd-x64 46ms (cache hit)
2587 silly packumentCache full:https://registry.npmjs.org/@esbuild%2fopenbsd-x64 set size:200576 disposed:false
2588 silly fetch manifest @rollup/rollup-darwin-x64@4.64.0
2589 silly packumentCache full:https://registry.npmjs.org/@rollup%2frollup-darwin-x64 cache-miss
2590 http cache https://registry.npmjs.org/@esbuild%2fnetbsd-arm64 41ms (cache hit)
2591 silly packumentCache full:https://registry.npmjs.org/@esbuild%2fnetbsd-arm64 set size:44308 disposed:false
2592 silly fetch manifest @rollup/rollup-freebsd-x64@4.64.0
2593 silly packumentCache full:https://registry.npmjs.org/@rollup%2frollup-freebsd-x64 cache-miss
2594 http cache https://registry.npmjs.org/@esbuild%2fdarwin-arm64 48ms (cache hit)
2595 silly packumentCache full:https://registry.npmjs.org/@esbuild%2fdarwin-arm64 set size:201471 disposed:false
2596 silly fetch manifest @rollup/rollup-openbsd-x64@4.64.0
2597 silly packumentCache full:https://registry.npmjs.org/@rollup%2frollup-openbsd-x64 cache-miss
2598 http cache https://registry.npmjs.org/@esbuild%2fandroid-arm64 46ms (cache hit)
2599 silly packumentCache full:https://registry.npmjs.org/@esbuild%2fandroid-arm64 set size:204216 disposed:false
2600 silly fetch manifest @napi-rs/lzma-linux-x64-gnu@1.5.1
2601 silly packumentCache full:https://registry.npmjs.org/@napi-rs%2flzma-linux-x64-gnu cache-miss
2602 http cache https://registry.npmjs.org/@esbuild%2flinux-loong64 46ms (cache hit)
2603 silly packumentCache full:https://registry.npmjs.org/@esbuild%2flinux-loong64 set size:255749 disposed:false
2604 silly fetch manifest @rollup/rollup-darwin-arm64@4.64.0
2605 silly packumentCache full:https://registry.npmjs.org/@rollup%2frollup-darwin-arm64 cache-miss
2606 http cache https://registry.npmjs.org/@esbuild%2ffreebsd-arm64 53ms (cache hit)
2607 silly packumentCache full:https://registry.npmjs.org/@esbuild%2ffreebsd-arm64 set size:202383 disposed:false
2608 silly fetch manifest @rollup/rollup-android-arm64@4.64.0
2609 silly packumentCache full:https://registry.npmjs.org/@rollup%2frollup-android-arm64 cache-miss
2610 http cache https://registry.npmjs.org/@esbuild%2fopenharmony-arm64 34ms (cache hit)
2611 silly packumentCache full:https://registry.npmjs.org/@esbuild%2fopenharmony-arm64 set size:33054 disposed:false
2612 silly fetch manifest @rollup/rollup-freebsd-arm64@4.64.0
2613 silly packumentCache full:https://registry.npmjs.org/@rollup%2frollup-freebsd-arm64 cache-miss
2614 http cache https://registry.npmjs.org/@esbuild%2fopenbsd-arm64 41ms (cache hit)
2615 silly packumentCache full:https://registry.npmjs.org/@esbuild%2fopenbsd-arm64 set size:49642 disposed:false
2616 silly fetch manifest @rollup/rollup-linux-x64-gnu@4.64.0
2617 silly packumentCache full:https://registry.npmjs.org/@rollup%2frollup-linux-x64-gnu cache-miss
2618 http cache https://registry.npmjs.org/@esbuild%2flinux-riscv64 46ms (cache hit)
2619 silly packumentCache full:https://registry.npmjs.org/@esbuild%2flinux-riscv64 set size:202512 disposed:false
2620 silly fetch manifest @rollup/rollup-win32-x64-gnu@4.64.0
2621 silly packumentCache full:https://registry.npmjs.org/@rollup%2frollup-win32-x64-gnu cache-miss
2622 http cache https://registry.npmjs.org/@esbuild%2flinux-mips64el 42ms (cache hit)
2623 silly packumentCache full:https://registry.npmjs.org/@esbuild%2flinux-mips64el set size:204633 disposed:false
2624 silly fetch manifest @rollup/rollup-linux-x64-musl@4.64.0
2625 silly packumentCache full:https://registry.npmjs.org/@rollup%2frollup-linux-x64-musl cache-miss
2626 http fetch GET 200 https://registry.npmjs.org/@rollup%2frollup-openbsd-x64 49ms (cache miss)
2627 silly packumentCache full:https://registry.npmjs.org/@rollup%2frollup-openbsd-x64 set size:undefined disposed:false
2628 silly fetch manifest @rollup/rollup-win32-x64-msvc@4.64.0
2629 silly packumentCache full:https://registry.npmjs.org/@rollup%2frollup-win32-x64-msvc cache-miss
2630 http fetch GET 200 https://registry.npmjs.org/nanoid 65ms (cache miss)
2631 silly packumentCache full:https://registry.npmjs.org/nanoid set size:undefined disposed:false
2632 silly fetch manifest @rollup/rollup-linux-arm64-gnu@4.64.0
2633 silly packumentCache full:https://registry.npmjs.org/@rollup%2frollup-linux-arm64-gnu cache-miss
2634 http fetch GET 200 https://registry.npmjs.org/@rollup%2frollup-darwin-x64 78ms (cache miss)
2635 silly packumentCache full:https://registry.npmjs.org/@rollup%2frollup-darwin-x64 set size:undefined disposed:false
2636 silly fetch manifest @rollup/rollup-linux-ppc64-gnu@4.64.0
2637 silly packumentCache full:https://registry.npmjs.org/@rollup%2frollup-linux-ppc64-gnu cache-miss
2638 http fetch GET 200 https://registry.npmjs.org/@napi-rs%2flzma-linux-x64-gnu 71ms (cache miss)
2639 silly packumentCache full:https://registry.npmjs.org/@napi-rs%2flzma-linux-x64-gnu set size:undefined disposed:false
2640 silly fetch manifest @rollup/rollup-linux-s390x-gnu@4.64.0
2641 silly packumentCache full:https://registry.npmjs.org/@rollup%2frollup-linux-s390x-gnu cache-miss
2642 http fetch GET 200 https://registry.npmjs.org/@rollup%2frollup-freebsd-x64 86ms (cache miss)
2643 silly packumentCache full:https://registry.npmjs.org/@rollup%2frollup-freebsd-x64 set size:undefined disposed:false
2644 silly fetch manifest @rollup/rollup-win32-ia32-msvc@4.64.0
2645 silly packumentCache full:https://registry.npmjs.org/@rollup%2frollup-win32-ia32-msvc cache-miss
2646 http fetch GET 200 https://registry.npmjs.org/@rollup%2frollup-win32-x64-gnu 71ms (cache miss)
2647 silly packumentCache full:https://registry.npmjs.org/@rollup%2frollup-win32-x64-gnu set size:undefined disposed:false
2648 silly fetch manifest @rollup/rollup-android-arm-eabi@4.64.0
2649 silly packumentCache full:https://registry.npmjs.org/@rollup%2frollup-android-arm-eabi cache-miss
2650 http fetch GET 200 https://registry.npmjs.org/@rollup%2frollup-darwin-arm64 90ms (cache miss)
2651 silly packumentCache full:https://registry.npmjs.org/@rollup%2frollup-darwin-arm64 set size:undefined disposed:false
2652 silly fetch manifest @rollup/rollup-linux-arm64-musl@4.64.0
2653 silly packumentCache full:https://registry.npmjs.org/@rollup%2frollup-linux-arm64-musl cache-miss
2654 http fetch GET 200 https://registry.npmjs.org/@rollup%2frollup-android-arm64 92ms (cache miss)
2655 silly packumentCache full:https://registry.npmjs.org/@rollup%2frollup-android-arm64 set size:undefined disposed:false
2656 silly fetch manifest @rollup/rollup-linux-ppc64-musl@4.64.0
2657 silly packumentCache full:https://registry.npmjs.org/@rollup%2frollup-linux-ppc64-musl cache-miss
2658 http fetch GET 200 https://registry.npmjs.org/@rollup%2frollup-freebsd-arm64 90ms (cache miss)
2659 silly packumentCache full:https://registry.npmjs.org/@rollup%2frollup-freebsd-arm64 set size:undefined disposed:false
2660 silly fetch manifest @rollup/rollup-win32-arm64-msvc@4.64.0
2661 silly packumentCache full:https://registry.npmjs.org/@rollup%2frollup-win32-arm64-msvc cache-miss
2662 http fetch GET 200 https://registry.npmjs.org/@rollup%2frollup-linux-x64-gnu 97ms (cache miss)
2663 silly packumentCache full:https://registry.npmjs.org/@rollup%2frollup-linux-x64-gnu set size:undefined disposed:false
2664 silly fetch manifest @rollup/rollup-linux-loong64-gnu@4.64.0
2665 silly packumentCache full:https://registry.npmjs.org/@rollup%2frollup-linux-loong64-gnu cache-miss
2666 http fetch GET 200 https://registry.npmjs.org/@rollup%2frollup-linux-x64-musl 104ms (cache miss)
2667 silly packumentCache full:https://registry.npmjs.org/@rollup%2frollup-linux-x64-musl set size:undefined disposed:false
2668 silly fetch manifest @rollup/rollup-linux-riscv64-gnu@4.64.0
2669 silly packumentCache full:https://registry.npmjs.org/@rollup%2frollup-linux-riscv64-gnu cache-miss
2670 http fetch GET 200 https://registry.npmjs.org/@rollup%2frollup-win32-x64-msvc 95ms (cache miss)
2671 silly packumentCache full:https://registry.npmjs.org/@rollup%2frollup-win32-x64-msvc set size:undefined disposed:false
2672 silly fetch manifest @rollup/rollup-openharmony-arm64@4.64.0
2673 silly packumentCache full:https://registry.npmjs.org/@rollup%2frollup-openharmony-arm64 cache-miss
2674 http fetch GET 200 https://registry.npmjs.org/@rollup%2frollup-linux-ppc64-gnu 78ms (cache miss)
2675 silly packumentCache full:https://registry.npmjs.org/@rollup%2frollup-linux-ppc64-gnu set size:undefined disposed:false
2676 silly fetch manifest @rollup/rollup-linux-loong64-musl@4.64.0
2677 silly packumentCache full:https://registry.npmjs.org/@rollup%2frollup-linux-loong64-musl cache-miss
2678 http fetch GET 200 https://registry.npmjs.org/@rollup%2frollup-linux-s390x-gnu 85ms (cache miss)
2679 silly packumentCache full:https://registry.npmjs.org/@rollup%2frollup-linux-s390x-gnu set size:undefined disposed:false
2680 silly fetch manifest @rollup/rollup-linux-riscv64-musl@4.64.0
2681 silly packumentCache full:https://registry.npmjs.org/@rollup%2frollup-linux-riscv64-musl cache-miss
2682 http fetch GET 200 https://registry.npmjs.org/@rollup%2frollup-linux-ppc64-musl 56ms (cache miss)
2683 silly packumentCache full:https://registry.npmjs.org/@rollup%2frollup-linux-ppc64-musl set size:undefined disposed:false
2684 silly fetch manifest @rollup/rollup-linux-arm-gnueabihf@4.64.0
2685 silly packumentCache full:https://registry.npmjs.org/@rollup%2frollup-linux-arm-gnueabihf cache-miss
2686 http fetch GET 200 https://registry.npmjs.org/@rollup%2frollup-linux-arm64-gnu 113ms (cache miss)
2687 silly packumentCache full:https://registry.npmjs.org/@rollup%2frollup-linux-arm64-gnu set size:undefined disposed:false
2688 silly fetch manifest @rollup/rollup-linux-arm-musleabihf@4.64.0
2689 silly packumentCache full:https://registry.npmjs.org/@rollup%2frollup-linux-arm-musleabihf cache-miss
2690 http fetch GET 200 https://registry.npmjs.org/@rollup%2frollup-win32-ia32-msvc 92ms (cache miss)
2691 silly packumentCache full:https://registry.npmjs.org/@rollup%2frollup-win32-ia32-msvc set size:undefined disposed:false
2692 http fetch GET 200 https://registry.npmjs.org/@rollup%2frollup-linux-loong64-gnu 57ms (cache miss)
2693 silly packumentCache full:https://registry.npmjs.org/@rollup%2frollup-linux-loong64-gnu set size:undefined disposed:false
2694 http fetch GET 200 https://registry.npmjs.org/@rollup%2frollup-linux-arm64-musl 81ms (cache miss)
2695 silly packumentCache full:https://registry.npmjs.org/@rollup%2frollup-linux-arm64-musl set size:undefined disposed:false
2696 http fetch GET 200 https://registry.npmjs.org/@rollup%2frollup-win32-arm64-msvc 78ms (cache miss)
2697 silly packumentCache full:https://registry.npmjs.org/@rollup%2frollup-win32-arm64-msvc set size:undefined disposed:false
2698 http fetch GET 200 https://registry.npmjs.org/@rollup%2frollup-linux-loong64-musl 65ms (cache miss)
2699 silly packumentCache full:https://registry.npmjs.org/@rollup%2frollup-linux-loong64-musl set size:undefined disposed:false
2700 http fetch GET 200 https://registry.npmjs.org/@rollup%2frollup-openharmony-arm64 73ms (cache miss)
2701 silly packumentCache full:https://registry.npmjs.org/@rollup%2frollup-openharmony-arm64 set size:undefined disposed:false
2702 http fetch GET 200 https://registry.npmjs.org/@rollup%2frollup-linux-riscv64-gnu 91ms (cache miss)
2703 silly packumentCache full:https://registry.npmjs.org/@rollup%2frollup-linux-riscv64-gnu set size:undefined disposed:false
2704 http fetch GET 200 https://registry.npmjs.org/@rollup%2frollup-linux-riscv64-musl 68ms (cache miss)
2705 silly packumentCache full:https://registry.npmjs.org/@rollup%2frollup-linux-riscv64-musl set size:undefined disposed:false
2706 http fetch GET 200 https://registry.npmjs.org/@rollup%2frollup-android-arm-eabi 140ms (cache miss)
2707 silly packumentCache full:https://registry.npmjs.org/@rollup%2frollup-android-arm-eabi set size:undefined disposed:false
2708 http fetch GET 200 https://registry.npmjs.org/@rollup%2frollup-linux-arm-musleabihf 69ms (cache miss)
2709 silly packumentCache full:https://registry.npmjs.org/@rollup%2frollup-linux-arm-musleabihf set size:undefined disposed:false
2710 http fetch GET 200 https://registry.npmjs.org/@rollup%2frollup-linux-arm-gnueabihf 94ms (cache miss)
2711 silly packumentCache full:https://registry.npmjs.org/@rollup%2frollup-linux-arm-gnueabihf set size:undefined disposed:false
2712 silly placeDep ROOT nanoid@3.3.19 OK for: postcss@8.5.28 want: ^3.3.18
2713 silly placeDep ROOT @napi-rs/lzma-linux-x64-gnu@1.5.1 OK for: rollup@4.64.0 want: 1.5.1
2714 silly placeDep ROOT @rollup/rollup-android-arm-eabi@4.64.0 OK for: rollup@4.64.0 want: 4.64.0
2715 silly placeDep ROOT @rollup/rollup-android-arm64@4.64.0 OK for: rollup@4.64.0 want: 4.64.0
2716 silly placeDep ROOT @rollup/rollup-darwin-arm64@4.64.0 OK for: rollup@4.64.0 want: 4.64.0
2717 silly placeDep ROOT @rollup/rollup-darwin-x64@4.64.0 OK for: rollup@4.64.0 want: 4.64.0
2718 silly placeDep ROOT @rollup/rollup-freebsd-arm64@4.64.0 OK for: rollup@4.64.0 want: 4.64.0
2719 silly placeDep ROOT @rollup/rollup-freebsd-x64@4.64.0 OK for: rollup@4.64.0 want: 4.64.0
2720 silly placeDep ROOT @rollup/rollup-linux-arm-gnueabihf@4.64.0 OK for: rollup@4.64.0 want: 4.64.0
2721 silly placeDep ROOT @rollup/rollup-linux-arm-musleabihf@4.64.0 OK for: rollup@4.64.0 want: 4.64.0
2722 silly placeDep ROOT @rollup/rollup-linux-arm64-gnu@4.64.0 OK for: rollup@4.64.0 want: 4.64.0
2723 silly placeDep ROOT @rollup/rollup-linux-arm64-musl@4.64.0 OK for: rollup@4.64.0 want: 4.64.0
2724 silly placeDep ROOT @rollup/rollup-linux-loong64-gnu@4.64.0 OK for: rollup@4.64.0 want: 4.64.0
2725 silly placeDep ROOT @rollup/rollup-linux-loong64-musl@4.64.0 OK for: rollup@4.64.0 want: 4.64.0
2726 silly placeDep ROOT @rollup/rollup-linux-ppc64-gnu@4.64.0 OK for: rollup@4.64.0 want: 4.64.0
2727 silly placeDep ROOT @rollup/rollup-linux-ppc64-musl@4.64.0 OK for: rollup@4.64.0 want: 4.64.0
2728 silly placeDep ROOT @rollup/rollup-linux-riscv64-gnu@4.64.0 OK for: rollup@4.64.0 want: 4.64.0
2729 silly placeDep ROOT @rollup/rollup-linux-riscv64-musl@4.64.0 OK for: rollup@4.64.0 want: 4.64.0
2730 silly placeDep ROOT @rollup/rollup-linux-s390x-gnu@4.64.0 OK for: rollup@4.64.0 want: 4.64.0
2731 silly placeDep ROOT @rollup/rollup-linux-x64-gnu@4.64.0 OK for: rollup@4.64.0 want: 4.64.0
2732 silly placeDep ROOT @rollup/rollup-linux-x64-musl@4.64.0 OK for: rollup@4.64.0 want: 4.64.0
2733 silly placeDep ROOT @rollup/rollup-openbsd-x64@4.64.0 OK for: rollup@4.64.0 want: 4.64.0
2734 silly placeDep ROOT @rollup/rollup-openharmony-arm64@4.64.0 OK for: rollup@4.64.0 want: 4.64.0
2735 silly placeDep ROOT @rollup/rollup-win32-arm64-msvc@4.64.0 OK for: rollup@4.64.0 want: 4.64.0
2736 silly placeDep ROOT @rollup/rollup-win32-ia32-msvc@4.64.0 OK for: rollup@4.64.0 want: 4.64.0
2737 silly placeDep ROOT @rollup/rollup-win32-x64-gnu@4.64.0 OK for: rollup@4.64.0 want: 4.64.0
2738 silly placeDep ROOT @rollup/rollup-win32-x64-msvc@4.64.0 OK for: rollup@4.64.0 want: 4.64.0
2739 silly placeDep ROOT ansi-styles@6.2.3 OK for: wrap-ansi@9.0.2 want: ^6.2.1
2740 silly placeDep ROOT yoctocolors@2.2.0 OK for: yocto-spinner@0.2.3 want: ^2.1.1
2741 silly placeDep node_modules/ansi-align emoji-regex@8.0.0 OK for: string-width@4.2.3 want: ^8.0.0
2742 silly placeDep ROOT is-fullwidth-code-point@3.0.0 OK for: string-width@4.2.3 want: ^3.0.0
2743 silly placeDep node_modules/ansi-align strip-ansi@6.0.1 OK for: string-width@4.2.3 want: ^6.0.1
2744 silly fetch manifest ansi-regex@^5.0.1
2745 silly packumentCache full:https://registry.npmjs.org/ansi-regex cache-miss
2746 http cache https://registry.npmjs.org/ansi-regex 9ms (cache hit)
2747 silly packumentCache full:https://registry.npmjs.org/ansi-regex set size:50305 disposed:false
2748 silly placeDep node_modules/ansi-align ansi-regex@5.0.1 OK for: strip-ansi@6.0.1 want: ^5.0.1
2749 silly placeDep node_modules/csso mdn-data@2.0.28 OK for: css-tree@2.2.1 want: 2.0.28
2750 silly placeDep node_modules/vite @esbuild/aix-ppc64@0.25.12 OK for: esbuild@0.25.12 want: 0.25.12
2751 silly placeDep node_modules/vite @esbuild/android-arm@0.25.12 OK for: esbuild@0.25.12 want: 0.25.12
2752 silly placeDep node_modules/vite @esbuild/android-arm64@0.25.12 OK for: esbuild@0.25.12 want: 0.25.12
2753 silly placeDep node_modules/vite @esbuild/android-x64@0.25.12 OK for: esbuild@0.25.12 want: 0.25.12
2754 silly placeDep node_modules/vite @esbuild/darwin-arm64@0.25.12 OK for: esbuild@0.25.12 want: 0.25.12
2755 silly placeDep node_modules/vite @esbuild/darwin-x64@0.25.12 OK for: esbuild@0.25.12 want: 0.25.12
2756 silly placeDep node_modules/vite @esbuild/freebsd-arm64@0.25.12 OK for: esbuild@0.25.12 want: 0.25.12
2757 silly placeDep node_modules/vite @esbuild/freebsd-x64@0.25.12 OK for: esbuild@0.25.12 want: 0.25.12
2758 silly placeDep node_modules/vite @esbuild/linux-arm@0.25.12 OK for: esbuild@0.25.12 want: 0.25.12
2759 silly placeDep node_modules/vite @esbuild/linux-arm64@0.25.12 OK for: esbuild@0.25.12 want: 0.25.12
2760 silly placeDep node_modules/vite @esbuild/linux-ia32@0.25.12 OK for: esbuild@0.25.12 want: 0.25.12
2761 silly placeDep node_modules/vite @esbuild/linux-loong64@0.25.12 OK for: esbuild@0.25.12 want: 0.25.12
2762 silly placeDep node_modules/vite @esbuild/linux-mips64el@0.25.12 OK for: esbuild@0.25.12 want: 0.25.12
2763 silly placeDep node_modules/vite @esbuild/linux-ppc64@0.25.12 OK for: esbuild@0.25.12 want: 0.25.12
2764 silly placeDep node_modules/vite @esbuild/linux-riscv64@0.25.12 OK for: esbuild@0.25.12 want: 0.25.12
2765 silly placeDep node_modules/vite @esbuild/linux-s390x@0.25.12 OK for: esbuild@0.25.12 want: 0.25.12
2766 silly placeDep node_modules/vite @esbuild/linux-x64@0.25.12 OK for: esbuild@0.25.12 want: 0.25.12
2767 silly placeDep node_modules/vite @esbuild/netbsd-arm64@0.25.12 OK for: esbuild@0.25.12 want: 0.25.12
2768 silly placeDep node_modules/vite @esbuild/netbsd-x64@0.25.12 OK for: esbuild@0.25.12 want: 0.25.12
2769 silly placeDep node_modules/vite @esbuild/openbsd-arm64@0.25.12 OK for: esbuild@0.25.12 want: 0.25.12
2770 silly placeDep node_modules/vite @esbuild/openbsd-x64@0.25.12 OK for: esbuild@0.25.12 want: 0.25.12
2771 silly placeDep node_modules/vite @esbuild/openharmony-arm64@0.25.12 OK for: esbuild@0.25.12 want: 0.25.12
2772 silly placeDep node_modules/vite @esbuild/sunos-x64@0.25.12 OK for: esbuild@0.25.12 want: 0.25.12
2773 silly placeDep node_modules/vite @esbuild/win32-arm64@0.25.12 OK for: esbuild@0.25.12 want: 0.25.12
2774 silly placeDep node_modules/vite @esbuild/win32-ia32@0.25.12 OK for: esbuild@0.25.12 want: 0.25.12
2775 silly placeDep node_modules/vite @esbuild/win32-x64@0.25.12 OK for: esbuild@0.25.12 want: 0.25.12
2776 silly reify moves {}
2777 verbose reify failed optional dependency C:\Users\reymi\Desktop\rockgames\node_modules\@tailwindcss\oxide-wasm32-wasi
2778 silly reify mark deleted [
2778 silly reify   'C:\\Users\\reymi\\Desktop\\rockgames\\node_modules\\@tailwindcss\\oxide-wasm32-wasi'
2778 silly reify ]
2779 silly audit bulk request {
2779 silly audit   '@astrojs/react': [ '4.4.2' ],
2779 silly audit   react: [ '19.3.0' ],
2779 silly audit   'react-dom': [ '19.3.0' ],
2779 silly audit   '@types/react': [ '19.3.0' ],
2779 silly audit   '@types/react-dom': [ '19.3.0' ],
2779 silly audit   '@tailwindcss/vite': [ '4.3.3' ],
2779 silly audit   astro: [ '5.18.2' ],
2779 silly audit   gsap: [ '3.15.0' ],
2779 silly audit   tailwindcss: [ '4.3.3' ],
2779 silly audit   typescript: [ '5.9.3' ],
2779 silly audit   '@vitejs/plugin-react': [ '4.7.0' ],
2779 silly audit   vite: [ '6.4.3' ],
2779 silly audit   ultrahtml: [ '1.7.0' ],
2779 silly audit   '@tailwindcss/node': [ '4.3.3' ],
2779 silly audit   '@tailwindcss/oxide': [ '4.3.3' ],
2779 silly audit   '@jridgewell/remapping': [ '2.3.5' ],
2779 silly audit   'enhanced-resolve': [ '5.26.0' ],
2779 silly audit   jiti: [ '2.7.0' ],
2779 silly audit   lightningcss: [ '1.32.0' ],
2779 silly audit   'magic-string': [ '0.30.21' ],
2779 silly audit   'source-map-js': [ '1.2.2' ],
2779 silly audit   '@jridgewell/gen-mapping': [ '0.3.13' ],
2779 silly audit   '@jridgewell/trace-mapping': [ '0.3.31' ],
2779 silly audit   '@jridgewell/sourcemap-codec': [ '1.6.0' ],
2779 silly audit   '@jridgewell/resolve-uri': [ '3.1.2' ],
2779 silly audit   '@tailwindcss/oxide-android-arm64': [ '4.3.3' ],
2779 silly audit   '@tailwindcss/oxide-darwin-arm64': [ '4.3.3' ],
2779 silly audit   '@tailwindcss/oxide-darwin-x64': [ '4.3.3' ],
2779 silly audit   '@tailwindcss/oxide-freebsd-x64': [ '4.3.3' ],
2779 silly audit   '@tailwindcss/oxide-linux-arm-gnueabihf': [ '4.3.3' ],
2779 silly audit   '@tailwindcss/oxide-linux-arm64-gnu': [ '4.3.3' ],
2779 silly audit   '@tailwindcss/oxide-linux-arm64-musl': [ '4.3.3' ],
2779 silly audit   '@tailwindcss/oxide-linux-x64-gnu': [ '4.3.3' ],
2779 silly audit   '@tailwindcss/oxide-linux-x64-musl': [ '4.3.3' ],
2779 silly audit   '@tailwindcss/oxide-win32-arm64-msvc': [ '4.3.3' ],
2779 silly audit   '@tailwindcss/oxide-win32-x64-msvc': [ '4.3.3' ],
2779 silly audit   csstype: [ '3.2.3' ],
2779 silly audit   '@babel/core': [ '7.29.7' ],
2779 silly audit   '@babel/plugin-transform-react-jsx-self': [ '7.29.7' ],
2779 silly audit   '@babel/plugin-transform-react-jsx-source': [ '7.29.7' ],
2779 silly audit   '@rolldown/pluginutils': [ '1.0.0-beta.27' ],
2779 silly audit   '@types/babel__core': [ '7.20.5' ],
2779 silly audit   'react-refresh': [ '0.17.0' ],
2779 silly audit   '@babel/code-frame': [ '7.29.7' ],
2779 silly audit   '@babel/generator': [ '7.29.8' ],
2779 silly audit   '@babel/helper-compilation-targets': [ '7.29.7' ],
2779 silly audit   '@babel/helper-module-transforms': [ '7.29.7' ],
2779 silly audit   '@babel/helpers': [ '7.29.7' ],
2779 silly audit   '@babel/parser': [ '7.29.9' ],
2779 silly audit   '@babel/template': [ '7.29.7' ],
2779 silly audit   '@babel/traverse': [ '7.29.8' ],
2779 silly audit   '@babel/types': [ '7.29.8' ],
2779 silly audit   'convert-source-map': [ '2.0.0' ],
2779 silly audit   debug: [ '4.4.3' ],
2779 silly audit   gensync: [ '1.0.0-beta.2' ],
2779 silly audit   json5: [ '2.2.3' ],
2779 silly audit   semver: [ '6.3.1', '7.8.5' ],
2779 silly audit   '@babel/helper-validator-identifier': [ '7.29.7' ],
2779 silly audit   'js-tokens': [ '4.0.0' ],
2779 silly audit   picocolors: [ '1.1.1' ],
2779 silly audit   jsesc: [ '3.1.0' ],
2779 silly audit   '@babel/compat-data': [ '7.29.7' ],
2779 silly audit   '@babel/helper-validator-option': [ '7.29.7' ],
2779 silly audit   browserslist: [ '4.29.3' ],
2779 silly audit   'lru-cache': [ '5.1.1', '11.5.3' ],
2779 silly audit   '@babel/helper-module-imports': [ '7.29.7' ],
2779 silly audit   '@babel/helper-plugin-utils': [ '7.29.7' ],
2779 silly audit   '@babel/helper-globals': [ '7.29.7' ],
2779 silly audit   '@babel/helper-string-parser': [ '7.29.7' ],
2779 silly audit   '@types/babel__generator': [ '7.27.0' ],
2779 silly audit   '@types/babel__template': [ '7.4.4' ],
2779 silly audit   '@types/babel__traverse': [ '7.28.0' ],
2779 silly audit   '@astrojs/compiler': [ '2.13.1' ],
2779 silly audit   '@astrojs/internal-helpers': [ '0.7.6' ],
2779 silly audit   '@astrojs/markdown-remark': [ '6.3.11' ],
2779 silly audit   '@astrojs/telemetry': [ '3.3.0' ],
2779 silly audit   '@capsizecss/unpack': [ '4.0.1' ],
2779 silly audit   '@oslojs/encoding': [ '1.1.0' ],
2779 silly audit   '@rollup/pluginutils': [ '5.4.0' ],
2779 silly audit   acorn: [ '8.18.0' ],
2779 silly audit   'aria-query': [ '5.3.2' ],
2779 silly audit   'axobject-query': [ '4.1.0' ],
2779 silly audit   boxen: [ '8.0.1' ],
2779 silly audit   'ci-info': [ '4.4.0' ],
2779 silly audit   clsx: [ '2.1.1' ],
2779 silly audit   'common-ancestor-path': [ '1.0.1' ],
2779 silly audit   cookie: [ '1.1.1' ],
2779 silly audit   cssesc: [ '3.0.0' ],
2779 silly audit   'deterministic-object-hash': [ '2.0.2' ],
2779 silly audit   devalue: [ '5.9.4' ],
2779 silly audit   diff: [ '8.0.4' ],
2779 silly audit   dlv: [ '1.1.3' ],
2779 silly audit   dset: [ '3.1.4' ],
2779 silly audit   'es-module-lexer': [ '1.7.0' ],
2779 silly audit   esbuild: [ '0.27.7', '0.25.12' ],
2779 silly audit   'estree-walker': [ '3.0.3', '2.0.2' ],
2779 silly audit   flattie: [ '1.1.1' ],
2779 silly audit   fontace: [ '0.4.1' ],
2779 silly audit   'github-slugger': [ '2.0.0' ],
2779 silly audit   'html-escaper': [ '3.0.3' ],
2779 silly audit   'http-cache-semantics': [ '4.2.0' ],
2779 silly audit   'import-meta-resolve': [ '4.2.0' ],
2779 silly audit   'js-yaml': [ '4.3.2' ],
2779 silly audit   magicast: [ '0.5.5' ],
2779 silly audit   mrmime: [ '2.0.1' ],
2779 silly audit   neotraverse: [ '0.6.18' ],
2779 silly audit   'p-limit': [ '6.2.0' ],
2779 silly audit   'p-queue': [ '8.1.1' ],
2779 silly audit   'package-manager-detector': [ '1.8.0' ],
2779 silly audit   piccolore: [ '0.1.3' ],
2779 silly audit   picomatch: [ '4.0.7', '2.3.2' ],
2779 silly audit   prompts: [ '2.4.2' ],
2779 silly audit   rehype: [ '13.0.2' ],
2779 silly audit   sharp: [ '0.34.5' ],
2779 silly audit   shiki: [ '3.23.0' ],
2779 silly audit   'smol-toml': [ '1.9.0' ],
2779 silly audit   svgo: [ '4.1.0' ],
2779 silly audit   tinyexec: [ '1.3.1' ],
2779 silly audit   tinyglobby: [ '0.2.17' ],
2779 silly audit   tsconfck: [ '3.1.6' ],
2779 silly audit   unifont: [ '0.7.5' ],
2779 silly audit   'unist-util-visit': [ '5.1.0' ],
2779 silly audit   unstorage: [ '1.17.5' ],
2779 silly audit   vfile: [ '6.0.3' ],
2779 silly audit   vitefu: [ '1.1.3' ],
2779 silly audit   'xxhash-wasm': [ '1.1.0' ],
2779 silly audit   'yargs-parser': [ '21.1.1' ],
2779 silly audit   'yocto-spinner': [ '0.2.3' ],
2779 silly audit   zod: [ '3.25.76' ],
2779 silly audit   'zod-to-json-schema': [ '3.25.2' ],
2779 silly audit   'zod-to-ts': [ '1.2.0' ],
2779 silly audit   '@astrojs/prism': [ '3.3.0' ],
2779 silly audit   'hast-util-from-html': [ '2.0.3' ],
2779 silly audit   'hast-util-to-text': [ '4.0.2' ],
2779 silly audit   'mdast-util-definitions': [ '6.0.0' ],
2779 silly audit   'rehype-raw': [ '7.0.0' ],
2779 silly audit   'rehype-stringify': [ '10.0.1' ],
2779 silly audit   'remark-gfm': [ '4.0.1' ],
2779 silly audit   'remark-parse': [ '11.0.0' ],
2779 silly audit   'remark-rehype': [ '11.1.2' ],
2779 silly audit   'remark-smartypants': [ '3.0.3' ],
2779 silly audit   unified: [ '11.0.5' ],
2779 silly audit   'unist-util-remove-position': [ '5.0.0' ],
2779 silly audit   'unist-util-visit-parents': [ '6.0.2' ],
2779 silly audit   prismjs: [ '1.30.0' ],
2779 silly audit   'is-docker': [ '3.0.0' ],
2779 silly audit   'is-wsl': [ '3.1.1' ],
2779 silly audit   'which-pm-runs': [ '1.1.0' ],
2779 silly audit   fontkitten: [ '1.0.3' ],
2779 silly audit   '@types/estree': [ '1.0.9' ],
2779 silly audit   'ansi-align': [ '3.0.1' ],
2779 silly audit   camelcase: [ '8.0.0' ],
2779 silly audit   chalk: [ '5.6.2' ],
2779 silly audit   'cli-boxes': [ '3.0.0' ],
2779 silly audit   'string-width': [ '7.2.0', '4.2.3' ],
2779 silly audit   'type-fest': [ '4.41.0' ],
2779 silly audit   'widest-line': [ '5.0.0' ],
2779 silly audit   'wrap-ansi': [ '9.0.2' ],
2779 silly audit   'baseline-browser-mapping': [ '2.11.27' ],
2779 silly audit   'caniuse-lite': [ '1.0.30001814' ],
2779 silly audit   'electron-to-chromium': [ '1.5.444' ],
2779 silly audit   'node-releases': [ '2.0.57' ],
2779 silly audit   'update-browserslist-db': [ '1.3.3' ],
2779 silly audit   ms: [ '2.1.3' ],
2779 silly audit   'base-64': [ '1.0.0' ],
2779 silly audit   'graceful-fs': [ '4.2.11' ],
2779 silly audit   tapable: [ '2.3.3' ],
2779 silly audit   '@esbuild/aix-ppc64': [ '0.27.7', '0.25.12' ],
2779 silly audit   '@esbuild/android-arm': [ '0.27.7', '0.25.12' ],
2779 silly audit   '@esbuild/android-arm64': [ '0.27.7', '0.25.12' ],
2779 silly audit   '@esbuild/android-x64': [ '0.27.7', '0.25.12' ],
2779 silly audit   '@esbuild/darwin-arm64': [ '0.27.7', '0.25.12' ],
2779 silly audit   '@esbuild/darwin-x64': [ '0.27.7', '0.25.12' ],
2779 silly audit   '@esbuild/freebsd-arm64': [ '0.27.7', '0.25.12' ],
2779 silly audit   '@esbuild/freebsd-x64': [ '0.27.7', '0.25.12' ],
2779 silly audit   '@esbuild/linux-arm': [ '0.27.7', '0.25.12' ],
2779 silly audit   '@esbuild/linux-arm64': [ '0.27.7', '0.25.12' ],
2779 silly audit   '@esbuild/linux-ia32': [ '0.27.7', '0.25.12' ],
2779 silly audit   '@esbuild/linux-loong64': [ '0.27.7', '0.25.12' ],
2779 silly audit   '@esbuild/linux-mips64el': [ '0.27.7', '0.25.12' ],
2779 silly audit   '@esbuild/linux-ppc64': [ '0.27.7', '0.25.12' ],
2779 silly audit   '@esbuild/linux-riscv64': [ '0.27.7', '0.25.12' ],
2779 silly audit   '@esbuild/linux-s390x': [ '0.27.7', '0.25.12' ],
2779 silly audit   '@esbuild/linux-x64': [ '0.27.7', '0.25.12' ],
2779 silly audit   '@esbuild/netbsd-arm64': [ '0.27.7', '0.25.12' ],
2779 silly audit   '@esbuild/netbsd-x64': [ '0.27.7', '0.25.12' ],
2779 silly audit   '@esbuild/openbsd-arm64': [ '0.27.7', '0.25.12' ],
2779 silly audit   '@esbuild/openbsd-x64': [ '0.27.7', '0.25.12' ],
2779 silly audit   '@esbuild/openharmony-arm64': [ '0.27.7', '0.25.12' ],
2779 silly audit   '@esbuild/sunos-x64': [ '0.27.7', '0.25.12' ],
2779 silly audit   '@esbuild/win32-arm64': [ '0.27.7', '0.25.12' ],
2779 silly audit   '@esbuild/win32-ia32': [ '0.27.7', '0.25.12' ],
2779 silly audit   '@esbuild/win32-x64': [ '0.27.7', '0.25.12' ],
2779 silly audit   'tiny-inflate': [ '1.0.3' ],
2779 silly audit   '@types/hast': [ '3.0.5' ],
2779 silly audit   devlop: [ '1.1.0' ],
2779 silly audit   'hast-util-from-parse5': [ '8.0.3' ],
2779 silly audit   parse5: [ '7.3.0' ],
2779 silly audit   'vfile-message': [ '4.0.3' ],
2779 silly audit   '@types/unist': [ '3.0.3' ],
2779 silly audit   dequal: [ '2.0.3' ],
2779 silly audit   hastscript: [ '9.0.1' ],
2779 silly audit   'property-information': [ '7.2.0' ],
2779 silly audit   'vfile-location': [ '5.0.3' ],
2779 silly audit   'web-namespaces': [ '2.0.1' ],
2779 silly audit   'hast-util-is-element': [ '3.0.0' ],
2779 silly audit   'unist-util-find-after': [ '5.0.0' ],
2779 silly audit   'comma-separated-tokens': [ '2.0.3' ],
2779 silly audit   'hast-util-parse-selector': [ '4.0.0' ],
2779 silly audit   'space-separated-tokens': [ '2.0.2' ],
2779 silly audit   'is-inside-container': [ '1.0.0' ],
2779 silly audit   argparse: [ '2.0.1' ],
2779 silly audit   'detect-libc': [ '2.1.2' ],
2779 silly audit   'lightningcss-android-arm64': [ '1.32.0' ],
2779 silly audit   'lightningcss-darwin-arm64': [ '1.32.0' ],
2779 silly audit   'lightningcss-darwin-x64': [ '1.32.0' ],
2779 silly audit   'lightningcss-freebsd-x64': [ '1.32.0' ],
2779 silly audit   'lightningcss-linux-arm-gnueabihf': [ '1.32.0' ],
2779 silly audit   'lightningcss-linux-arm64-gnu': [ '1.32.0' ],
2779 silly audit   'lightningcss-linux-arm64-musl': [ '1.32.0' ],
2779 silly audit   'lightningcss-linux-x64-gnu': [ '1.32.0' ],
2779 silly audit   'lightningcss-linux-x64-musl': [ '1.32.0' ],
2779 silly audit   'lightningcss-win32-arm64-msvc': [ '1.32.0' ],
2779 silly audit   'lightningcss-win32-x64-msvc': [ '1.32.0' ],
2779 silly audit   yallist: [ '3.1.1' ],
2779 silly audit   '@types/mdast': [ '4.0.4' ],
2779 silly audit   'yocto-queue': [ '1.2.2' ],
2779 silly audit   eventemitter3: [ '5.0.4' ],
2779 silly audit   'p-timeout': [ '6.1.4' ],
2779 silly audit   entities: [ '6.0.1', '4.5.0' ],
2779 silly audit   kleur: [ '3.0.3' ],
2779 silly audit   sisteransi: [ '1.0.5' ],
2779 silly audit   scheduler: [ '0.28.0' ],
2779 silly audit   'rehype-parse': [ '9.0.1' ],
2779 silly audit   'hast-util-raw': [ '9.1.0' ],
2779 silly audit   '@ungap/structured-clone': [ '1.4.0' ],
2779 silly audit   'hast-util-to-parse5': [ '8.0.1' ],
2779 silly audit   'html-void-elements': [ '3.0.0' ],
2779 silly audit   'mdast-util-to-hast': [ '13.2.1' ],
2779 silly audit   'unist-util-position': [ '5.0.0' ],
2779 silly audit   zwitch: [ '2.0.4' ],
2779 silly audit   'micromark-util-sanitize-uri': [ '2.0.1' ],
2779 silly audit   'trim-lines': [ '3.0.1' ],
2779 silly audit   'micromark-util-character': [ '2.1.1' ],
2779 silly audit   'micromark-util-encode': [ '2.0.1' ],
2779 silly audit   'micromark-util-symbol': [ '2.0.1' ],
2779 silly audit   'micromark-util-types': [ '2.0.3' ],
2779 silly audit   'hast-util-to-html': [ '9.0.5' ],
2779 silly audit   ccount: [ '2.0.1' ],
2779 silly audit   'hast-util-whitespace': [ '3.0.0' ],
2779 silly audit   'stringify-entities': [ '4.0.4' ],
2779 silly audit   'mdast-util-gfm': [ '3.1.0' ],
2779 silly audit   'micromark-extension-gfm': [ '3.0.0' ],
2779 silly audit   'remark-stringify': [ '11.0.0' ],
2779 silly audit   'mdast-util-from-markdown': [ '2.1.0' ],
2779 silly audit   'mdast-util-gfm-autolink-literal': [ '2.0.1' ],
2779 silly audit   'mdast-util-gfm-footnote': [ '2.1.0' ],
2779 silly audit   'mdast-util-gfm-strikethrough': [ '2.0.1' ],
2779 silly audit   'mdast-util-gfm-table': [ '2.0.0' ],
2779 silly audit   'mdast-util-gfm-task-list-item': [ '2.0.0' ],
2779 silly audit   'mdast-util-to-markdown': [ '2.2.0' ],
2779 silly audit   'decode-named-character-reference': [ '1.3.0' ],
2779 silly audit   'mdast-util-to-string': [ '4.0.0' ],
2779 silly audit   micromark: [ '4.0.3' ],
2779 silly audit   'micromark-util-decode-numeric-character-reference': [ '2.0.2' ],
2779 silly audit   'micromark-util-decode-string': [ '2.0.1' ],
2779 silly audit   'micromark-util-normalize-identifier': [ '2.0.1' ],
2779 silly audit   'unist-util-stringify-position': [ '4.0.0' ],
2779 silly audit   'character-entities': [ '2.0.2' ],
2779 silly audit   'mdast-util-find-and-replace': [ '3.0.2' ],
2779 silly audit   'escape-string-regexp': [ '5.0.0' ],
2779 silly audit   'unist-util-is': [ '6.0.1' ],
2779 silly audit   'markdown-table': [ '3.0.4' ],
2779 silly audit   'longest-streak': [ '3.1.0' ],
2779 silly audit   'mdast-util-phrasing': [ '4.1.0' ],
2779 silly audit   'micromark-util-classify-character': [ '2.0.1' ],
2779 silly audit   'micromark-util-html-tag-name': [ '2.0.1' ],
2779 silly audit   '@types/debug': [ '4.1.13' ],
2779 silly audit   'micromark-core-commonmark': [ '2.0.4' ],
2779 silly audit   'micromark-factory-space': [ '2.1.0' ],
2779 silly audit   'micromark-util-chunked': [ '2.0.1' ],
2779 silly audit   'micromark-util-combine-extensions': [ '2.0.1' ],
2779 silly audit   'micromark-util-edit-map': [ '1.0.0' ],
2779 silly audit   'micromark-util-resolve-all': [ '2.0.1' ],
2779 silly audit   'micromark-util-subtokenize': [ '2.1.0' ],
2779 silly audit   '@types/ms': [ '2.1.0' ],
2779 silly audit   'micromark-factory-destination': [ '2.0.1' ],
2779 silly audit   'micromark-factory-label': [ '2.0.1' ],
2779 silly audit   'micromark-factory-title': [ '2.0.1' ],
2779 silly audit   'micromark-factory-whitespace': [ '2.0.1' ],
2779 silly audit   'micromark-extension-gfm-autolink-literal': [ '2.1.0' ],
2779 silly audit   'micromark-extension-gfm-footnote': [ '2.1.0' ],
2779 silly audit   'micromark-extension-gfm-strikethrough': [ '2.1.0' ],
2779 silly audit   'micromark-extension-gfm-table': [ '2.1.2' ],
2779 silly audit   'micromark-extension-gfm-tagfilter': [ '2.0.0' ],
2779 silly audit   'micromark-extension-gfm-task-list-item': [ '2.1.0' ],
2779 silly audit   retext: [ '9.0.0' ],
2779 silly audit   'retext-smartypants': [ '6.2.0' ],
2779 silly audit   '@types/nlcst': [ '2.0.3' ],
2779 silly audit   'retext-latin': [ '4.0.0' ],
2779 silly audit   'retext-stringify': [ '4.0.0' ],
2779 silly audit   'parse-latin': [ '7.0.0' ],
2779 silly audit   'nlcst-to-string': [ '4.0.0' ],
2779 silly audit   'unist-util-modify-children': [ '4.0.0' ],
2779 silly audit   'unist-util-visit-children': [ '3.0.0' ],
2779 silly audit   '@img/colour': [ '1.1.0' ],
2779 silly audit   '@img/sharp-darwin-arm64': [ '0.34.5' ],
2779 silly audit   '@img/sharp-darwin-x64': [ '0.34.5' ],
2779 silly audit   '@img/sharp-libvips-darwin-arm64': [ '1.2.4' ],
2779 silly audit   '@img/sharp-libvips-darwin-x64': [ '1.2.4' ],
2779 silly audit   '@img/sharp-libvips-linux-arm': [ '1.2.4' ],
2779 silly audit   '@img/sharp-libvips-linux-arm64': [ '1.2.4' ],
2779 silly audit   '@img/sharp-libvips-linux-ppc64': [ '1.2.4' ],
2779 silly audit   '@img/sharp-libvips-linux-riscv64': [ '1.2.4' ],
2779 silly audit   '@img/sharp-libvips-linux-s390x': [ '1.2.4' ],
2779 silly audit   '@img/sharp-libvips-linux-x64': [ '1.2.4' ],
2779 silly audit   '@img/sharp-libvips-linuxmusl-arm64': [ '1.2.4' ],
2779 silly audit   '@img/sharp-libvips-linuxmusl-x64': [ '1.2.4' ],
2779 silly audit   '@img/sharp-linux-arm': [ '0.34.5' ],
2779 silly audit   '@img/sharp-linux-arm64': [ '0.34.5' ],
2779 silly audit   '@img/sharp-linux-ppc64': [ '0.34.5' ],
2779 silly audit   '@img/sharp-linux-riscv64': [ '0.34.5' ],
2779 silly audit   '@img/sharp-linux-s390x': [ '0.34.5' ],
2779 silly audit   '@img/sharp-linux-x64': [ '0.34.5' ],
2779 silly audit   '@img/sharp-linuxmusl-arm64': [ '0.34.5' ],
2779 silly audit   '@img/sharp-linuxmusl-x64': [ '0.34.5' ],
2779 silly audit   '@img/sharp-wasm32': [ '0.34.5' ],
2779 silly audit   '@img/sharp-win32-arm64': [ '0.34.5' ],
2779 silly audit   '@img/sharp-win32-ia32': [ '0.34.5' ],
2779 silly audit   '@img/sharp-win32-x64': [ '0.34.5' ],
2779 silly audit   '@emnapi/runtime': [ '1.11.3' ],
2779 silly audit   tslib: [ '2.8.1' ],
2779 silly audit   '@shikijs/core': [ '3.23.0' ],
2779 silly audit   '@shikijs/engine-javascript': [ '3.23.0' ],
2779 silly audit   '@shikijs/engine-oniguruma': [ '3.23.0' ],
2779 silly audit   '@shikijs/langs': [ '3.23.0' ],
2779 silly audit   '@shikijs/themes': [ '3.23.0' ],
2779 silly audit   '@shikijs/types': [ '3.23.0' ],
2779 silly audit   '@shikijs/vscode-textmate': [ '10.0.2' ],
2779 silly audit   'oniguruma-to-es': [ '4.3.6' ],
2779 silly audit   'oniguruma-parser': [ '0.12.2' ],
2779 silly audit   regex: [ '6.1.0' ],
2779 silly audit   'regex-recursion': [ '6.0.2' ],
2779 silly audit   'regex-utilities': [ '2.3.0' ],
2779 silly audit   'emoji-regex': [ '10.6.0', '8.0.0' ],
2779 silly audit   'get-east-asian-width': [ '1.7.0' ],
2779 silly audit   'strip-ansi': [ '7.2.0', '6.0.1' ],
2779 silly audit   'character-entities-html4': [ '2.1.0' ],
2779 silly audit   'character-entities-legacy': [ '3.0.0' ],
2779 silly audit   'ansi-regex': [ '6.4.0', '5.0.1' ],
2779 silly audit   commander: [ '11.1.0' ],
2779 silly audit   'css-select': [ '6.0.0' ],
2779 silly audit   'css-tree': [ '3.2.1', '2.2.1' ],
2779 silly audit   'css-what': [ '7.0.0' ],
2779 silly audit   csso: [ '5.0.5' ],
2779 silly audit   sax: [ '1.6.1' ],
2779 silly audit   boolbase: [ '1.0.0' ],
2779 silly audit   domhandler: [ '5.0.3' ],
2779 silly audit   domutils: [ '3.2.2' ],
2779 silly audit   'nth-check': [ '2.1.1' ],
2779 silly audit   'mdn-data': [ '2.27.1', '2.0.28' ],
2779 silly audit   domelementtype: [ '2.3.0' ],
2779 silly audit   'dom-serializer': [ '2.0.0' ],
2779 silly audit   fdir: [ '6.5.0' ],
2779 silly audit   bail: [ '2.0.2' ],
2779 silly audit   extend: [ '3.0.2' ],
2779 silly audit   'is-plain-obj': [ '4.1.0' ],
2779 silly audit   trough: [ '2.2.0' ],
2779 silly audit   ohash: [ '2.0.12' ],
2779 silly audit   undici: [ '8.11.2' ],
2779 silly audit   'array-iterate': [ '2.0.1' ],
2779 silly audit   anymatch: [ '3.1.3' ],
2779 silly audit   chokidar: [ '5.0.0' ],
2779 silly audit   destr: [ '2.0.5' ],
2779 silly audit   h3: [ '1.15.11' ],
2779 silly audit   'node-fetch-native': [ '1.6.7' ],
2779 silly audit   ofetch: [ '1.5.1' ],
2779 silly audit   ufo: [ '1.6.4' ],
2779 silly audit   'normalize-path': [ '3.0.0' ],
2779 silly audit   readdirp: [ '5.1.1' ],
2779 silly audit   'cookie-es': [ '1.2.3' ],
2779 silly audit   crossws: [ '0.3.5' ],
2779 silly audit   defu: [ '6.1.7' ],
2779 silly audit   'iron-webcrypto': [ '1.2.1' ],
2779 silly audit   'node-mock-http': [ '1.0.5' ],
2779 silly audit   radix3: [ '1.1.2' ],
2779 silly audit   uncrypto: [ '0.1.3' ],
2779 silly audit   escalade: [ '3.2.0' ],
2779 silly audit   fsevents: [ '2.3.3' ],
2779 silly audit   postcss: [ '8.5.28' ],
2779 silly audit   rollup: [ '4.64.0' ],
2779 silly audit   nanoid: [ '3.3.19' ],
2779 silly audit   '@napi-rs/lzma-linux-x64-gnu': [ '1.5.1' ],
2779 silly audit   '@rollup/rollup-android-arm-eabi': [ '4.64.0' ],
2779 silly audit   '@rollup/rollup-android-arm64': [ '4.64.0' ],
2779 silly audit   '@rollup/rollup-darwin-arm64': [ '4.64.0' ],
2779 silly audit   '@rollup/rollup-darwin-x64': [ '4.64.0' ],
2779 silly audit   '@rollup/rollup-freebsd-arm64': [ '4.64.0' ],
2779 silly audit   '@rollup/rollup-freebsd-x64': [ '4.64.0' ],
2779 silly audit   '@rollup/rollup-linux-arm-gnueabihf': [ '4.64.0' ],
2779 silly audit   '@rollup/rollup-linux-arm-musleabihf': [ '4.64.0' ],
2779 silly audit   '@rollup/rollup-linux-arm64-gnu': [ '4.64.0' ],
2779 silly audit   '@rollup/rollup-linux-arm64-musl': [ '4.64.0' ],
2779 silly audit   '@rollup/rollup-linux-loong64-gnu': [ '4.64.0' ],
2779 silly audit   '@rollup/rollup-linux-loong64-musl': [ '4.64.0' ],
2779 silly audit   '@rollup/rollup-linux-ppc64-gnu': [ '4.64.0' ],
2779 silly audit   '@rollup/rollup-linux-ppc64-musl': [ '4.64.0' ],
2779 silly audit   '@rollup/rollup-linux-riscv64-gnu': [ '4.64.0' ],
2779 silly audit   '@rollup/rollup-linux-riscv64-musl': [ '4.64.0' ],
2779 silly audit   '@rollup/rollup-linux-s390x-gnu': [ '4.64.0' ],
2779 silly audit   '@rollup/rollup-linux-x64-gnu': [ '4.64.0' ],
2779 silly audit   '@rollup/rollup-linux-x64-musl': [ '4.64.0' ],
2779 silly audit   '@rollup/rollup-openbsd-x64': [ '4.64.0' ],
2779 silly audit   '@rollup/rollup-openharmony-arm64': [ '4.64.0' ],
2779 silly audit   '@rollup/rollup-win32-arm64-msvc': [ '4.64.0' ],
2779 silly audit   '@rollup/rollup-win32-ia32-msvc': [ '4.64.0' ],
2779 silly audit   '@rollup/rollup-win32-x64-gnu': [ '4.64.0' ],
2779 silly audit   '@rollup/rollup-win32-x64-msvc': [ '4.64.0' ],
2779 silly audit   'ansi-styles': [ '6.2.3' ],
2779 silly audit   yoctocolors: [ '2.2.0' ],
2779 silly audit   'is-fullwidth-code-point': [ '3.0.0' ],
2779 silly audit   '@tailwindcss/oxide-wasm32-wasi': [ '4.3.3' ]
2779 silly audit }
2780 verbose reify failed optional dependency C:\Users\reymi\Desktop\rockgames\node_modules\@rollup\rollup-win32-ia32-msvc
2781 silly reify mark deleted [
2781 silly reify   'C:\\Users\\reymi\\Desktop\\rockgames\\node_modules\\@rollup\\rollup-win32-ia32-msvc'
2781 silly reify ]
2782 verbose reify failed optional dependency C:\Users\reymi\Desktop\rockgames\node_modules\@rollup\rollup-win32-arm64-msvc
2783 silly reify mark deleted [
2783 silly reify   'C:\\Users\\reymi\\Desktop\\rockgames\\node_modules\\@rollup\\rollup-win32-arm64-msvc'
2783 silly reify ]
2784 verbose reify failed optional dependency C:\Users\reymi\Desktop\rockgames\node_modules\@rollup\rollup-openharmony-arm64
2785 silly reify mark deleted [
2785 silly reify   'C:\\Users\\reymi\\Desktop\\rockgames\\node_modules\\@rollup\\rollup-openharmony-arm64'
2785 silly reify ]
2786 verbose reify failed optional dependency C:\Users\reymi\Desktop\rockgames\node_modules\@rollup\rollup-openbsd-x64
2787 silly reify mark deleted [
2787 silly reify   'C:\\Users\\reymi\\Desktop\\rockgames\\node_modules\\@rollup\\rollup-openbsd-x64'
2787 silly reify ]
2788 verbose reify failed optional dependency C:\Users\reymi\Desktop\rockgames\node_modules\@rollup\rollup-linux-x64-musl
2789 silly reify mark deleted [
2789 silly reify   'C:\\Users\\reymi\\Desktop\\rockgames\\node_modules\\@rollup\\rollup-linux-x64-musl'
2789 silly reify ]
2790 verbose reify failed optional dependency C:\Users\reymi\Desktop\rockgames\node_modules\@rollup\rollup-linux-x64-gnu
2791 silly reify mark deleted [
2791 silly reify   'C:\\Users\\reymi\\Desktop\\rockgames\\node_modules\\@rollup\\rollup-linux-x64-gnu'
2791 silly reify ]
2792 verbose reify failed optional dependency C:\Users\reymi\Desktop\rockgames\node_modules\@rollup\rollup-linux-s390x-gnu
2793 silly reify mark deleted [
2793 silly reify   'C:\\Users\\reymi\\Desktop\\rockgames\\node_modules\\@rollup\\rollup-linux-s390x-gnu'
2793 silly reify ]
2794 verbose reify failed optional dependency C:\Users\reymi\Desktop\rockgames\node_modules\@rollup\rollup-linux-riscv64-musl
2795 silly reify mark deleted [
2795 silly reify   'C:\\Users\\reymi\\Desktop\\rockgames\\node_modules\\@rollup\\rollup-linux-riscv64-musl'
2795 silly reify ]
2796 verbose reify failed optional dependency C:\Users\reymi\Desktop\rockgames\node_modules\@rollup\rollup-linux-riscv64-gnu
2797 silly reify mark deleted [
2797 silly reify   'C:\\Users\\reymi\\Desktop\\rockgames\\node_modules\\@rollup\\rollup-linux-riscv64-gnu'
2797 silly reify ]
2798 verbose reify failed optional dependency C:\Users\reymi\Desktop\rockgames\node_modules\@rollup\rollup-linux-ppc64-musl
2799 silly reify mark deleted [
2799 silly reify   'C:\\Users\\reymi\\Desktop\\rockgames\\node_modules\\@rollup\\rollup-linux-ppc64-musl'
2799 silly reify ]
2800 verbose reify failed optional dependency C:\Users\reymi\Desktop\rockgames\node_modules\@rollup\rollup-linux-ppc64-gnu
2801 silly reify mark deleted [
2801 silly reify   'C:\\Users\\reymi\\Desktop\\rockgames\\node_modules\\@rollup\\rollup-linux-ppc64-gnu'
2801 silly reify ]
2802 verbose reify failed optional dependency C:\Users\reymi\Desktop\rockgames\node_modules\@rollup\rollup-linux-loong64-musl
2803 silly reify mark deleted [
2803 silly reify   'C:\\Users\\reymi\\Desktop\\rockgames\\node_modules\\@rollup\\rollup-linux-loong64-musl'
2803 silly reify ]
2804 verbose reify failed optional dependency C:\Users\reymi\Desktop\rockgames\node_modules\@rollup\rollup-linux-loong64-gnu
2805 silly reify mark deleted [
2805 silly reify   'C:\\Users\\reymi\\Desktop\\rockgames\\node_modules\\@rollup\\rollup-linux-loong64-gnu'
2805 silly reify ]
2806 verbose reify failed optional dependency C:\Users\reymi\Desktop\rockgames\node_modules\@rollup\rollup-linux-arm64-musl
2807 silly reify mark deleted [
2807 silly reify   'C:\\Users\\reymi\\Desktop\\rockgames\\node_modules\\@rollup\\rollup-linux-arm64-musl'
2807 silly reify ]
2808 verbose reify failed optional dependency C:\Users\reymi\Desktop\rockgames\node_modules\@rollup\rollup-linux-arm64-gnu
2809 silly reify mark deleted [
2809 silly reify   'C:\\Users\\reymi\\Desktop\\rockgames\\node_modules\\@rollup\\rollup-linux-arm64-gnu'
2809 silly reify ]
2810 verbose reify failed optional dependency C:\Users\reymi\Desktop\rockgames\node_modules\@rollup\rollup-linux-arm-musleabihf
2811 silly reify mark deleted [
2811 silly reify   'C:\\Users\\reymi\\Desktop\\rockgames\\node_modules\\@rollup\\rollup-linux-arm-musleabihf'
2811 silly reify ]
2812 verbose reify failed optional dependency C:\Users\reymi\Desktop\rockgames\node_modules\@rollup\rollup-linux-arm-gnueabihf
2813 silly reify mark deleted [
2813 silly reify   'C:\\Users\\reymi\\Desktop\\rockgames\\node_modules\\@rollup\\rollup-linux-arm-gnueabihf'
2813 silly reify ]
2814 verbose reify failed optional dependency C:\Users\reymi\Desktop\rockgames\node_modules\@rollup\rollup-freebsd-x64
2815 silly reify mark deleted [
2815 silly reify   'C:\\Users\\reymi\\Desktop\\rockgames\\node_modules\\@rollup\\rollup-freebsd-x64'
2815 silly reify ]
2816 verbose reify failed optional dependency C:\Users\reymi\Desktop\rockgames\node_modules\@rollup\rollup-freebsd-arm64
2817 silly reify mark deleted [
2817 silly reify   'C:\\Users\\reymi\\Desktop\\rockgames\\node_modules\\@rollup\\rollup-freebsd-arm64'
2817 silly reify ]
2818 verbose reify failed optional dependency C:\Users\reymi\Desktop\rockgames\node_modules\@rollup\rollup-darwin-x64
2819 silly reify mark deleted [
2819 silly reify   'C:\\Users\\reymi\\Desktop\\rockgames\\node_modules\\@rollup\\rollup-darwin-x64'
2819 silly reify ]
2820 verbose reify failed optional dependency C:\Users\reymi\Desktop\rockgames\node_modules\@rollup\rollup-darwin-arm64
2821 silly reify mark deleted [
2821 silly reify   'C:\\Users\\reymi\\Desktop\\rockgames\\node_modules\\@rollup\\rollup-darwin-arm64'
2821 silly reify ]
2822 verbose reify failed optional dependency C:\Users\reymi\Desktop\rockgames\node_modules\@rollup\rollup-android-arm64
2823 silly reify mark deleted [
2823 silly reify   'C:\\Users\\reymi\\Desktop\\rockgames\\node_modules\\@rollup\\rollup-android-arm64'
2823 silly reify ]
2824 verbose reify failed optional dependency C:\Users\reymi\Desktop\rockgames\node_modules\@rollup\rollup-android-arm-eabi
2825 silly reify mark deleted [
2825 silly reify   'C:\\Users\\reymi\\Desktop\\rockgames\\node_modules\\@rollup\\rollup-android-arm-eabi'
2825 silly reify ]
2826 verbose reify failed optional dependency C:\Users\reymi\Desktop\rockgames\node_modules\@napi-rs\lzma-linux-x64-gnu
2827 silly reify mark deleted [
2827 silly reify   'C:\\Users\\reymi\\Desktop\\rockgames\\node_modules\\@napi-rs\\lzma-linux-x64-gnu'
2827 silly reify ]
2828 verbose reify failed optional dependency C:\Users\reymi\Desktop\rockgames\node_modules\fsevents
2829 silly reify mark deleted [ 'C:\\Users\\reymi\\Desktop\\rockgames\\node_modules\\fsevents' ]
2830 verbose reify failed optional dependency C:\Users\reymi\Desktop\rockgames\node_modules\@img\sharp-win32-ia32
2831 silly reify mark deleted [
2831 silly reify   'C:\\Users\\reymi\\Desktop\\rockgames\\node_modules\\@img\\sharp-win32-ia32'
2831 silly reify ]
2832 verbose reify failed optional dependency C:\Users\reymi\Desktop\rockgames\node_modules\@img\sharp-win32-arm64
2833 silly reify mark deleted [
2833 silly reify   'C:\\Users\\reymi\\Desktop\\rockgames\\node_modules\\@img\\sharp-win32-arm64'
2833 silly reify ]
2834 verbose reify failed optional dependency C:\Users\reymi\Desktop\rockgames\node_modules\@img\sharp-wasm32
2835 silly reify mark deleted [
2835 silly reify   'C:\\Users\\reymi\\Desktop\\rockgames\\node_modules\\@img\\sharp-wasm32'
2835 silly reify ]
2836 verbose reify failed optional dependency C:\Users\reymi\Desktop\rockgames\node_modules\@img\sharp-linuxmusl-x64
2837 silly reify mark deleted [
2837 silly reify   'C:\\Users\\reymi\\Desktop\\rockgames\\node_modules\\@img\\sharp-linuxmusl-x64'
2837 silly reify ]
2838 verbose reify failed optional dependency C:\Users\reymi\Desktop\rockgames\node_modules\@img\sharp-linuxmusl-arm64
2839 silly reify mark deleted [
2839 silly reify   'C:\\Users\\reymi\\Desktop\\rockgames\\node_modules\\@img\\sharp-linuxmusl-arm64'
2839 silly reify ]
2840 verbose reify failed optional dependency C:\Users\reymi\Desktop\rockgames\node_modules\@img\sharp-linux-x64
2841 silly reify mark deleted [
2841 silly reify   'C:\\Users\\reymi\\Desktop\\rockgames\\node_modules\\@img\\sharp-linux-x64'
2841 silly reify ]
2842 verbose reify failed optional dependency C:\Users\reymi\Desktop\rockgames\node_modules\@img\sharp-linux-s390x
2843 silly reify mark deleted [
2843 silly reify   'C:\\Users\\reymi\\Desktop\\rockgames\\node_modules\\@img\\sharp-linux-s390x'
2843 silly reify ]
2844 verbose reify failed optional dependency C:\Users\reymi\Desktop\rockgames\node_modules\@img\sharp-linux-riscv64
2845 silly reify mark deleted [
2845 silly reify   'C:\\Users\\reymi\\Desktop\\rockgames\\node_modules\\@img\\sharp-linux-riscv64'
2845 silly reify ]
2846 verbose reify failed optional dependency C:\Users\reymi\Desktop\rockgames\node_modules\@img\sharp-linux-ppc64
2847 silly reify mark deleted [
2847 silly reify   'C:\\Users\\reymi\\Desktop\\rockgames\\node_modules\\@img\\sharp-linux-ppc64'
2847 silly reify ]
2848 verbose reify failed optional dependency C:\Users\reymi\Desktop\rockgames\node_modules\@img\sharp-linux-arm64
2849 silly reify mark deleted [
2849 silly reify   'C:\\Users\\reymi\\Desktop\\rockgames\\node_modules\\@img\\sharp-linux-arm64'
2849 silly reify ]
2850 verbose reify failed optional dependency C:\Users\reymi\Desktop\rockgames\node_modules\@img\sharp-linux-arm
2851 silly reify mark deleted [
2851 silly reify   'C:\\Users\\reymi\\Desktop\\rockgames\\node_modules\\@img\\sharp-linux-arm'
2851 silly reify ]
2852 verbose reify failed optional dependency C:\Users\reymi\Desktop\rockgames\node_modules\@img\sharp-libvips-linuxmusl-x64
2853 silly reify mark deleted [
2853 silly reify   'C:\\Users\\reymi\\Desktop\\rockgames\\node_modules\\@img\\sharp-libvips-linuxmusl-x64'
2853 silly reify ]
2854 verbose reify failed optional dependency C:\Users\reymi\Desktop\rockgames\node_modules\@img\sharp-libvips-linuxmusl-arm64
2855 silly reify mark deleted [
2855 silly reify   'C:\\Users\\reymi\\Desktop\\rockgames\\node_modules\\@img\\sharp-libvips-linuxmusl-arm64'
2855 silly reify ]
2856 verbose reify failed optional dependency C:\Users\reymi\Desktop\rockgames\node_modules\@img\sharp-libvips-linux-x64
2857 silly reify mark deleted [
2857 silly reify   'C:\\Users\\reymi\\Desktop\\rockgames\\node_modules\\@img\\sharp-libvips-linux-x64'
2857 silly reify ]
2858 verbose reify failed optional dependency C:\Users\reymi\Desktop\rockgames\node_modules\@img\sharp-libvips-linux-s390x
2859 silly reify mark deleted [
2859 silly reify   'C:\\Users\\reymi\\Desktop\\rockgames\\node_modules\\@img\\sharp-libvips-linux-s390x'
2859 silly reify ]
2860 verbose reify failed optional dependency C:\Users\reymi\Desktop\rockgames\node_modules\@img\sharp-libvips-linux-riscv64
2861 silly reify mark deleted [
2861 silly reify   'C:\\Users\\reymi\\Desktop\\rockgames\\node_modules\\@img\\sharp-libvips-linux-riscv64'
2861 silly reify ]
2862 verbose reify failed optional dependency C:\Users\reymi\Desktop\rockgames\node_modules\@img\sharp-libvips-linux-ppc64
2863 silly reify mark deleted [
2863 silly reify   'C:\\Users\\reymi\\Desktop\\rockgames\\node_modules\\@img\\sharp-libvips-linux-ppc64'
2863 silly reify ]
2864 verbose reify failed optional dependency C:\Users\reymi\Desktop\rockgames\node_modules\@img\sharp-libvips-linux-arm64
2865 silly reify mark deleted [
2865 silly reify   'C:\\Users\\reymi\\Desktop\\rockgames\\node_modules\\@img\\sharp-libvips-linux-arm64'
2865 silly reify ]
2866 verbose reify failed optional dependency C:\Users\reymi\Desktop\rockgames\node_modules\@img\sharp-libvips-linux-arm
2867 silly reify mark deleted [
2867 silly reify   'C:\\Users\\reymi\\Desktop\\rockgames\\node_modules\\@img\\sharp-libvips-linux-arm'
2867 silly reify ]
2868 verbose reify failed optional dependency C:\Users\reymi\Desktop\rockgames\node_modules\@img\sharp-libvips-darwin-x64
2869 silly reify mark deleted [
2869 silly reify   'C:\\Users\\reymi\\Desktop\\rockgames\\node_modules\\@img\\sharp-libvips-darwin-x64'
2869 silly reify ]
2870 verbose reify failed optional dependency C:\Users\reymi\Desktop\rockgames\node_modules\@img\sharp-libvips-darwin-arm64
2871 silly reify mark deleted [
2871 silly reify   'C:\\Users\\reymi\\Desktop\\rockgames\\node_modules\\@img\\sharp-libvips-darwin-arm64'
2871 silly reify ]
2872 verbose reify failed optional dependency C:\Users\reymi\Desktop\rockgames\node_modules\@img\sharp-darwin-x64
2873 silly reify mark deleted [
2873 silly reify   'C:\\Users\\reymi\\Desktop\\rockgames\\node_modules\\@img\\sharp-darwin-x64'
2873 silly reify ]
2874 verbose reify failed optional dependency C:\Users\reymi\Desktop\rockgames\node_modules\@img\sharp-darwin-arm64
2875 silly reify mark deleted [
2875 silly reify   'C:\\Users\\reymi\\Desktop\\rockgames\\node_modules\\@img\\sharp-darwin-arm64'
2875 silly reify ]
2876 verbose reify failed optional dependency C:\Users\reymi\Desktop\rockgames\node_modules\lightningcss-win32-arm64-msvc
2877 silly reify mark deleted [
2877 silly reify   'C:\\Users\\reymi\\Desktop\\rockgames\\node_modules\\lightningcss-win32-arm64-msvc'
2877 silly reify ]
2878 verbose reify failed optional dependency C:\Users\reymi\Desktop\rockgames\node_modules\lightningcss-linux-x64-musl
2879 silly reify mark deleted [
2879 silly reify   'C:\\Users\\reymi\\Desktop\\rockgames\\node_modules\\lightningcss-linux-x64-musl'
2879 silly reify ]
2880 verbose reify failed optional dependency C:\Users\reymi\Desktop\rockgames\node_modules\lightningcss-linux-x64-gnu
2881 silly reify mark deleted [
2881 silly reify   'C:\\Users\\reymi\\Desktop\\rockgames\\node_modules\\lightningcss-linux-x64-gnu'
2881 silly reify ]
2882 verbose reify failed optional dependency C:\Users\reymi\Desktop\rockgames\node_modules\lightningcss-linux-arm64-musl
2883 silly reify mark deleted [
2883 silly reify   'C:\\Users\\reymi\\Desktop\\rockgames\\node_modules\\lightningcss-linux-arm64-musl'
2883 silly reify ]
2884 verbose reify failed optional dependency C:\Users\reymi\Desktop\rockgames\node_modules\lightningcss-linux-arm64-gnu
2885 silly reify mark deleted [
2885 silly reify   'C:\\Users\\reymi\\Desktop\\rockgames\\node_modules\\lightningcss-linux-arm64-gnu'
2885 silly reify ]
2886 verbose reify failed optional dependency C:\Users\reymi\Desktop\rockgames\node_modules\lightningcss-linux-arm-gnueabihf
2887 silly reify mark deleted [
2887 silly reify   'C:\\Users\\reymi\\Desktop\\rockgames\\node_modules\\lightningcss-linux-arm-gnueabihf'
2887 silly reify ]
2888 verbose reify failed optional dependency C:\Users\reymi\Desktop\rockgames\node_modules\lightningcss-freebsd-x64
2889 silly reify mark deleted [
2889 silly reify   'C:\\Users\\reymi\\Desktop\\rockgames\\node_modules\\lightningcss-freebsd-x64'
2889 silly reify ]
2890 verbose reify failed optional dependency C:\Users\reymi\Desktop\rockgames\node_modules\lightningcss-darwin-x64
2891 silly reify mark deleted [
2891 silly reify   'C:\\Users\\reymi\\Desktop\\rockgames\\node_modules\\lightningcss-darwin-x64'
2891 silly reify ]
2892 verbose reify failed optional dependency C:\Users\reymi\Desktop\rockgames\node_modules\lightningcss-darwin-arm64
2893 silly reify mark deleted [
2893 silly reify   'C:\\Users\\reymi\\Desktop\\rockgames\\node_modules\\lightningcss-darwin-arm64'
2893 silly reify ]
2894 verbose reify failed optional dependency C:\Users\reymi\Desktop\rockgames\node_modules\lightningcss-android-arm64
2895 silly reify mark deleted [
2895 silly reify   'C:\\Users\\reymi\\Desktop\\rockgames\\node_modules\\lightningcss-android-arm64'
2895 silly reify ]
2896 verbose reify failed optional dependency C:\Users\reymi\Desktop\rockgames\node_modules\@esbuild\win32-ia32
2897 silly reify mark deleted [
2897 silly reify   'C:\\Users\\reymi\\Desktop\\rockgames\\node_modules\\@esbuild\\win32-ia32'
2897 silly reify ]
2898 verbose reify failed optional dependency C:\Users\reymi\Desktop\rockgames\node_modules\@esbuild\win32-arm64
2899 silly reify mark deleted [
2899 silly reify   'C:\\Users\\reymi\\Desktop\\rockgames\\node_modules\\@esbuild\\win32-arm64'
2899 silly reify ]
2900 verbose reify failed optional dependency C:\Users\reymi\Desktop\rockgames\node_modules\@esbuild\sunos-x64
2901 silly reify mark deleted [
2901 silly reify   'C:\\Users\\reymi\\Desktop\\rockgames\\node_modules\\@esbuild\\sunos-x64'
2901 silly reify ]
2902 verbose reify failed optional dependency C:\Users\reymi\Desktop\rockgames\node_modules\@esbuild\openharmony-arm64
2903 silly reify mark deleted [
2903 silly reify   'C:\\Users\\reymi\\Desktop\\rockgames\\node_modules\\@esbuild\\openharmony-arm64'
2903 silly reify ]
2904 verbose reify failed optional dependency C:\Users\reymi\Desktop\rockgames\node_modules\@esbuild\openbsd-x64
2905 silly reify mark deleted [
2905 silly reify   'C:\\Users\\reymi\\Desktop\\rockgames\\node_modules\\@esbuild\\openbsd-x64'
2905 silly reify ]
2906 verbose reify failed optional dependency C:\Users\reymi\Desktop\rockgames\node_modules\@esbuild\openbsd-arm64
2907 silly reify mark deleted [
2907 silly reify   'C:\\Users\\reymi\\Desktop\\rockgames\\node_modules\\@esbuild\\openbsd-arm64'
2907 silly reify ]
2908 verbose reify failed optional dependency C:\Users\reymi\Desktop\rockgames\node_modules\@esbuild\netbsd-x64
2909 silly reify mark deleted [
2909 silly reify   'C:\\Users\\reymi\\Desktop\\rockgames\\node_modules\\@esbuild\\netbsd-x64'
2909 silly reify ]
2910 verbose reify failed optional dependency C:\Users\reymi\Desktop\rockgames\node_modules\@esbuild\netbsd-arm64
2911 silly reify mark deleted [
2911 silly reify   'C:\\Users\\reymi\\Desktop\\rockgames\\node_modules\\@esbuild\\netbsd-arm64'
2911 silly reify ]
2912 verbose reify failed optional dependency C:\Users\reymi\Desktop\rockgames\node_modules\@esbuild\linux-x64
2913 silly reify mark deleted [
2913 silly reify   'C:\\Users\\reymi\\Desktop\\rockgames\\node_modules\\@esbuild\\linux-x64'
2913 silly reify ]
2914 verbose reify failed optional dependency C:\Users\reymi\Desktop\rockgames\node_modules\@esbuild\linux-s390x
2915 silly reify mark deleted [
2915 silly reify   'C:\\Users\\reymi\\Desktop\\rockgames\\node_modules\\@esbuild\\linux-s390x'
2915 silly reify ]
2916 verbose reify failed optional dependency C:\Users\reymi\Desktop\rockgames\node_modules\@esbuild\linux-riscv64
2917 silly reify mark deleted [
2917 silly reify   'C:\\Users\\reymi\\Desktop\\rockgames\\node_modules\\@esbuild\\linux-riscv64'
2917 silly reify ]
2918 verbose reify failed optional dependency C:\Users\reymi\Desktop\rockgames\node_modules\@esbuild\linux-ppc64
2919 silly reify mark deleted [
2919 silly reify   'C:\\Users\\reymi\\Desktop\\rockgames\\node_modules\\@esbuild\\linux-ppc64'
2919 silly reify ]
2920 verbose reify failed optional dependency C:\Users\reymi\Desktop\rockgames\node_modules\@esbuild\linux-mips64el
2921 silly reify mark deleted [
2921 silly reify   'C:\\Users\\reymi\\Desktop\\rockgames\\node_modules\\@esbuild\\linux-mips64el'
2921 silly reify ]
2922 verbose reify failed optional dependency C:\Users\reymi\Desktop\rockgames\node_modules\@esbuild\linux-loong64
2923 silly reify mark deleted [
2923 silly reify   'C:\\Users\\reymi\\Desktop\\rockgames\\node_modules\\@esbuild\\linux-loong64'
2923 silly reify ]
2924 verbose reify failed optional dependency C:\Users\reymi\Desktop\rockgames\node_modules\@esbuild\linux-ia32
2925 silly reify mark deleted [
2925 silly reify   'C:\\Users\\reymi\\Desktop\\rockgames\\node_modules\\@esbuild\\linux-ia32'
2925 silly reify ]
2926 verbose reify failed optional dependency C:\Users\reymi\Desktop\rockgames\node_modules\@esbuild\linux-arm64
2927 silly reify mark deleted [
2927 silly reify   'C:\\Users\\reymi\\Desktop\\rockgames\\node_modules\\@esbuild\\linux-arm64'
2927 silly reify ]
2928 verbose reify failed optional dependency C:\Users\reymi\Desktop\rockgames\node_modules\@esbuild\linux-arm
2929 silly reify mark deleted [
2929 silly reify   'C:\\Users\\reymi\\Desktop\\rockgames\\node_modules\\@esbuild\\linux-arm'
2929 silly reify ]
2930 verbose reify failed optional dependency C:\Users\reymi\Desktop\rockgames\node_modules\@esbuild\freebsd-x64
2931 silly reify mark deleted [
2931 silly reify   'C:\\Users\\reymi\\Desktop\\rockgames\\node_modules\\@esbuild\\freebsd-x64'
2931 silly reify ]
2932 verbose reify failed optional dependency C:\Users\reymi\Desktop\rockgames\node_modules\@esbuild\freebsd-arm64
2933 silly reify mark deleted [
2933 silly reify   'C:\\Users\\reymi\\Desktop\\rockgames\\node_modules\\@esbuild\\freebsd-arm64'
2933 silly reify ]
2934 verbose reify failed optional dependency C:\Users\reymi\Desktop\rockgames\node_modules\@esbuild\darwin-x64
2935 silly reify mark deleted [
2935 silly reify   'C:\\Users\\reymi\\Desktop\\rockgames\\node_modules\\@esbuild\\darwin-x64'
2935 silly reify ]
2936 verbose reify failed optional dependency C:\Users\reymi\Desktop\rockgames\node_modules\@esbuild\darwin-arm64
2937 silly reify mark deleted [
2937 silly reify   'C:\\Users\\reymi\\Desktop\\rockgames\\node_modules\\@esbuild\\darwin-arm64'
2937 silly reify ]
2938 verbose reify failed optional dependency C:\Users\reymi\Desktop\rockgames\node_modules\@esbuild\android-x64
2939 silly reify mark deleted [
2939 silly reify   'C:\\Users\\reymi\\Desktop\\rockgames\\node_modules\\@esbuild\\android-x64'
2939 silly reify ]
2940 verbose reify failed optional dependency C:\Users\reymi\Desktop\rockgames\node_modules\@esbuild\android-arm64
2941 silly reify mark deleted [
2941 silly reify   'C:\\Users\\reymi\\Desktop\\rockgames\\node_modules\\@esbuild\\android-arm64'
2941 silly reify ]
2942 verbose reify failed optional dependency C:\Users\reymi\Desktop\rockgames\node_modules\@esbuild\android-arm
2943 silly reify mark deleted [
2943 silly reify   'C:\\Users\\reymi\\Desktop\\rockgames\\node_modules\\@esbuild\\android-arm'
2943 silly reify ]
2944 verbose reify failed optional dependency C:\Users\reymi\Desktop\rockgames\node_modules\@esbuild\aix-ppc64
2945 silly reify mark deleted [
2945 silly reify   'C:\\Users\\reymi\\Desktop\\rockgames\\node_modules\\@esbuild\\aix-ppc64'
2945 silly reify ]
2946 verbose reify failed optional dependency C:\Users\reymi\Desktop\rockgames\node_modules\@tailwindcss\oxide-win32-arm64-msvc
2947 silly reify mark deleted [
2947 silly reify   'C:\\Users\\reymi\\Desktop\\rockgames\\node_modules\\@tailwindcss\\oxide-win32-arm64-msvc'
2947 silly reify ]
2948 verbose reify failed optional dependency C:\Users\reymi\Desktop\rockgames\node_modules\@tailwindcss\oxide-linux-x64-musl
2949 silly reify mark deleted [
2949 silly reify   'C:\\Users\\reymi\\Desktop\\rockgames\\node_modules\\@tailwindcss\\oxide-linux-x64-musl'
2949 silly reify ]
2950 verbose reify failed optional dependency C:\Users\reymi\Desktop\rockgames\node_modules\@tailwindcss\oxide-linux-x64-gnu
2951 silly reify mark deleted [
2951 silly reify   'C:\\Users\\reymi\\Desktop\\rockgames\\node_modules\\@tailwindcss\\oxide-linux-x64-gnu'
2951 silly reify ]
2952 verbose reify failed optional dependency C:\Users\reymi\Desktop\rockgames\node_modules\@tailwindcss\oxide-linux-arm64-musl
2953 silly reify mark deleted [
2953 silly reify   'C:\\Users\\reymi\\Desktop\\rockgames\\node_modules\\@tailwindcss\\oxide-linux-arm64-musl'
2953 silly reify ]
2954 verbose reify failed optional dependency C:\Users\reymi\Desktop\rockgames\node_modules\@tailwindcss\oxide-linux-arm64-gnu
2955 silly reify mark deleted [
2955 silly reify   'C:\\Users\\reymi\\Desktop\\rockgames\\node_modules\\@tailwindcss\\oxide-linux-arm64-gnu'
2955 silly reify ]
2956 verbose reify failed optional dependency C:\Users\reymi\Desktop\rockgames\node_modules\@tailwindcss\oxide-linux-arm-gnueabihf
2957 silly reify mark deleted [
2957 silly reify   'C:\\Users\\reymi\\Desktop\\rockgames\\node_modules\\@tailwindcss\\oxide-linux-arm-gnueabihf'
2957 silly reify ]
2958 verbose reify failed optional dependency C:\Users\reymi\Desktop\rockgames\node_modules\@tailwindcss\oxide-freebsd-x64
2959 silly reify mark deleted [
2959 silly reify   'C:\\Users\\reymi\\Desktop\\rockgames\\node_modules\\@tailwindcss\\oxide-freebsd-x64'
2959 silly reify ]
2960 verbose reify failed optional dependency C:\Users\reymi\Desktop\rockgames\node_modules\@tailwindcss\oxide-darwin-x64
2961 silly reify mark deleted [
2961 silly reify   'C:\\Users\\reymi\\Desktop\\rockgames\\node_modules\\@tailwindcss\\oxide-darwin-x64'
2961 silly reify ]
2962 verbose reify failed optional dependency C:\Users\reymi\Desktop\rockgames\node_modules\@tailwindcss\oxide-darwin-arm64
2963 silly reify mark deleted [
2963 silly reify   'C:\\Users\\reymi\\Desktop\\rockgames\\node_modules\\@tailwindcss\\oxide-darwin-arm64'
2963 silly reify ]
2964 verbose reify failed optional dependency C:\Users\reymi\Desktop\rockgames\node_modules\@tailwindcss\oxide-android-arm64
2965 silly reify mark deleted [
2965 silly reify   'C:\\Users\\reymi\\Desktop\\rockgames\\node_modules\\@tailwindcss\\oxide-android-arm64'
2965 silly reify ]
2966 verbose reify failed optional dependency C:\Users\reymi\Desktop\rockgames\node_modules\vite\node_modules\@esbuild\win32-ia32
2967 silly reify mark deleted [
2967 silly reify   'C:\\Users\\reymi\\Desktop\\rockgames\\node_modules\\vite\\node_modules\\@esbuild\\win32-ia32'
2967 silly reify ]
2968 verbose reify failed optional dependency C:\Users\reymi\Desktop\rockgames\node_modules\vite\node_modules\@esbuild\win32-arm64
2969 silly reify mark deleted [
2969 silly reify   'C:\\Users\\reymi\\Desktop\\rockgames\\node_modules\\vite\\node_modules\\@esbuild\\win32-arm64'
2969 silly reify ]
2970 verbose reify failed optional dependency C:\Users\reymi\Desktop\rockgames\node_modules\vite\node_modules\@esbuild\sunos-x64
2971 silly reify mark deleted [
2971 silly reify   'C:\\Users\\reymi\\Desktop\\rockgames\\node_modules\\vite\\node_modules\\@esbuild\\sunos-x64'
2971 silly reify ]
2972 verbose reify failed optional dependency C:\Users\reymi\Desktop\rockgames\node_modules\vite\node_modules\@esbuild\openharmony-arm64
2973 silly reify mark deleted [
2973 silly reify   'C:\\Users\\reymi\\Desktop\\rockgames\\node_modules\\vite\\node_modules\\@esbuild\\openharmony-arm64'
2973 silly reify ]
2974 verbose reify failed optional dependency C:\Users\reymi\Desktop\rockgames\node_modules\vite\node_modules\@esbuild\openbsd-x64
2975 silly reify mark deleted [
2975 silly reify   'C:\\Users\\reymi\\Desktop\\rockgames\\node_modules\\vite\\node_modules\\@esbuild\\openbsd-x64'
2975 silly reify ]
2976 verbose reify failed optional dependency C:\Users\reymi\Desktop\rockgames\node_modules\vite\node_modules\@esbuild\openbsd-arm64
2977 silly reify mark deleted [
2977 silly reify   'C:\\Users\\reymi\\Desktop\\rockgames\\node_modules\\vite\\node_modules\\@esbuild\\openbsd-arm64'
2977 silly reify ]
2978 verbose reify failed optional dependency C:\Users\reymi\Desktop\rockgames\node_modules\vite\node_modules\@esbuild\netbsd-x64
2979 silly reify mark deleted [
2979 silly reify   'C:\\Users\\reymi\\Desktop\\rockgames\\node_modules\\vite\\node_modules\\@esbuild\\netbsd-x64'
2979 silly reify ]
2980 verbose reify failed optional dependency C:\Users\reymi\Desktop\rockgames\node_modules\vite\node_modules\@esbuild\netbsd-arm64
2981 silly reify mark deleted [
2981 silly reify   'C:\\Users\\reymi\\Desktop\\rockgames\\node_modules\\vite\\node_modules\\@esbuild\\netbsd-arm64'
2981 silly reify ]
2982 verbose reify failed optional dependency C:\Users\reymi\Desktop\rockgames\node_modules\vite\node_modules\@esbuild\linux-x64
2983 silly reify mark deleted [
2983 silly reify   'C:\\Users\\reymi\\Desktop\\rockgames\\node_modules\\vite\\node_modules\\@esbuild\\linux-x64'
2983 silly reify ]
2984 verbose reify failed optional dependency C:\Users\reymi\Desktop\rockgames\node_modules\vite\node_modules\@esbuild\linux-s390x
2985 silly reify mark deleted [
2985 silly reify   'C:\\Users\\reymi\\Desktop\\rockgames\\node_modules\\vite\\node_modules\\@esbuild\\linux-s390x'
2985 silly reify ]
2986 verbose reify failed optional dependency C:\Users\reymi\Desktop\rockgames\node_modules\vite\node_modules\@esbuild\linux-riscv64
2987 silly reify mark deleted [
2987 silly reify   'C:\\Users\\reymi\\Desktop\\rockgames\\node_modules\\vite\\node_modules\\@esbuild\\linux-riscv64'
2987 silly reify ]
2988 verbose reify failed optional dependency C:\Users\reymi\Desktop\rockgames\node_modules\vite\node_modules\@esbuild\linux-ppc64
2989 silly reify mark deleted [
2989 silly reify   'C:\\Users\\reymi\\Desktop\\rockgames\\node_modules\\vite\\node_modules\\@esbuild\\linux-ppc64'
2989 silly reify ]
2990 verbose reify failed optional dependency C:\Users\reymi\Desktop\rockgames\node_modules\vite\node_modules\@esbuild\linux-mips64el
2991 silly reify mark deleted [
2991 silly reify   'C:\\Users\\reymi\\Desktop\\rockgames\\node_modules\\vite\\node_modules\\@esbuild\\linux-mips64el'
2991 silly reify ]
2992 verbose reify failed optional dependency C:\Users\reymi\Desktop\rockgames\node_modules\vite\node_modules\@esbuild\linux-loong64
2993 silly reify mark deleted [
2993 silly reify   'C:\\Users\\reymi\\Desktop\\rockgames\\node_modules\\vite\\node_modules\\@esbuild\\linux-loong64'
2993 silly reify ]
2994 verbose reify failed optional dependency C:\Users\reymi\Desktop\rockgames\node_modules\vite\node_modules\@esbuild\linux-ia32
2995 silly reify mark deleted [
2995 silly reify   'C:\\Users\\reymi\\Desktop\\rockgames\\node_modules\\vite\\node_modules\\@esbuild\\linux-ia32'
2995 silly reify ]
2996 verbose reify failed optional dependency C:\Users\reymi\Desktop\rockgames\node_modules\vite\node_modules\@esbuild\linux-arm64
2997 silly reify mark deleted [
2997 silly reify   'C:\\Users\\reymi\\Desktop\\rockgames\\node_modules\\vite\\node_modules\\@esbuild\\linux-arm64'
2997 silly reify ]
2998 verbose reify failed optional dependency C:\Users\reymi\Desktop\rockgames\node_modules\vite\node_modules\@esbuild\linux-arm
2999 silly reify mark deleted [
2999 silly reify   'C:\\Users\\reymi\\Desktop\\rockgames\\node_modules\\vite\\node_modules\\@esbuild\\linux-arm'
2999 silly reify ]
3000 verbose reify failed optional dependency C:\Users\reymi\Desktop\rockgames\node_modules\vite\node_modules\@esbuild\freebsd-x64
3001 silly reify mark deleted [
3001 silly reify   'C:\\Users\\reymi\\Desktop\\rockgames\\node_modules\\vite\\node_modules\\@esbuild\\freebsd-x64'
3001 silly reify ]
3002 verbose reify failed optional dependency C:\Users\reymi\Desktop\rockgames\node_modules\vite\node_modules\@esbuild\freebsd-arm64
3003 silly reify mark deleted [
3003 silly reify   'C:\\Users\\reymi\\Desktop\\rockgames\\node_modules\\vite\\node_modules\\@esbuild\\freebsd-arm64'
3003 silly reify ]
3004 verbose reify failed optional dependency C:\Users\reymi\Desktop\rockgames\node_modules\vite\node_modules\@esbuild\darwin-x64
3005 silly reify mark deleted [
3005 silly reify   'C:\\Users\\reymi\\Desktop\\rockgames\\node_modules\\vite\\node_modules\\@esbuild\\darwin-x64'
3005 silly reify ]
3006 verbose reify failed optional dependency C:\Users\reymi\Desktop\rockgames\node_modules\vite\node_modules\@esbuild\darwin-arm64
3007 silly reify mark deleted [
3007 silly reify   'C:\\Users\\reymi\\Desktop\\rockgames\\node_modules\\vite\\node_modules\\@esbuild\\darwin-arm64'
3007 silly reify ]
3008 verbose reify failed optional dependency C:\Users\reymi\Desktop\rockgames\node_modules\vite\node_modules\@esbuild\android-x64
3009 silly reify mark deleted [
3009 silly reify   'C:\\Users\\reymi\\Desktop\\rockgames\\node_modules\\vite\\node_modules\\@esbuild\\android-x64'
3009 silly reify ]
3010 verbose reify failed optional dependency C:\Users\reymi\Desktop\rockgames\node_modules\vite\node_modules\@esbuild\android-arm64
3011 silly reify mark deleted [
3011 silly reify   'C:\\Users\\reymi\\Desktop\\rockgames\\node_modules\\vite\\node_modules\\@esbuild\\android-arm64'
3011 silly reify ]
3012 verbose reify failed optional dependency C:\Users\reymi\Desktop\rockgames\node_modules\vite\node_modules\@esbuild\android-arm
3013 silly reify mark deleted [
3013 silly reify   'C:\\Users\\reymi\\Desktop\\rockgames\\node_modules\\vite\\node_modules\\@esbuild\\android-arm'
3013 silly reify ]
3014 verbose reify failed optional dependency C:\Users\reymi\Desktop\rockgames\node_modules\vite\node_modules\@esbuild\aix-ppc64
3015 silly reify mark deleted [
3015 silly reify   'C:\\Users\\reymi\\Desktop\\rockgames\\node_modules\\vite\\node_modules\\@esbuild\\aix-ppc64'
3015 silly reify ]
3016 http cache is-fullwidth-code-point@https://registry.npmjs.org/is-fullwidth-code-point/-/is-fullwidth-code-point-3.0.0.tgz 0ms (cache hit)
3017 http cache yoctocolors@https://registry.npmjs.org/yoctocolors/-/yoctocolors-2.2.0.tgz 0ms (cache hit)
3018 http cache ansi-styles@https://registry.npmjs.org/ansi-styles/-/ansi-styles-6.2.3.tgz 0ms (cache hit)
3019 http cache @rollup/rollup-win32-x64-msvc@https://registry.npmjs.org/@rollup/rollup-win32-x64-msvc/-/rollup-win32-x64-msvc-4.64.0.tgz 0ms (cache hit)
3020 http cache @rollup/rollup-win32-x64-gnu@https://registry.npmjs.org/@rollup/rollup-win32-x64-gnu/-/rollup-win32-x64-gnu-4.64.0.tgz 0ms (cache hit)
3021 http cache rollup@https://registry.npmjs.org/rollup/-/rollup-4.64.0.tgz 0ms (cache hit)
3022 http cache nanoid@https://registry.npmjs.org/nanoid/-/nanoid-3.3.19.tgz 0ms (cache hit)
3023 http cache postcss@https://registry.npmjs.org/postcss/-/postcss-8.5.28.tgz 0ms (cache hit)
3024 http cache escalade@https://registry.npmjs.org/escalade/-/escalade-3.2.0.tgz 0ms (cache hit)
3025 http cache uncrypto@https://registry.npmjs.org/uncrypto/-/uncrypto-0.1.3.tgz 0ms (cache hit)
3026 http cache radix3@https://registry.npmjs.org/radix3/-/radix3-1.1.2.tgz 0ms (cache hit)
3027 http cache node-mock-http@https://registry.npmjs.org/node-mock-http/-/node-mock-http-1.0.5.tgz 0ms (cache hit)
3028 http cache defu@https://registry.npmjs.org/defu/-/defu-6.1.7.tgz 0ms (cache hit)
3029 http cache iron-webcrypto@https://registry.npmjs.org/iron-webcrypto/-/iron-webcrypto-1.2.1.tgz 0ms (cache hit)
3030 http cache crossws@https://registry.npmjs.org/crossws/-/crossws-0.3.5.tgz 0ms (cache hit)
3031 http cache readdirp@https://registry.npmjs.org/readdirp/-/readdirp-5.1.1.tgz 0ms (cache hit)
3032 http cache cookie-es@https://registry.npmjs.org/cookie-es/-/cookie-es-1.2.3.tgz 0ms (cache hit)
3033 http cache normalize-path@https://registry.npmjs.org/normalize-path/-/normalize-path-3.0.0.tgz 0ms (cache hit)
3034 http cache ofetch@https://registry.npmjs.org/ofetch/-/ofetch-1.5.1.tgz 0ms (cache hit)
3035 http cache ufo@https://registry.npmjs.org/ufo/-/ufo-1.6.4.tgz 0ms (cache hit)
3036 http cache node-fetch-native@https://registry.npmjs.org/node-fetch-native/-/node-fetch-native-1.6.7.tgz 0ms (cache hit)
3037 http cache destr@https://registry.npmjs.org/destr/-/destr-2.0.5.tgz 0ms (cache hit)
3038 http cache h3@https://registry.npmjs.org/h3/-/h3-1.15.11.tgz 0ms (cache hit)
3039 http cache chokidar@https://registry.npmjs.org/chokidar/-/chokidar-5.0.0.tgz 0ms (cache hit)
3040 http cache array-iterate@https://registry.npmjs.org/array-iterate/-/array-iterate-2.0.1.tgz 0ms (cache hit)
3041 http cache anymatch@https://registry.npmjs.org/anymatch/-/anymatch-3.1.3.tgz 0ms (cache hit)
3042 http cache undici@https://registry.npmjs.org/undici/-/undici-8.11.2.tgz 0ms (cache hit)
3043 http cache ohash@https://registry.npmjs.org/ohash/-/ohash-2.0.12.tgz 0ms (cache hit)
3044 http cache trough@https://registry.npmjs.org/trough/-/trough-2.2.0.tgz 0ms (cache hit)
3045 http cache is-plain-obj@https://registry.npmjs.org/is-plain-obj/-/is-plain-obj-4.1.0.tgz 0ms (cache hit)
3046 http cache extend@https://registry.npmjs.org/extend/-/extend-3.0.2.tgz 0ms (cache hit)
3047 http cache bail@https://registry.npmjs.org/bail/-/bail-2.0.2.tgz 0ms (cache hit)
3048 http cache fdir@https://registry.npmjs.org/fdir/-/fdir-6.5.0.tgz 0ms (cache hit)
3049 http cache dom-serializer@https://registry.npmjs.org/dom-serializer/-/dom-serializer-2.0.0.tgz 0ms (cache hit)
3050 http cache domelementtype@https://registry.npmjs.org/domelementtype/-/domelementtype-2.3.0.tgz 0ms (cache hit)
3051 http cache nth-check@https://registry.npmjs.org/nth-check/-/nth-check-2.1.1.tgz 0ms (cache hit)
3052 http cache mdn-data@https://registry.npmjs.org/mdn-data/-/mdn-data-2.27.1.tgz 0ms (cache hit)
3053 http cache domutils@https://registry.npmjs.org/domutils/-/domutils-3.2.2.tgz 0ms (cache hit)
3054 http cache domhandler@https://registry.npmjs.org/domhandler/-/domhandler-5.0.3.tgz 0ms (cache hit)
3055 http cache boolbase@https://registry.npmjs.org/boolbase/-/boolbase-1.0.0.tgz 0ms (cache hit)
3056 http cache sax@https://registry.npmjs.org/sax/-/sax-1.6.1.tgz 0ms (cache hit)
3057 http cache css-what@https://registry.npmjs.org/css-what/-/css-what-7.0.0.tgz 0ms (cache hit)
3058 http cache csso@https://registry.npmjs.org/csso/-/csso-5.0.5.tgz 0ms (cache hit)
3059 http cache css-tree@https://registry.npmjs.org/css-tree/-/css-tree-3.2.1.tgz 0ms (cache hit)
3060 http cache css-select@https://registry.npmjs.org/css-select/-/css-select-6.0.0.tgz 0ms (cache hit)
3061 http cache commander@https://registry.npmjs.org/commander/-/commander-11.1.0.tgz 0ms (cache hit)
3062 http cache ansi-regex@https://registry.npmjs.org/ansi-regex/-/ansi-regex-6.4.0.tgz 0ms (cache hit)
3063 http cache character-entities-html4@https://registry.npmjs.org/character-entities-html4/-/character-entities-html4-2.1.0.tgz 0ms (cache hit)
3064 http cache character-entities-legacy@https://registry.npmjs.org/character-entities-legacy/-/character-entities-legacy-3.0.0.tgz 0ms (cache hit)
3065 http cache strip-ansi@https://registry.npmjs.org/strip-ansi/-/strip-ansi-7.2.0.tgz 0ms (cache hit)
3066 http cache emoji-regex@https://registry.npmjs.org/emoji-regex/-/emoji-regex-10.6.0.tgz 0ms (cache hit)
3067 http cache get-east-asian-width@https://registry.npmjs.org/get-east-asian-width/-/get-east-asian-width-1.7.0.tgz 0ms (cache hit)
3068 http cache regex-utilities@https://registry.npmjs.org/regex-utilities/-/regex-utilities-2.3.0.tgz 0ms (cache hit)
3069 http cache regex@https://registry.npmjs.org/regex/-/regex-6.1.0.tgz 0ms (cache hit)
3070 http cache oniguruma-parser@https://registry.npmjs.org/oniguruma-parser/-/oniguruma-parser-0.12.2.tgz 0ms (cache hit)
3071 http cache regex-recursion@https://registry.npmjs.org/regex-recursion/-/regex-recursion-6.0.2.tgz 0ms (cache hit)
3072 http cache oniguruma-to-es@https://registry.npmjs.org/oniguruma-to-es/-/oniguruma-to-es-4.3.6.tgz 0ms (cache hit)
3073 http cache @shikijs/vscode-textmate@https://registry.npmjs.org/@shikijs/vscode-textmate/-/vscode-textmate-10.0.2.tgz 0ms (cache hit)
3074 http cache @shikijs/types@https://registry.npmjs.org/@shikijs/types/-/types-3.23.0.tgz 0ms (cache hit)
3075 http cache @shikijs/themes@https://registry.npmjs.org/@shikijs/themes/-/themes-3.23.0.tgz 0ms (cache hit)
3076 http cache @shikijs/langs@https://registry.npmjs.org/@shikijs/langs/-/langs-3.23.0.tgz 0ms (cache hit)
3077 http cache @shikijs/engine-oniguruma@https://registry.npmjs.org/@shikijs/engine-oniguruma/-/engine-oniguruma-3.23.0.tgz 0ms (cache hit)
3078 http cache @shikijs/engine-javascript@https://registry.npmjs.org/@shikijs/engine-javascript/-/engine-javascript-3.23.0.tgz 0ms (cache hit)
3079 http cache @shikijs/core@https://registry.npmjs.org/@shikijs/core/-/core-3.23.0.tgz 0ms (cache hit)
3080 http cache @emnapi/runtime@https://registry.npmjs.org/@emnapi/runtime/-/runtime-1.11.3.tgz 0ms (cache hit)
3081 http cache tslib@https://registry.npmjs.org/tslib/-/tslib-2.8.1.tgz 0ms (cache hit)
3082 http cache @img/colour@https://registry.npmjs.org/@img/colour/-/colour-1.1.0.tgz 0ms (cache hit)
3083 http cache @img/sharp-win32-x64@https://registry.npmjs.org/@img/sharp-win32-x64/-/sharp-win32-x64-0.34.5.tgz 0ms (cache hit)
3084 http cache unist-util-visit-children@https://registry.npmjs.org/unist-util-visit-children/-/unist-util-visit-children-3.0.0.tgz 0ms (cache hit)
3085 http cache unist-util-modify-children@https://registry.npmjs.org/unist-util-modify-children/-/unist-util-modify-children-4.0.0.tgz 0ms (cache hit)
3086 http cache parse-latin@https://registry.npmjs.org/parse-latin/-/parse-latin-7.0.0.tgz 0ms (cache hit)
3087 http cache nlcst-to-string@https://registry.npmjs.org/nlcst-to-string/-/nlcst-to-string-4.0.0.tgz 0ms (cache hit)
3088 http cache @types/nlcst@https://registry.npmjs.org/@types/nlcst/-/nlcst-2.0.3.tgz 0ms (cache hit)
3089 http cache retext-stringify@https://registry.npmjs.org/retext-stringify/-/retext-stringify-4.0.0.tgz 0ms (cache hit)
3090 http cache retext-latin@https://registry.npmjs.org/retext-latin/-/retext-latin-4.0.0.tgz 0ms (cache hit)
3091 http cache retext-smartypants@https://registry.npmjs.org/retext-smartypants/-/retext-smartypants-6.2.0.tgz 0ms (cache hit)
3092 http cache micromark-extension-gfm-task-list-item@https://registry.npmjs.org/micromark-extension-gfm-task-list-item/-/micromark-extension-gfm-task-list-item-2.1.0.tgz 0ms (cache hit)
3093 http cache retext@https://registry.npmjs.org/retext/-/retext-9.0.0.tgz 0ms (cache hit)
3094 http cache micromark-extension-gfm-tagfilter@https://registry.npmjs.org/micromark-extension-gfm-tagfilter/-/micromark-extension-gfm-tagfilter-2.0.0.tgz 0ms (cache hit)
3095 http cache micromark-extension-gfm-table@https://registry.npmjs.org/micromark-extension-gfm-table/-/micromark-extension-gfm-table-2.1.2.tgz 0ms (cache hit)
3096 http cache micromark-extension-gfm-autolink-literal@https://registry.npmjs.org/micromark-extension-gfm-autolink-literal/-/micromark-extension-gfm-autolink-literal-2.1.0.tgz 0ms (cache hit)
3097 http cache micromark-extension-gfm-strikethrough@https://registry.npmjs.org/micromark-extension-gfm-strikethrough/-/micromark-extension-gfm-strikethrough-2.1.0.tgz 0ms (cache hit)
3098 http cache micromark-extension-gfm-footnote@https://registry.npmjs.org/micromark-extension-gfm-footnote/-/micromark-extension-gfm-footnote-2.1.0.tgz 0ms (cache hit)
3099 http cache micromark-factory-whitespace@https://registry.npmjs.org/micromark-factory-whitespace/-/micromark-factory-whitespace-2.0.1.tgz 0ms (cache hit)
3100 http cache @types/ms@https://registry.npmjs.org/@types/ms/-/ms-2.1.0.tgz 0ms (cache hit)
3101 http cache micromark-factory-title@https://registry.npmjs.org/micromark-factory-title/-/micromark-factory-title-2.0.1.tgz 0ms (cache hit)
3102 http cache micromark-factory-label@https://registry.npmjs.org/micromark-factory-label/-/micromark-factory-label-2.0.1.tgz 0ms (cache hit)
3103 http cache micromark-factory-destination@https://registry.npmjs.org/micromark-factory-destination/-/micromark-factory-destination-2.0.1.tgz 0ms (cache hit)
3104 http cache micromark-util-subtokenize@https://registry.npmjs.org/micromark-util-subtokenize/-/micromark-util-subtokenize-2.1.0.tgz 0ms (cache hit)
3105 http cache micromark-util-resolve-all@https://registry.npmjs.org/micromark-util-resolve-all/-/micromark-util-resolve-all-2.0.1.tgz 1ms (cache hit)
3106 http cache micromark-util-combine-extensions@https://registry.npmjs.org/micromark-util-combine-extensions/-/micromark-util-combine-extensions-2.0.1.tgz 0ms (cache hit)
3107 http cache micromark-util-edit-map@https://registry.npmjs.org/micromark-util-edit-map/-/micromark-util-edit-map-1.0.0.tgz 0ms (cache hit)
3108 http cache micromark-factory-space@https://registry.npmjs.org/micromark-factory-space/-/micromark-factory-space-2.1.0.tgz 0ms (cache hit)
3109 http cache @types/debug@https://registry.npmjs.org/@types/debug/-/debug-4.1.13.tgz 0ms (cache hit)
3110 http cache micromark-core-commonmark@https://registry.npmjs.org/micromark-core-commonmark/-/micromark-core-commonmark-2.0.4.tgz 0ms (cache hit)
3111 http cache micromark-util-html-tag-name@https://registry.npmjs.org/micromark-util-html-tag-name/-/micromark-util-html-tag-name-2.0.1.tgz 0ms (cache hit)
3112 http cache micromark-util-chunked@https://registry.npmjs.org/micromark-util-chunked/-/micromark-util-chunked-2.0.1.tgz 0ms (cache hit)
3113 http cache mdast-util-phrasing@https://registry.npmjs.org/mdast-util-phrasing/-/mdast-util-phrasing-4.1.0.tgz 0ms (cache hit)
3114 http cache longest-streak@https://registry.npmjs.org/longest-streak/-/longest-streak-3.1.0.tgz 0ms (cache hit)
3115 http cache micromark-util-classify-character@https://registry.npmjs.org/micromark-util-classify-character/-/micromark-util-classify-character-2.0.1.tgz 0ms (cache hit)
3116 http cache markdown-table@https://registry.npmjs.org/markdown-table/-/markdown-table-3.0.4.tgz 0ms (cache hit)
3117 http cache escape-string-regexp@https://registry.npmjs.org/escape-string-regexp/-/escape-string-regexp-5.0.0.tgz 0ms (cache hit)
3118 http cache unist-util-is@https://registry.npmjs.org/unist-util-is/-/unist-util-is-6.0.1.tgz 0ms (cache hit)
3119 http cache mdast-util-find-and-replace@https://registry.npmjs.org/mdast-util-find-and-replace/-/mdast-util-find-and-replace-3.0.2.tgz 0ms (cache hit)
3120 http cache unist-util-stringify-position@https://registry.npmjs.org/unist-util-stringify-position/-/unist-util-stringify-position-4.0.0.tgz 0ms (cache hit)
3121 http cache micromark-util-normalize-identifier@https://registry.npmjs.org/micromark-util-normalize-identifier/-/micromark-util-normalize-identifier-2.0.1.tgz 0ms (cache hit)
3122 http cache character-entities@https://registry.npmjs.org/character-entities/-/character-entities-2.0.2.tgz 0ms (cache hit)
3123 http cache micromark-util-decode-string@https://registry.npmjs.org/micromark-util-decode-string/-/micromark-util-decode-string-2.0.1.tgz 0ms (cache hit)
3124 http cache micromark-util-decode-numeric-character-reference@https://registry.npmjs.org/micromark-util-decode-numeric-character-reference/-/micromark-util-decode-numeric-character-reference-2.0.2.tgz 0ms (cache hit)
3125 http cache micromark@https://registry.npmjs.org/micromark/-/micromark-4.0.3.tgz 0ms (cache hit)
3126 http cache mdast-util-to-markdown@https://registry.npmjs.org/mdast-util-to-markdown/-/mdast-util-to-markdown-2.2.0.tgz 0ms (cache hit)
3127 http cache decode-named-character-reference@https://registry.npmjs.org/decode-named-character-reference/-/decode-named-character-reference-1.3.0.tgz 0ms (cache hit)
3128 http cache mdast-util-gfm-table@https://registry.npmjs.org/mdast-util-gfm-table/-/mdast-util-gfm-table-2.0.0.tgz 0ms (cache hit)
3129 http cache mdast-util-gfm-task-list-item@https://registry.npmjs.org/mdast-util-gfm-task-list-item/-/mdast-util-gfm-task-list-item-2.0.0.tgz 0ms (cache hit)
3130 http cache mdast-util-gfm-strikethrough@https://registry.npmjs.org/mdast-util-gfm-strikethrough/-/mdast-util-gfm-strikethrough-2.0.1.tgz 0ms (cache hit)
3131 http cache mdast-util-gfm-footnote@https://registry.npmjs.org/mdast-util-gfm-footnote/-/mdast-util-gfm-footnote-2.1.0.tgz 0ms (cache hit)
3132 http cache remark-stringify@https://registry.npmjs.org/remark-stringify/-/remark-stringify-11.0.0.tgz 0ms (cache hit)
3133 http cache mdast-util-to-string@https://registry.npmjs.org/mdast-util-to-string/-/mdast-util-to-string-4.0.0.tgz 0ms (cache hit)
3134 http cache micromark-extension-gfm@https://registry.npmjs.org/micromark-extension-gfm/-/micromark-extension-gfm-3.0.0.tgz 0ms (cache hit)
3135 http cache mdast-util-gfm-autolink-literal@https://registry.npmjs.org/mdast-util-gfm-autolink-literal/-/mdast-util-gfm-autolink-literal-2.0.1.tgz 0ms (cache hit)
3136 http cache mdast-util-from-markdown@https://registry.npmjs.org/mdast-util-from-markdown/-/mdast-util-from-markdown-2.1.0.tgz 0ms (cache hit)
3137 http cache mdast-util-gfm@https://registry.npmjs.org/mdast-util-gfm/-/mdast-util-gfm-3.1.0.tgz 0ms (cache hit)
3138 http cache stringify-entities@https://registry.npmjs.org/stringify-entities/-/stringify-entities-4.0.4.tgz 0ms (cache hit)
3139 http cache ccount@https://registry.npmjs.org/ccount/-/ccount-2.0.1.tgz 0ms (cache hit)
3140 http cache hast-util-whitespace@https://registry.npmjs.org/hast-util-whitespace/-/hast-util-whitespace-3.0.0.tgz 0ms (cache hit)
3141 http cache micromark-util-symbol@https://registry.npmjs.org/micromark-util-symbol/-/micromark-util-symbol-2.0.1.tgz 0ms (cache hit)
3142 http cache micromark-util-types@https://registry.npmjs.org/micromark-util-types/-/micromark-util-types-2.0.3.tgz 0ms (cache hit)
3143 http cache hast-util-to-html@https://registry.npmjs.org/hast-util-to-html/-/hast-util-to-html-9.0.5.tgz 0ms (cache hit)
3144 http cache micromark-util-character@https://registry.npmjs.org/micromark-util-character/-/micromark-util-character-2.1.1.tgz 0ms (cache hit)
3145 http cache micromark-util-encode@https://registry.npmjs.org/micromark-util-encode/-/micromark-util-encode-2.0.1.tgz 0ms (cache hit)
3146 http cache trim-lines@https://registry.npmjs.org/trim-lines/-/trim-lines-3.0.1.tgz 0ms (cache hit)
3147 http cache zwitch@https://registry.npmjs.org/zwitch/-/zwitch-2.0.4.tgz 0ms (cache hit)
3148 http cache micromark-util-sanitize-uri@https://registry.npmjs.org/micromark-util-sanitize-uri/-/micromark-util-sanitize-uri-2.0.1.tgz 0ms (cache hit)
3149 http cache mdast-util-to-hast@https://registry.npmjs.org/mdast-util-to-hast/-/mdast-util-to-hast-13.2.1.tgz 0ms (cache hit)
3150 http cache html-void-elements@https://registry.npmjs.org/html-void-elements/-/html-void-elements-3.0.0.tgz 0ms (cache hit)
3151 http cache unist-util-position@https://registry.npmjs.org/unist-util-position/-/unist-util-position-5.0.0.tgz 1ms (cache hit)
3152 http cache hast-util-to-parse5@https://registry.npmjs.org/hast-util-to-parse5/-/hast-util-to-parse5-8.0.1.tgz 0ms (cache hit)
3153 http cache hast-util-raw@https://registry.npmjs.org/hast-util-raw/-/hast-util-raw-9.1.0.tgz 0ms (cache hit)
3154 http cache @ungap/structured-clone@https://registry.npmjs.org/@ungap/structured-clone/-/structured-clone-1.4.0.tgz 0ms (cache hit)
3155 http cache sisteransi@https://registry.npmjs.org/sisteransi/-/sisteransi-1.0.5.tgz 0ms (cache hit)
3156 http cache rehype-parse@https://registry.npmjs.org/rehype-parse/-/rehype-parse-9.0.1.tgz 0ms (cache hit)
3157 http cache scheduler@https://registry.npmjs.org/scheduler/-/scheduler-0.28.0.tgz 0ms (cache hit)
3158 http cache kleur@https://registry.npmjs.org/kleur/-/kleur-3.0.3.tgz 0ms (cache hit)
3159 http cache entities@https://registry.npmjs.org/entities/-/entities-6.0.1.tgz 0ms (cache hit)
3160 http cache eventemitter3@https://registry.npmjs.org/eventemitter3/-/eventemitter3-5.0.4.tgz 0ms (cache hit)
3161 http cache p-timeout@https://registry.npmjs.org/p-timeout/-/p-timeout-6.1.4.tgz 0ms (cache hit)
3162 http cache @types/mdast@https://registry.npmjs.org/@types/mdast/-/mdast-4.0.4.tgz 0ms (cache hit)
3163 http cache yocto-queue@https://registry.npmjs.org/yocto-queue/-/yocto-queue-1.2.2.tgz 0ms (cache hit)
3164 http cache argparse@https://registry.npmjs.org/argparse/-/argparse-2.0.1.tgz 0ms (cache hit)
3165 http cache detect-libc@https://registry.npmjs.org/detect-libc/-/detect-libc-2.1.2.tgz 0ms (cache hit)
3166 http cache yallist@https://registry.npmjs.org/yallist/-/yallist-3.1.1.tgz 0ms (cache hit)
3167 http cache lightningcss-win32-x64-msvc@https://registry.npmjs.org/lightningcss-win32-x64-msvc/-/lightningcss-win32-x64-msvc-1.32.0.tgz 0ms (cache hit)
3168 http cache is-inside-container@https://registry.npmjs.org/is-inside-container/-/is-inside-container-1.0.0.tgz 0ms (cache hit)
3169 http cache space-separated-tokens@https://registry.npmjs.org/space-separated-tokens/-/space-separated-tokens-2.0.2.tgz 0ms (cache hit)
3170 http cache hast-util-parse-selector@https://registry.npmjs.org/hast-util-parse-selector/-/hast-util-parse-selector-4.0.0.tgz 0ms (cache hit)
3171 http cache web-namespaces@https://registry.npmjs.org/web-namespaces/-/web-namespaces-2.0.1.tgz 0ms (cache hit)
3172 http cache unist-util-find-after@https://registry.npmjs.org/unist-util-find-after/-/unist-util-find-after-5.0.0.tgz 0ms (cache hit)
3173 http cache comma-separated-tokens@https://registry.npmjs.org/comma-separated-tokens/-/comma-separated-tokens-2.0.3.tgz 0ms (cache hit)
3174 http cache hast-util-is-element@https://registry.npmjs.org/hast-util-is-element/-/hast-util-is-element-3.0.0.tgz 0ms (cache hit)
3175 http cache vfile-location@https://registry.npmjs.org/vfile-location/-/vfile-location-5.0.3.tgz 0ms (cache hit)
3176 http cache property-information@https://registry.npmjs.org/property-information/-/property-information-7.2.0.tgz 0ms (cache hit)
3177 http cache hastscript@https://registry.npmjs.org/hastscript/-/hastscript-9.0.1.tgz 0ms (cache hit)
3178 http cache dequal@https://registry.npmjs.org/dequal/-/dequal-2.0.3.tgz 0ms (cache hit)
3179 http cache vfile-message@https://registry.npmjs.org/vfile-message/-/vfile-message-4.0.3.tgz 0ms (cache hit)
3180 http cache @types/unist@https://registry.npmjs.org/@types/unist/-/unist-3.0.3.tgz 0ms (cache hit)
3181 http cache parse5@https://registry.npmjs.org/parse5/-/parse5-7.3.0.tgz 0ms (cache hit)
3182 http cache @types/hast@https://registry.npmjs.org/@types/hast/-/hast-3.0.5.tgz 0ms (cache hit)
3183 http cache devlop@https://registry.npmjs.org/devlop/-/devlop-1.1.0.tgz 0ms (cache hit)
3184 http cache @esbuild/win32-x64@https://registry.npmjs.org/@esbuild/win32-x64/-/win32-x64-0.27.7.tgz 0ms (cache hit)
3185 http cache hast-util-from-parse5@https://registry.npmjs.org/hast-util-from-parse5/-/hast-util-from-parse5-8.0.3.tgz 0ms (cache hit)
3186 http cache tiny-inflate@https://registry.npmjs.org/tiny-inflate/-/tiny-inflate-1.0.3.tgz 0ms (cache hit)
3187 http cache graceful-fs@https://registry.npmjs.org/graceful-fs/-/graceful-fs-4.2.11.tgz 0ms (cache hit)
3188 http cache tapable@https://registry.npmjs.org/tapable/-/tapable-2.3.3.tgz 0ms (cache hit)
3189 http cache ms@https://registry.npmjs.org/ms/-/ms-2.1.3.tgz 0ms (cache hit)
3190 http cache update-browserslist-db@https://registry.npmjs.org/update-browserslist-db/-/update-browserslist-db-1.3.3.tgz 0ms (cache hit)
3191 http cache node-releases@https://registry.npmjs.org/node-releases/-/node-releases-2.0.57.tgz 0ms (cache hit)
3192 http cache base-64@https://registry.npmjs.org/base-64/-/base-64-1.0.0.tgz 0ms (cache hit)
3193 http cache electron-to-chromium@https://registry.npmjs.org/electron-to-chromium/-/electron-to-chromium-1.5.444.tgz 0ms (cache hit)
3194 http cache caniuse-lite@https://registry.npmjs.org/caniuse-lite/-/caniuse-lite-1.0.30001814.tgz 0ms (cache hit)
3195 http cache baseline-browser-mapping@https://registry.npmjs.org/baseline-browser-mapping/-/baseline-browser-mapping-2.11.27.tgz 0ms (cache hit)
3196 http cache widest-line@https://registry.npmjs.org/widest-line/-/widest-line-5.0.0.tgz 0ms (cache hit)
3197 http cache type-fest@https://registry.npmjs.org/type-fest/-/type-fest-4.41.0.tgz 0ms (cache hit)
3198 http cache string-width@https://registry.npmjs.org/string-width/-/string-width-7.2.0.tgz 0ms (cache hit)
3199 http cache wrap-ansi@https://registry.npmjs.org/wrap-ansi/-/wrap-ansi-9.0.2.tgz 0ms (cache hit)
3200 http cache cli-boxes@https://registry.npmjs.org/cli-boxes/-/cli-boxes-3.0.0.tgz 0ms (cache hit)
3201 http cache @types/estree@https://registry.npmjs.org/@types/estree/-/estree-1.0.9.tgz 0ms (cache hit)
3202 http cache chalk@https://registry.npmjs.org/chalk/-/chalk-5.6.2.tgz 0ms (cache hit)
3203 http cache ansi-align@https://registry.npmjs.org/ansi-align/-/ansi-align-3.0.1.tgz 0ms (cache hit)
3204 http cache camelcase@https://registry.npmjs.org/camelcase/-/camelcase-8.0.0.tgz 0ms (cache hit)
3205 http cache fontkitten@https://registry.npmjs.org/fontkitten/-/fontkitten-1.0.3.tgz 0ms (cache hit)
3206 http cache which-pm-runs@https://registry.npmjs.org/which-pm-runs/-/which-pm-runs-1.1.0.tgz 0ms (cache hit)
3207 http cache is-wsl@https://registry.npmjs.org/is-wsl/-/is-wsl-3.1.1.tgz 0ms (cache hit)
3208 http cache prismjs@https://registry.npmjs.org/prismjs/-/prismjs-1.30.0.tgz 0ms (cache hit)
3209 http cache unist-util-visit-parents@https://registry.npmjs.org/unist-util-visit-parents/-/unist-util-visit-parents-6.0.2.tgz 0ms (cache hit)
3210 http cache is-docker@https://registry.npmjs.org/is-docker/-/is-docker-3.0.0.tgz 0ms (cache hit)
3211 http cache unist-util-remove-position@https://registry.npmjs.org/unist-util-remove-position/-/unist-util-remove-position-5.0.0.tgz 0ms (cache hit)
3212 http cache unified@https://registry.npmjs.org/unified/-/unified-11.0.5.tgz 0ms (cache hit)
3213 http cache remark-smartypants@https://registry.npmjs.org/remark-smartypants/-/remark-smartypants-3.0.3.tgz 0ms (cache hit)
3214 http cache remark-parse@https://registry.npmjs.org/remark-parse/-/remark-parse-11.0.0.tgz 0ms (cache hit)
3215 http cache rehype-stringify@https://registry.npmjs.org/rehype-stringify/-/rehype-stringify-10.0.1.tgz 0ms (cache hit)
3216 http cache remark-rehype@https://registry.npmjs.org/remark-rehype/-/remark-rehype-11.1.2.tgz 0ms (cache hit)
3217 http cache remark-gfm@https://registry.npmjs.org/remark-gfm/-/remark-gfm-4.0.1.tgz 0ms (cache hit)
3218 http cache rehype-raw@https://registry.npmjs.org/rehype-raw/-/rehype-raw-7.0.0.tgz 0ms (cache hit)
3219 http cache mdast-util-definitions@https://registry.npmjs.org/mdast-util-definitions/-/mdast-util-definitions-6.0.0.tgz 0ms (cache hit)
3220 http cache hast-util-to-text@https://registry.npmjs.org/hast-util-to-text/-/hast-util-to-text-4.0.2.tgz 0ms (cache hit)
3221 http cache hast-util-from-html@https://registry.npmjs.org/hast-util-from-html/-/hast-util-from-html-2.0.3.tgz 0ms (cache hit)
3222 http cache @astrojs/prism@https://registry.npmjs.org/@astrojs/prism/-/prism-3.3.0.tgz 0ms (cache hit)
3223 http cache zod-to-ts@https://registry.npmjs.org/zod-to-ts/-/zod-to-ts-1.2.0.tgz 0ms (cache hit)
3224 http cache zod-to-json-schema@https://registry.npmjs.org/zod-to-json-schema/-/zod-to-json-schema-3.25.2.tgz 0ms (cache hit)
3225 http cache zod@https://registry.npmjs.org/zod/-/zod-3.25.76.tgz 0ms (cache hit)
3226 http cache yargs-parser@https://registry.npmjs.org/yargs-parser/-/yargs-parser-21.1.1.tgz 0ms (cache hit)
3227 http cache yocto-spinner@https://registry.npmjs.org/yocto-spinner/-/yocto-spinner-0.2.3.tgz 0ms (cache hit)
3228 http cache xxhash-wasm@https://registry.npmjs.org/xxhash-wasm/-/xxhash-wasm-1.1.0.tgz 0ms (cache hit)
3229 http cache vitefu@https://registry.npmjs.org/vitefu/-/vitefu-1.1.3.tgz 0ms (cache hit)
3230 http cache vfile@https://registry.npmjs.org/vfile/-/vfile-6.0.3.tgz 0ms (cache hit)
3231 http cache unstorage@https://registry.npmjs.org/unstorage/-/unstorage-1.17.5.tgz 0ms (cache hit)
3232 http cache unifont@https://registry.npmjs.org/unifont/-/unifont-0.7.5.tgz 0ms (cache hit)
3233 http cache unist-util-visit@https://registry.npmjs.org/unist-util-visit/-/unist-util-visit-5.1.0.tgz 0ms (cache hit)
3234 http cache tsconfck@https://registry.npmjs.org/tsconfck/-/tsconfck-3.1.6.tgz 0ms (cache hit)
3235 http cache tinyglobby@https://registry.npmjs.org/tinyglobby/-/tinyglobby-0.2.17.tgz 0ms (cache hit)
3236 http cache svgo@https://registry.npmjs.org/svgo/-/svgo-4.1.0.tgz 0ms (cache hit)
3237 http cache smol-toml@https://registry.npmjs.org/smol-toml/-/smol-toml-1.9.0.tgz 0ms (cache hit)
3238 http cache shiki@https://registry.npmjs.org/shiki/-/shiki-3.23.0.tgz 0ms (cache hit)
3239 http cache tinyexec@https://registry.npmjs.org/tinyexec/-/tinyexec-1.3.1.tgz 0ms (cache hit)
3240 http cache rehype@https://registry.npmjs.org/rehype/-/rehype-13.0.2.tgz 0ms (cache hit)
3241 http cache sharp@https://registry.npmjs.org/sharp/-/sharp-0.34.5.tgz 0ms (cache hit)
3242 http cache prompts@https://registry.npmjs.org/prompts/-/prompts-2.4.2.tgz 0ms (cache hit)
3243 http cache package-manager-detector@https://registry.npmjs.org/package-manager-detector/-/package-manager-detector-1.8.0.tgz 0ms (cache hit)
3244 http cache picomatch@https://registry.npmjs.org/picomatch/-/picomatch-4.0.7.tgz 0ms (cache hit)
3245 http cache piccolore@https://registry.npmjs.org/piccolore/-/piccolore-0.1.3.tgz 0ms (cache hit)
3246 http cache p-queue@https://registry.npmjs.org/p-queue/-/p-queue-8.1.1.tgz 0ms (cache hit)
3247 http cache p-limit@https://registry.npmjs.org/p-limit/-/p-limit-6.2.0.tgz 0ms (cache hit)
3248 http cache mrmime@https://registry.npmjs.org/mrmime/-/mrmime-2.0.1.tgz 0ms (cache hit)
3249 http cache magicast@https://registry.npmjs.org/magicast/-/magicast-0.5.5.tgz 0ms (cache hit)
3250 http cache neotraverse@https://registry.npmjs.org/neotraverse/-/neotraverse-0.6.18.tgz 0ms (cache hit)
3251 http cache js-yaml@https://registry.npmjs.org/js-yaml/-/js-yaml-4.3.2.tgz 0ms (cache hit)
3252 http cache import-meta-resolve@https://registry.npmjs.org/import-meta-resolve/-/import-meta-resolve-4.2.0.tgz 0ms (cache hit)
3253 http cache http-cache-semantics@https://registry.npmjs.org/http-cache-semantics/-/http-cache-semantics-4.2.0.tgz 0ms (cache hit)
3254 http cache github-slugger@https://registry.npmjs.org/github-slugger/-/github-slugger-2.0.0.tgz 0ms (cache hit)
3255 http cache html-escaper@https://registry.npmjs.org/html-escaper/-/html-escaper-3.0.3.tgz 0ms (cache hit)
3256 http cache fontace@https://registry.npmjs.org/fontace/-/fontace-0.4.1.tgz 0ms (cache hit)
3257 http cache flattie@https://registry.npmjs.org/flattie/-/flattie-1.1.1.tgz 0ms (cache hit)
3258 http cache estree-walker@https://registry.npmjs.org/estree-walker/-/estree-walker-3.0.3.tgz 0ms (cache hit)
3259 http cache es-module-lexer@https://registry.npmjs.org/es-module-lexer/-/es-module-lexer-1.7.0.tgz 0ms (cache hit)
3260 http cache dset@https://registry.npmjs.org/dset/-/dset-3.1.4.tgz 0ms (cache hit)
3261 http cache esbuild@https://registry.npmjs.org/esbuild/-/esbuild-0.27.7.tgz 0ms (cache hit)
3262 http cache dlv@https://registry.npmjs.org/dlv/-/dlv-1.1.3.tgz 0ms (cache hit)
3263 http cache diff@https://registry.npmjs.org/diff/-/diff-8.0.4.tgz 0ms (cache hit)
3264 http cache devalue@https://registry.npmjs.org/devalue/-/devalue-5.9.4.tgz 0ms (cache hit)
3265 http cache cssesc@https://registry.npmjs.org/cssesc/-/cssesc-3.0.0.tgz 0ms (cache hit)
3266 http cache deterministic-object-hash@https://registry.npmjs.org/deterministic-object-hash/-/deterministic-object-hash-2.0.2.tgz 0ms (cache hit)
3267 http cache cookie@https://registry.npmjs.org/cookie/-/cookie-1.1.1.tgz 0ms (cache hit)
3268 http cache common-ancestor-path@https://registry.npmjs.org/common-ancestor-path/-/common-ancestor-path-1.0.1.tgz 0ms (cache hit)
3269 http cache clsx@https://registry.npmjs.org/clsx/-/clsx-2.1.1.tgz 0ms (cache hit)
3270 http cache boxen@https://registry.npmjs.org/boxen/-/boxen-8.0.1.tgz 0ms (cache hit)
3271 http cache axobject-query@https://registry.npmjs.org/axobject-query/-/axobject-query-4.1.0.tgz 0ms (cache hit)
3272 http cache aria-query@https://registry.npmjs.org/aria-query/-/aria-query-5.3.2.tgz 0ms (cache hit)
3273 http cache ci-info@https://registry.npmjs.org/ci-info/-/ci-info-4.4.0.tgz 0ms (cache hit)
3274 http cache acorn@https://registry.npmjs.org/acorn/-/acorn-8.18.0.tgz 0ms (cache hit)
3275 http cache @oslojs/encoding@https://registry.npmjs.org/@oslojs/encoding/-/encoding-1.1.0.tgz 0ms (cache hit)
3276 http cache @rollup/pluginutils@https://registry.npmjs.org/@rollup/pluginutils/-/pluginutils-5.4.0.tgz 0ms (cache hit)
3277 http cache @astrojs/telemetry@https://registry.npmjs.org/@astrojs/telemetry/-/telemetry-3.3.0.tgz 0ms (cache hit)
3278 http cache @capsizecss/unpack@https://registry.npmjs.org/@capsizecss/unpack/-/unpack-4.0.1.tgz 0ms (cache hit)
3279 http cache @astrojs/internal-helpers@https://registry.npmjs.org/@astrojs/internal-helpers/-/internal-helpers-0.7.6.tgz 0ms (cache hit)
3280 http cache @astrojs/markdown-remark@https://registry.npmjs.org/@astrojs/markdown-remark/-/markdown-remark-6.3.11.tgz 0ms (cache hit)
3281 http cache @types/babel__traverse@https://registry.npmjs.org/@types/babel__traverse/-/babel__traverse-7.28.0.tgz 0ms (cache hit)
3282 http cache @types/babel__generator@https://registry.npmjs.org/@types/babel__generator/-/babel__generator-7.27.0.tgz 0ms (cache hit)
3283 http cache @astrojs/compiler@https://registry.npmjs.org/@astrojs/compiler/-/compiler-2.13.1.tgz 0ms (cache hit)
3284 http cache @types/babel__template@https://registry.npmjs.org/@types/babel__template/-/babel__template-7.4.4.tgz 0ms (cache hit)
3285 http cache @babel/helper-string-parser@https://registry.npmjs.org/@babel/helper-string-parser/-/helper-string-parser-7.29.7.tgz 0ms (cache hit)
3286 http cache @babel/helper-globals@https://registry.npmjs.org/@babel/helper-globals/-/helper-globals-7.29.7.tgz 0ms (cache hit)
3287 http cache @babel/helper-module-imports@https://registry.npmjs.org/@babel/helper-module-imports/-/helper-module-imports-7.29.7.tgz 0ms (cache hit)
3288 http cache @babel/helper-plugin-utils@https://registry.npmjs.org/@babel/helper-plugin-utils/-/helper-plugin-utils-7.29.7.tgz 0ms (cache hit)
3289 http cache @babel/helper-validator-option@https://registry.npmjs.org/@babel/helper-validator-option/-/helper-validator-option-7.29.7.tgz 0ms (cache hit)
3290 http cache lru-cache@https://registry.npmjs.org/lru-cache/-/lru-cache-5.1.1.tgz 0ms (cache hit)
3291 http cache jsesc@https://registry.npmjs.org/jsesc/-/jsesc-3.1.0.tgz 0ms (cache hit)
3292 http cache @babel/compat-data@https://registry.npmjs.org/@babel/compat-data/-/compat-data-7.29.7.tgz 0ms (cache hit)
3293 http cache browserslist@https://registry.npmjs.org/browserslist/-/browserslist-4.29.3.tgz 0ms (cache hit)
3294 http cache @babel/helper-validator-identifier@https://registry.npmjs.org/@babel/helper-validator-identifier/-/helper-validator-identifier-7.29.7.tgz 0ms (cache hit)
3295 http cache picocolors@https://registry.npmjs.org/picocolors/-/picocolors-1.1.1.tgz 0ms (cache hit)
3296 http cache js-tokens@https://registry.npmjs.org/js-tokens/-/js-tokens-4.0.0.tgz 0ms (cache hit)
3297 http cache semver@https://registry.npmjs.org/semver/-/semver-6.3.1.tgz 0ms (cache hit)
3298 http cache gensync@https://registry.npmjs.org/gensync/-/gensync-1.0.0-beta.2.tgz 0ms (cache hit)
3299 http cache json5@https://registry.npmjs.org/json5/-/json5-2.2.3.tgz 0ms (cache hit)
3300 http cache @babel/types@https://registry.npmjs.org/@babel/types/-/types-7.29.8.tgz 0ms (cache hit)
3301 http cache convert-source-map@https://registry.npmjs.org/convert-source-map/-/convert-source-map-2.0.0.tgz 0ms (cache hit)
3302 http cache @babel/traverse@https://registry.npmjs.org/@babel/traverse/-/traverse-7.29.8.tgz 0ms (cache hit)
3303 http cache debug@https://registry.npmjs.org/debug/-/debug-4.4.3.tgz 0ms (cache hit)
3304 http cache @babel/template@https://registry.npmjs.org/@babel/template/-/template-7.29.7.tgz 0ms (cache hit)
3305 http cache @babel/parser@https://registry.npmjs.org/@babel/parser/-/parser-7.29.9.tgz 0ms (cache hit)
3306 http cache @babel/helpers@https://registry.npmjs.org/@babel/helpers/-/helpers-7.29.7.tgz 0ms (cache hit)
3307 http cache @babel/helper-module-transforms@https://registry.npmjs.org/@babel/helper-module-transforms/-/helper-module-transforms-7.29.7.tgz 0ms (cache hit)
3308 http cache @babel/helper-compilation-targets@https://registry.npmjs.org/@babel/helper-compilation-targets/-/helper-compilation-targets-7.29.7.tgz 0ms (cache hit)
3309 http cache @babel/code-frame@https://registry.npmjs.org/@babel/code-frame/-/code-frame-7.29.7.tgz 0ms (cache hit)
3310 http cache @babel/generator@https://registry.npmjs.org/@babel/generator/-/generator-7.29.8.tgz 0ms (cache hit)
3311 http cache @types/babel__core@https://registry.npmjs.org/@types/babel__core/-/babel__core-7.20.5.tgz 0ms (cache hit)
3312 http cache react-refresh@https://registry.npmjs.org/react-refresh/-/react-refresh-0.17.0.tgz 0ms (cache hit)
3313 http cache @rolldown/pluginutils@https://registry.npmjs.org/@rolldown/pluginutils/-/pluginutils-1.0.0-beta.27.tgz 0ms (cache hit)
3314 http cache csstype@https://registry.npmjs.org/csstype/-/csstype-3.2.3.tgz 0ms (cache hit)
3315 http cache @babel/plugin-transform-react-jsx-source@https://registry.npmjs.org/@babel/plugin-transform-react-jsx-source/-/plugin-transform-react-jsx-source-7.29.7.tgz 0ms (cache hit)
3316 http cache @babel/core@https://registry.npmjs.org/@babel/core/-/core-7.29.7.tgz 0ms (cache hit)
3317 http cache @tailwindcss/oxide-win32-x64-msvc@https://registry.npmjs.org/@tailwindcss/oxide-win32-x64-msvc/-/oxide-win32-x64-msvc-4.3.3.tgz 0ms (cache hit)
3318 http cache @babel/plugin-transform-react-jsx-self@https://registry.npmjs.org/@babel/plugin-transform-react-jsx-self/-/plugin-transform-react-jsx-self-7.29.7.tgz 0ms (cache hit)
3319 http cache @jridgewell/resolve-uri@https://registry.npmjs.org/@jridgewell/resolve-uri/-/resolve-uri-3.1.2.tgz 0ms (cache hit)
3320 http cache @jridgewell/sourcemap-codec@https://registry.npmjs.org/@jridgewell/sourcemap-codec/-/sourcemap-codec-1.6.0.tgz 0ms (cache hit)
3321 http cache source-map-js@https://registry.npmjs.org/source-map-js/-/source-map-js-1.2.2.tgz 0ms (cache hit)
3322 http cache @jridgewell/trace-mapping@https://registry.npmjs.org/@jridgewell/trace-mapping/-/trace-mapping-0.3.31.tgz 0ms (cache hit)
3323 http cache magic-string@https://registry.npmjs.org/magic-string/-/magic-string-0.30.21.tgz 0ms (cache hit)
3324 http cache @jridgewell/gen-mapping@https://registry.npmjs.org/@jridgewell/gen-mapping/-/gen-mapping-0.3.13.tgz 0ms (cache hit)
3325 http cache lightningcss@https://registry.npmjs.org/lightningcss/-/lightningcss-1.32.0.tgz 0ms (cache hit)
3326 http cache enhanced-resolve@https://registry.npmjs.org/enhanced-resolve/-/enhanced-resolve-5.26.0.tgz 0ms (cache hit)
3327 http cache @tailwindcss/node@https://registry.npmjs.org/@tailwindcss/node/-/node-4.3.3.tgz 0ms (cache hit)
3328 http cache @tailwindcss/oxide@https://registry.npmjs.org/@tailwindcss/oxide/-/oxide-4.3.3.tgz 0ms (cache hit)
3329 http cache @jridgewell/remapping@https://registry.npmjs.org/@jridgewell/remapping/-/remapping-2.3.5.tgz 0ms (cache hit)
3330 http cache jiti@https://registry.npmjs.org/jiti/-/jiti-2.7.0.tgz 0ms (cache hit)
3331 http cache ultrahtml@https://registry.npmjs.org/ultrahtml/-/ultrahtml-1.7.0.tgz 0ms (cache hit)
3332 http cache @vitejs/plugin-react@https://registry.npmjs.org/@vitejs/plugin-react/-/plugin-react-4.7.0.tgz 0ms (cache hit)
3333 http cache vite@https://registry.npmjs.org/vite/-/vite-6.4.3.tgz 0ms (cache hit)
3334 http cache tailwindcss@https://registry.npmjs.org/tailwindcss/-/tailwindcss-4.3.3.tgz 0ms (cache hit)
3335 http cache gsap@https://registry.npmjs.org/gsap/-/gsap-3.15.0.tgz 0ms (cache hit)
3336 http cache typescript@https://registry.npmjs.org/typescript/-/typescript-5.9.3.tgz 0ms (cache hit)
3337 http cache @types/react-dom@https://registry.npmjs.org/@types/react-dom/-/react-dom-19.3.0.tgz 0ms (cache hit)
3338 http cache @tailwindcss/vite@https://registry.npmjs.org/@tailwindcss/vite/-/vite-4.3.3.tgz 0ms (cache hit)
3339 http cache astro@https://registry.npmjs.org/astro/-/astro-5.18.2.tgz 0ms (cache hit)
3340 http cache react@https://registry.npmjs.org/react/-/react-19.3.0.tgz 0ms (cache hit)
3341 http cache @types/react@https://registry.npmjs.org/@types/react/-/react-19.3.0.tgz 0ms (cache hit)
3342 http cache react-dom@https://registry.npmjs.org/react-dom/-/react-dom-19.3.0.tgz 0ms (cache hit)
3343 http cache @astrojs/react@https://registry.npmjs.org/@astrojs/react/-/react-4.4.2.tgz 0ms (cache hit)
3344 http cache picomatch@https://registry.npmjs.org/picomatch/-/picomatch-2.3.2.tgz 0ms (cache hit)
3345 http cache mdn-data@https://registry.npmjs.org/mdn-data/-/mdn-data-2.0.28.tgz 0ms (cache hit)
3346 http cache css-tree@https://registry.npmjs.org/css-tree/-/css-tree-2.2.1.tgz 0ms (cache hit)
3347 http cache strip-ansi@https://registry.npmjs.org/strip-ansi/-/strip-ansi-6.0.1.tgz 0ms (cache hit)
3348 http cache entities@https://registry.npmjs.org/entities/-/entities-4.5.0.tgz 0ms (cache hit)
3349 http cache emoji-regex@https://registry.npmjs.org/emoji-regex/-/emoji-regex-8.0.0.tgz 0ms (cache hit)
3350 http cache ansi-regex@https://registry.npmjs.org/ansi-regex/-/ansi-regex-5.0.1.tgz 0ms (cache hit)
3351 http cache lru-cache@https://registry.npmjs.org/lru-cache/-/lru-cache-11.5.3.tgz 0ms (cache hit)
3352 http cache string-width@https://registry.npmjs.org/string-width/-/string-width-4.2.3.tgz 0ms (cache hit)
3353 http cache estree-walker@https://registry.npmjs.org/estree-walker/-/estree-walker-2.0.2.tgz 0ms (cache hit)
3354 http cache semver@https://registry.npmjs.org/semver/-/semver-7.8.5.tgz 0ms (cache hit)
3355 silly tarball no local data for is-fullwidth-code-point@https://registry.npmjs.org/is-fullwidth-code-point/-/is-fullwidth-code-point-3.0.0.tgz. Extracting by manifest.
3356 http cache esbuild@https://registry.npmjs.org/esbuild/-/esbuild-0.25.12.tgz 0ms (cache hit)
3357 http cache semver@https://registry.npmjs.org/semver/-/semver-7.8.5.tgz 0ms (cache hit)
3358 silly tarball no local data for yoctocolors@https://registry.npmjs.org/yoctocolors/-/yoctocolors-2.2.0.tgz. Extracting by manifest.
3359 http cache @esbuild/win32-x64@https://registry.npmjs.org/@esbuild/win32-x64/-/win32-x64-0.25.12.tgz 0ms (cache hit)
3360 silly tarball no local data for @rollup/rollup-win32-x64-gnu@https://registry.npmjs.org/@rollup/rollup-win32-x64-gnu/-/rollup-win32-x64-gnu-4.64.0.tgz. Extracting by manifest.
3361 silly tarball no local data for ansi-styles@https://registry.npmjs.org/ansi-styles/-/ansi-styles-6.2.3.tgz. Extracting by manifest.
3362 silly tarball no local data for @rollup/rollup-win32-x64-msvc@https://registry.npmjs.org/@rollup/rollup-win32-x64-msvc/-/rollup-win32-x64-msvc-4.64.0.tgz. Extracting by manifest.
3363 silly tarball no local data for rollup@https://registry.npmjs.org/rollup/-/rollup-4.64.0.tgz. Extracting by manifest.
3364 silly tarball no local data for nanoid@https://registry.npmjs.org/nanoid/-/nanoid-3.3.19.tgz. Extracting by manifest.
3365 silly tarball no local data for postcss@https://registry.npmjs.org/postcss/-/postcss-8.5.28.tgz. Extracting by manifest.
3366 silly tarball no local data for escalade@https://registry.npmjs.org/escalade/-/escalade-3.2.0.tgz. Extracting by manifest.
3367 silly tarball no local data for uncrypto@https://registry.npmjs.org/uncrypto/-/uncrypto-0.1.3.tgz. Extracting by manifest.
3368 silly tarball no local data for radix3@https://registry.npmjs.org/radix3/-/radix3-1.1.2.tgz. Extracting by manifest.
3369 silly tarball no local data for node-mock-http@https://registry.npmjs.org/node-mock-http/-/node-mock-http-1.0.5.tgz. Extracting by manifest.
3370 silly tarball no local data for defu@https://registry.npmjs.org/defu/-/defu-6.1.7.tgz. Extracting by manifest.
3371 silly tarball no local data for iron-webcrypto@https://registry.npmjs.org/iron-webcrypto/-/iron-webcrypto-1.2.1.tgz. Extracting by manifest.
3372 silly tarball no local data for crossws@https://registry.npmjs.org/crossws/-/crossws-0.3.5.tgz. Extracting by manifest.
3373 silly tarball no local data for readdirp@https://registry.npmjs.org/readdirp/-/readdirp-5.1.1.tgz. Extracting by manifest.
3374 silly tarball no local data for cookie-es@https://registry.npmjs.org/cookie-es/-/cookie-es-1.2.3.tgz. Extracting by manifest.
3375 silly tarball no local data for normalize-path@https://registry.npmjs.org/normalize-path/-/normalize-path-3.0.0.tgz. Extracting by manifest.
3376 silly tarball no local data for ofetch@https://registry.npmjs.org/ofetch/-/ofetch-1.5.1.tgz. Extracting by manifest.
3377 silly tarball no local data for ufo@https://registry.npmjs.org/ufo/-/ufo-1.6.4.tgz. Extracting by manifest.
3378 silly tarball no local data for node-fetch-native@https://registry.npmjs.org/node-fetch-native/-/node-fetch-native-1.6.7.tgz. Extracting by manifest.
3379 silly tarball no local data for destr@https://registry.npmjs.org/destr/-/destr-2.0.5.tgz. Extracting by manifest.
3380 silly tarball no local data for h3@https://registry.npmjs.org/h3/-/h3-1.15.11.tgz. Extracting by manifest.
3381 silly tarball no local data for chokidar@https://registry.npmjs.org/chokidar/-/chokidar-5.0.0.tgz. Extracting by manifest.
3382 silly tarball no local data for array-iterate@https://registry.npmjs.org/array-iterate/-/array-iterate-2.0.1.tgz. Extracting by manifest.
3383 silly tarball no local data for anymatch@https://registry.npmjs.org/anymatch/-/anymatch-3.1.3.tgz. Extracting by manifest.
3384 silly tarball no local data for undici@https://registry.npmjs.org/undici/-/undici-8.11.2.tgz. Extracting by manifest.
3385 silly tarball no local data for ohash@https://registry.npmjs.org/ohash/-/ohash-2.0.12.tgz. Extracting by manifest.
3386 silly tarball no local data for trough@https://registry.npmjs.org/trough/-/trough-2.2.0.tgz. Extracting by manifest.
3387 silly tarball no local data for is-plain-obj@https://registry.npmjs.org/is-plain-obj/-/is-plain-obj-4.1.0.tgz. Extracting by manifest.
3388 silly tarball no local data for extend@https://registry.npmjs.org/extend/-/extend-3.0.2.tgz. Extracting by manifest.
3389 silly tarball no local data for bail@https://registry.npmjs.org/bail/-/bail-2.0.2.tgz. Extracting by manifest.
3390 silly tarball no local data for fdir@https://registry.npmjs.org/fdir/-/fdir-6.5.0.tgz. Extracting by manifest.
3391 silly tarball no local data for dom-serializer@https://registry.npmjs.org/dom-serializer/-/dom-serializer-2.0.0.tgz. Extracting by manifest.
3392 silly tarball no local data for domelementtype@https://registry.npmjs.org/domelementtype/-/domelementtype-2.3.0.tgz. Extracting by manifest.
3393 silly tarball no local data for nth-check@https://registry.npmjs.org/nth-check/-/nth-check-2.1.1.tgz. Extracting by manifest.
3394 silly tarball no local data for mdn-data@https://registry.npmjs.org/mdn-data/-/mdn-data-2.27.1.tgz. Extracting by manifest.
3395 silly tarball no local data for domutils@https://registry.npmjs.org/domutils/-/domutils-3.2.2.tgz. Extracting by manifest.
3396 silly tarball no local data for domhandler@https://registry.npmjs.org/domhandler/-/domhandler-5.0.3.tgz. Extracting by manifest.
3397 silly tarball no local data for boolbase@https://registry.npmjs.org/boolbase/-/boolbase-1.0.0.tgz. Extracting by manifest.
3398 silly tarball no local data for sax@https://registry.npmjs.org/sax/-/sax-1.6.1.tgz. Extracting by manifest.
3399 silly tarball no local data for css-what@https://registry.npmjs.org/css-what/-/css-what-7.0.0.tgz. Extracting by manifest.
3400 silly tarball no local data for csso@https://registry.npmjs.org/csso/-/csso-5.0.5.tgz. Extracting by manifest.
3401 silly tarball no local data for css-tree@https://registry.npmjs.org/css-tree/-/css-tree-3.2.1.tgz. Extracting by manifest.
3402 silly tarball no local data for css-select@https://registry.npmjs.org/css-select/-/css-select-6.0.0.tgz. Extracting by manifest.
3403 silly tarball no local data for commander@https://registry.npmjs.org/commander/-/commander-11.1.0.tgz. Extracting by manifest.
3404 silly tarball no local data for ansi-regex@https://registry.npmjs.org/ansi-regex/-/ansi-regex-6.4.0.tgz. Extracting by manifest.
3405 silly tarball no local data for character-entities-html4@https://registry.npmjs.org/character-entities-html4/-/character-entities-html4-2.1.0.tgz. Extracting by manifest.
3406 silly tarball no local data for character-entities-legacy@https://registry.npmjs.org/character-entities-legacy/-/character-entities-legacy-3.0.0.tgz. Extracting by manifest.
3407 silly tarball no local data for strip-ansi@https://registry.npmjs.org/strip-ansi/-/strip-ansi-7.2.0.tgz. Extracting by manifest.
3408 silly tarball no local data for emoji-regex@https://registry.npmjs.org/emoji-regex/-/emoji-regex-10.6.0.tgz. Extracting by manifest.
3409 silly tarball no local data for get-east-asian-width@https://registry.npmjs.org/get-east-asian-width/-/get-east-asian-width-1.7.0.tgz. Extracting by manifest.
3410 silly tarball no local data for regex-utilities@https://registry.npmjs.org/regex-utilities/-/regex-utilities-2.3.0.tgz. Extracting by manifest.
3411 silly tarball no local data for regex@https://registry.npmjs.org/regex/-/regex-6.1.0.tgz. Extracting by manifest.
3412 silly tarball no local data for oniguruma-parser@https://registry.npmjs.org/oniguruma-parser/-/oniguruma-parser-0.12.2.tgz. Extracting by manifest.
3413 silly tarball no local data for regex-recursion@https://registry.npmjs.org/regex-recursion/-/regex-recursion-6.0.2.tgz. Extracting by manifest.
3414 silly tarball no local data for oniguruma-to-es@https://registry.npmjs.org/oniguruma-to-es/-/oniguruma-to-es-4.3.6.tgz. Extracting by manifest.
3415 silly tarball no local data for @shikijs/vscode-textmate@https://registry.npmjs.org/@shikijs/vscode-textmate/-/vscode-textmate-10.0.2.tgz. Extracting by manifest.
3416 silly tarball no local data for @shikijs/types@https://registry.npmjs.org/@shikijs/types/-/types-3.23.0.tgz. Extracting by manifest.
3417 silly tarball no local data for @shikijs/themes@https://registry.npmjs.org/@shikijs/themes/-/themes-3.23.0.tgz. Extracting by manifest.
3418 silly tarball no local data for @shikijs/langs@https://registry.npmjs.org/@shikijs/langs/-/langs-3.23.0.tgz. Extracting by manifest.
3419 silly tarball no local data for @shikijs/engine-oniguruma@https://registry.npmjs.org/@shikijs/engine-oniguruma/-/engine-oniguruma-3.23.0.tgz. Extracting by manifest.
3420 silly tarball no local data for @shikijs/engine-javascript@https://registry.npmjs.org/@shikijs/engine-javascript/-/engine-javascript-3.23.0.tgz. Extracting by manifest.
3421 silly tarball no local data for @shikijs/core@https://registry.npmjs.org/@shikijs/core/-/core-3.23.0.tgz. Extracting by manifest.
3422 silly tarball no local data for @emnapi/runtime@https://registry.npmjs.org/@emnapi/runtime/-/runtime-1.11.3.tgz. Extracting by manifest.
3423 silly tarball no local data for tslib@https://registry.npmjs.org/tslib/-/tslib-2.8.1.tgz. Extracting by manifest.
3424 silly tarball no local data for @img/colour@https://registry.npmjs.org/@img/colour/-/colour-1.1.0.tgz. Extracting by manifest.
3425 silly tarball no local data for @img/sharp-win32-x64@https://registry.npmjs.org/@img/sharp-win32-x64/-/sharp-win32-x64-0.34.5.tgz. Extracting by manifest.
3426 silly tarball no local data for unist-util-visit-children@https://registry.npmjs.org/unist-util-visit-children/-/unist-util-visit-children-3.0.0.tgz. Extracting by manifest.
3427 silly tarball no local data for unist-util-modify-children@https://registry.npmjs.org/unist-util-modify-children/-/unist-util-modify-children-4.0.0.tgz. Extracting by manifest.
3428 silly tarball no local data for parse-latin@https://registry.npmjs.org/parse-latin/-/parse-latin-7.0.0.tgz. Extracting by manifest.
3429 silly tarball no local data for nlcst-to-string@https://registry.npmjs.org/nlcst-to-string/-/nlcst-to-string-4.0.0.tgz. Extracting by manifest.
3430 silly tarball no local data for @types/nlcst@https://registry.npmjs.org/@types/nlcst/-/nlcst-2.0.3.tgz. Extracting by manifest.
3431 silly tarball no local data for retext-stringify@https://registry.npmjs.org/retext-stringify/-/retext-stringify-4.0.0.tgz. Extracting by manifest.
3432 silly tarball no local data for retext-latin@https://registry.npmjs.org/retext-latin/-/retext-latin-4.0.0.tgz. Extracting by manifest.
3433 silly tarball no local data for retext-smartypants@https://registry.npmjs.org/retext-smartypants/-/retext-smartypants-6.2.0.tgz. Extracting by manifest.
3434 silly tarball no local data for micromark-extension-gfm-task-list-item@https://registry.npmjs.org/micromark-extension-gfm-task-list-item/-/micromark-extension-gfm-task-list-item-2.1.0.tgz. Extracting by manifest.
3435 silly tarball no local data for retext@https://registry.npmjs.org/retext/-/retext-9.0.0.tgz. Extracting by manifest.
3436 silly tarball no local data for micromark-extension-gfm-tagfilter@https://registry.npmjs.org/micromark-extension-gfm-tagfilter/-/micromark-extension-gfm-tagfilter-2.0.0.tgz. Extracting by manifest.
3437 silly tarball no local data for micromark-extension-gfm-table@https://registry.npmjs.org/micromark-extension-gfm-table/-/micromark-extension-gfm-table-2.1.2.tgz. Extracting by manifest.
3438 silly tarball no local data for micromark-extension-gfm-autolink-literal@https://registry.npmjs.org/micromark-extension-gfm-autolink-literal/-/micromark-extension-gfm-autolink-literal-2.1.0.tgz. Extracting by manifest.
3439 silly tarball no local data for micromark-extension-gfm-strikethrough@https://registry.npmjs.org/micromark-extension-gfm-strikethrough/-/micromark-extension-gfm-strikethrough-2.1.0.tgz. Extracting by manifest.
3440 silly tarball no local data for micromark-extension-gfm-footnote@https://registry.npmjs.org/micromark-extension-gfm-footnote/-/micromark-extension-gfm-footnote-2.1.0.tgz. Extracting by manifest.
3441 silly tarball no local data for micromark-factory-whitespace@https://registry.npmjs.org/micromark-factory-whitespace/-/micromark-factory-whitespace-2.0.1.tgz. Extracting by manifest.
3442 silly tarball no local data for @types/ms@https://registry.npmjs.org/@types/ms/-/ms-2.1.0.tgz. Extracting by manifest.
3443 silly tarball no local data for micromark-factory-title@https://registry.npmjs.org/micromark-factory-title/-/micromark-factory-title-2.0.1.tgz. Extracting by manifest.
3444 silly tarball no local data for micromark-factory-label@https://registry.npmjs.org/micromark-factory-label/-/micromark-factory-label-2.0.1.tgz. Extracting by manifest.
3445 silly tarball no local data for micromark-factory-destination@https://registry.npmjs.org/micromark-factory-destination/-/micromark-factory-destination-2.0.1.tgz. Extracting by manifest.
3446 silly tarball no local data for micromark-util-subtokenize@https://registry.npmjs.org/micromark-util-subtokenize/-/micromark-util-subtokenize-2.1.0.tgz. Extracting by manifest.
3447 silly tarball no local data for micromark-util-resolve-all@https://registry.npmjs.org/micromark-util-resolve-all/-/micromark-util-resolve-all-2.0.1.tgz. Extracting by manifest.
3448 silly tarball no local data for micromark-util-combine-extensions@https://registry.npmjs.org/micromark-util-combine-extensions/-/micromark-util-combine-extensions-2.0.1.tgz. Extracting by manifest.
3449 silly tarball no local data for micromark-util-edit-map@https://registry.npmjs.org/micromark-util-edit-map/-/micromark-util-edit-map-1.0.0.tgz. Extracting by manifest.
3450 silly tarball no local data for micromark-factory-space@https://registry.npmjs.org/micromark-factory-space/-/micromark-factory-space-2.1.0.tgz. Extracting by manifest.
3451 silly tarball no local data for @types/debug@https://registry.npmjs.org/@types/debug/-/debug-4.1.13.tgz. Extracting by manifest.
3452 silly tarball no local data for micromark-core-commonmark@https://registry.npmjs.org/micromark-core-commonmark/-/micromark-core-commonmark-2.0.4.tgz. Extracting by manifest.
3453 silly tarball no local data for micromark-util-html-tag-name@https://registry.npmjs.org/micromark-util-html-tag-name/-/micromark-util-html-tag-name-2.0.1.tgz. Extracting by manifest.
3454 silly tarball no local data for micromark-util-chunked@https://registry.npmjs.org/micromark-util-chunked/-/micromark-util-chunked-2.0.1.tgz. Extracting by manifest.
3455 silly tarball no local data for mdast-util-phrasing@https://registry.npmjs.org/mdast-util-phrasing/-/mdast-util-phrasing-4.1.0.tgz. Extracting by manifest.
3456 silly tarball no local data for longest-streak@https://registry.npmjs.org/longest-streak/-/longest-streak-3.1.0.tgz. Extracting by manifest.
3457 silly tarball no local data for micromark-util-classify-character@https://registry.npmjs.org/micromark-util-classify-character/-/micromark-util-classify-character-2.0.1.tgz. Extracting by manifest.
3458 silly tarball no local data for markdown-table@https://registry.npmjs.org/markdown-table/-/markdown-table-3.0.4.tgz. Extracting by manifest.
3459 silly tarball no local data for escape-string-regexp@https://registry.npmjs.org/escape-string-regexp/-/escape-string-regexp-5.0.0.tgz. Extracting by manifest.
3460 silly tarball no local data for unist-util-is@https://registry.npmjs.org/unist-util-is/-/unist-util-is-6.0.1.tgz. Extracting by manifest.
3461 silly tarball no local data for mdast-util-find-and-replace@https://registry.npmjs.org/mdast-util-find-and-replace/-/mdast-util-find-and-replace-3.0.2.tgz. Extracting by manifest.
3462 silly tarball no local data for unist-util-stringify-position@https://registry.npmjs.org/unist-util-stringify-position/-/unist-util-stringify-position-4.0.0.tgz. Extracting by manifest.
3463 silly tarball no local data for micromark-util-normalize-identifier@https://registry.npmjs.org/micromark-util-normalize-identifier/-/micromark-util-normalize-identifier-2.0.1.tgz. Extracting by manifest.
3464 silly tarball no local data for character-entities@https://registry.npmjs.org/character-entities/-/character-entities-2.0.2.tgz. Extracting by manifest.
3465 silly tarball no local data for micromark-util-decode-string@https://registry.npmjs.org/micromark-util-decode-string/-/micromark-util-decode-string-2.0.1.tgz. Extracting by manifest.
3466 silly tarball no local data for micromark-util-decode-numeric-character-reference@https://registry.npmjs.org/micromark-util-decode-numeric-character-reference/-/micromark-util-decode-numeric-character-reference-2.0.2.tgz. Extracting by manifest.
3467 silly tarball no local data for micromark@https://registry.npmjs.org/micromark/-/micromark-4.0.3.tgz. Extracting by manifest.
3468 silly tarball no local data for mdast-util-to-markdown@https://registry.npmjs.org/mdast-util-to-markdown/-/mdast-util-to-markdown-2.2.0.tgz. Extracting by manifest.
3469 silly tarball no local data for decode-named-character-reference@https://registry.npmjs.org/decode-named-character-reference/-/decode-named-character-reference-1.3.0.tgz. Extracting by manifest.
3470 silly tarball no local data for mdast-util-gfm-table@https://registry.npmjs.org/mdast-util-gfm-table/-/mdast-util-gfm-table-2.0.0.tgz. Extracting by manifest.
3471 silly tarball no local data for mdast-util-gfm-task-list-item@https://registry.npmjs.org/mdast-util-gfm-task-list-item/-/mdast-util-gfm-task-list-item-2.0.0.tgz. Extracting by manifest.
3472 silly tarball no local data for mdast-util-gfm-strikethrough@https://registry.npmjs.org/mdast-util-gfm-strikethrough/-/mdast-util-gfm-strikethrough-2.0.1.tgz. Extracting by manifest.
3473 silly tarball no local data for mdast-util-gfm-footnote@https://registry.npmjs.org/mdast-util-gfm-footnote/-/mdast-util-gfm-footnote-2.1.0.tgz. Extracting by manifest.
3474 silly tarball no local data for remark-stringify@https://registry.npmjs.org/remark-stringify/-/remark-stringify-11.0.0.tgz. Extracting by manifest.
3475 silly tarball no local data for mdast-util-to-string@https://registry.npmjs.org/mdast-util-to-string/-/mdast-util-to-string-4.0.0.tgz. Extracting by manifest.
3476 silly tarball no local data for micromark-extension-gfm@https://registry.npmjs.org/micromark-extension-gfm/-/micromark-extension-gfm-3.0.0.tgz. Extracting by manifest.
3477 silly tarball no local data for mdast-util-gfm-autolink-literal@https://registry.npmjs.org/mdast-util-gfm-autolink-literal/-/mdast-util-gfm-autolink-literal-2.0.1.tgz. Extracting by manifest.
3478 silly tarball no local data for mdast-util-from-markdown@https://registry.npmjs.org/mdast-util-from-markdown/-/mdast-util-from-markdown-2.1.0.tgz. Extracting by manifest.
3479 silly tarball no local data for mdast-util-gfm@https://registry.npmjs.org/mdast-util-gfm/-/mdast-util-gfm-3.1.0.tgz. Extracting by manifest.
3480 silly tarball no local data for stringify-entities@https://registry.npmjs.org/stringify-entities/-/stringify-entities-4.0.4.tgz. Extracting by manifest.
3481 silly tarball no local data for ccount@https://registry.npmjs.org/ccount/-/ccount-2.0.1.tgz. Extracting by manifest.
3482 silly tarball no local data for hast-util-whitespace@https://registry.npmjs.org/hast-util-whitespace/-/hast-util-whitespace-3.0.0.tgz. Extracting by manifest.
3483 silly tarball no local data for micromark-util-symbol@https://registry.npmjs.org/micromark-util-symbol/-/micromark-util-symbol-2.0.1.tgz. Extracting by manifest.
3484 silly tarball no local data for micromark-util-types@https://registry.npmjs.org/micromark-util-types/-/micromark-util-types-2.0.3.tgz. Extracting by manifest.
3485 silly tarball no local data for hast-util-to-html@https://registry.npmjs.org/hast-util-to-html/-/hast-util-to-html-9.0.5.tgz. Extracting by manifest.
3486 silly tarball no local data for micromark-util-character@https://registry.npmjs.org/micromark-util-character/-/micromark-util-character-2.1.1.tgz. Extracting by manifest.
3487 silly tarball no local data for micromark-util-encode@https://registry.npmjs.org/micromark-util-encode/-/micromark-util-encode-2.0.1.tgz. Extracting by manifest.
3488 silly tarball no local data for trim-lines@https://registry.npmjs.org/trim-lines/-/trim-lines-3.0.1.tgz. Extracting by manifest.
3489 silly tarball no local data for zwitch@https://registry.npmjs.org/zwitch/-/zwitch-2.0.4.tgz. Extracting by manifest.
3490 silly tarball no local data for micromark-util-sanitize-uri@https://registry.npmjs.org/micromark-util-sanitize-uri/-/micromark-util-sanitize-uri-2.0.1.tgz. Extracting by manifest.
3491 silly tarball no local data for mdast-util-to-hast@https://registry.npmjs.org/mdast-util-to-hast/-/mdast-util-to-hast-13.2.1.tgz. Extracting by manifest.
3492 silly tarball no local data for html-void-elements@https://registry.npmjs.org/html-void-elements/-/html-void-elements-3.0.0.tgz. Extracting by manifest.
3493 silly tarball no local data for unist-util-position@https://registry.npmjs.org/unist-util-position/-/unist-util-position-5.0.0.tgz. Extracting by manifest.
3494 silly tarball no local data for hast-util-to-parse5@https://registry.npmjs.org/hast-util-to-parse5/-/hast-util-to-parse5-8.0.1.tgz. Extracting by manifest.
3495 silly tarball no local data for hast-util-raw@https://registry.npmjs.org/hast-util-raw/-/hast-util-raw-9.1.0.tgz. Extracting by manifest.
3496 silly tarball no local data for @ungap/structured-clone@https://registry.npmjs.org/@ungap/structured-clone/-/structured-clone-1.4.0.tgz. Extracting by manifest.
3497 silly tarball no local data for sisteransi@https://registry.npmjs.org/sisteransi/-/sisteransi-1.0.5.tgz. Extracting by manifest.
3498 silly tarball no local data for rehype-parse@https://registry.npmjs.org/rehype-parse/-/rehype-parse-9.0.1.tgz. Extracting by manifest.
3499 silly tarball no local data for scheduler@https://registry.npmjs.org/scheduler/-/scheduler-0.28.0.tgz. Extracting by manifest.
3500 silly tarball no local data for kleur@https://registry.npmjs.org/kleur/-/kleur-3.0.3.tgz. Extracting by manifest.
3501 silly tarball no local data for entities@https://registry.npmjs.org/entities/-/entities-6.0.1.tgz. Extracting by manifest.
3502 silly tarball no local data for eventemitter3@https://registry.npmjs.org/eventemitter3/-/eventemitter3-5.0.4.tgz. Extracting by manifest.
3503 silly tarball no local data for p-timeout@https://registry.npmjs.org/p-timeout/-/p-timeout-6.1.4.tgz. Extracting by manifest.
3504 silly tarball no local data for @types/mdast@https://registry.npmjs.org/@types/mdast/-/mdast-4.0.4.tgz. Extracting by manifest.
3505 silly tarball no local data for yocto-queue@https://registry.npmjs.org/yocto-queue/-/yocto-queue-1.2.2.tgz. Extracting by manifest.
3506 silly tarball no local data for argparse@https://registry.npmjs.org/argparse/-/argparse-2.0.1.tgz. Extracting by manifest.
3507 silly tarball no local data for detect-libc@https://registry.npmjs.org/detect-libc/-/detect-libc-2.1.2.tgz. Extracting by manifest.
3508 silly tarball no local data for yallist@https://registry.npmjs.org/yallist/-/yallist-3.1.1.tgz. Extracting by manifest.
3509 silly tarball no local data for lightningcss-win32-x64-msvc@https://registry.npmjs.org/lightningcss-win32-x64-msvc/-/lightningcss-win32-x64-msvc-1.32.0.tgz. Extracting by manifest.
3510 silly tarball no local data for is-inside-container@https://registry.npmjs.org/is-inside-container/-/is-inside-container-1.0.0.tgz. Extracting by manifest.
3511 silly tarball no local data for space-separated-tokens@https://registry.npmjs.org/space-separated-tokens/-/space-separated-tokens-2.0.2.tgz. Extracting by manifest.
3512 silly tarball no local data for hast-util-parse-selector@https://registry.npmjs.org/hast-util-parse-selector/-/hast-util-parse-selector-4.0.0.tgz. Extracting by manifest.
3513 silly tarball no local data for web-namespaces@https://registry.npmjs.org/web-namespaces/-/web-namespaces-2.0.1.tgz. Extracting by manifest.
3514 silly tarball no local data for unist-util-find-after@https://registry.npmjs.org/unist-util-find-after/-/unist-util-find-after-5.0.0.tgz. Extracting by manifest.
3515 silly tarball no local data for comma-separated-tokens@https://registry.npmjs.org/comma-separated-tokens/-/comma-separated-tokens-2.0.3.tgz. Extracting by manifest.
3516 silly tarball no local data for hast-util-is-element@https://registry.npmjs.org/hast-util-is-element/-/hast-util-is-element-3.0.0.tgz. Extracting by manifest.
3517 silly tarball no local data for vfile-location@https://registry.npmjs.org/vfile-location/-/vfile-location-5.0.3.tgz. Extracting by manifest.
3518 silly tarball no local data for property-information@https://registry.npmjs.org/property-information/-/property-information-7.2.0.tgz. Extracting by manifest.
3519 silly tarball no local data for hastscript@https://registry.npmjs.org/hastscript/-/hastscript-9.0.1.tgz. Extracting by manifest.
3520 silly tarball no local data for dequal@https://registry.npmjs.org/dequal/-/dequal-2.0.3.tgz. Extracting by manifest.
3521 silly tarball no local data for vfile-message@https://registry.npmjs.org/vfile-message/-/vfile-message-4.0.3.tgz. Extracting by manifest.
3522 silly tarball no local data for @types/unist@https://registry.npmjs.org/@types/unist/-/unist-3.0.3.tgz. Extracting by manifest.
3523 silly tarball no local data for parse5@https://registry.npmjs.org/parse5/-/parse5-7.3.0.tgz. Extracting by manifest.
3524 silly tarball no local data for @types/hast@https://registry.npmjs.org/@types/hast/-/hast-3.0.5.tgz. Extracting by manifest.
3525 silly tarball no local data for devlop@https://registry.npmjs.org/devlop/-/devlop-1.1.0.tgz. Extracting by manifest.
3526 silly tarball no local data for @esbuild/win32-x64@https://registry.npmjs.org/@esbuild/win32-x64/-/win32-x64-0.27.7.tgz. Extracting by manifest.
3527 silly tarball no local data for hast-util-from-parse5@https://registry.npmjs.org/hast-util-from-parse5/-/hast-util-from-parse5-8.0.3.tgz. Extracting by manifest.
3528 silly tarball no local data for tiny-inflate@https://registry.npmjs.org/tiny-inflate/-/tiny-inflate-1.0.3.tgz. Extracting by manifest.
3529 silly tarball no local data for graceful-fs@https://registry.npmjs.org/graceful-fs/-/graceful-fs-4.2.11.tgz. Extracting by manifest.
3530 silly tarball no local data for tapable@https://registry.npmjs.org/tapable/-/tapable-2.3.3.tgz. Extracting by manifest.
3531 silly tarball no local data for ms@https://registry.npmjs.org/ms/-/ms-2.1.3.tgz. Extracting by manifest.
3532 silly tarball no local data for update-browserslist-db@https://registry.npmjs.org/update-browserslist-db/-/update-browserslist-db-1.3.3.tgz. Extracting by manifest.
3533 silly tarball no local data for node-releases@https://registry.npmjs.org/node-releases/-/node-releases-2.0.57.tgz. Extracting by manifest.
3534 silly tarball no local data for base-64@https://registry.npmjs.org/base-64/-/base-64-1.0.0.tgz. Extracting by manifest.
3535 silly tarball no local data for electron-to-chromium@https://registry.npmjs.org/electron-to-chromium/-/electron-to-chromium-1.5.444.tgz. Extracting by manifest.
3536 silly tarball no local data for caniuse-lite@https://registry.npmjs.org/caniuse-lite/-/caniuse-lite-1.0.30001814.tgz. Extracting by manifest.
3537 silly tarball no local data for baseline-browser-mapping@https://registry.npmjs.org/baseline-browser-mapping/-/baseline-browser-mapping-2.11.27.tgz. Extracting by manifest.
3538 silly tarball no local data for widest-line@https://registry.npmjs.org/widest-line/-/widest-line-5.0.0.tgz. Extracting by manifest.
3539 silly tarball no local data for type-fest@https://registry.npmjs.org/type-fest/-/type-fest-4.41.0.tgz. Extracting by manifest.
3540 silly tarball no local data for string-width@https://registry.npmjs.org/string-width/-/string-width-7.2.0.tgz. Extracting by manifest.
3541 silly tarball no local data for wrap-ansi@https://registry.npmjs.org/wrap-ansi/-/wrap-ansi-9.0.2.tgz. Extracting by manifest.
3542 silly tarball no local data for cli-boxes@https://registry.npmjs.org/cli-boxes/-/cli-boxes-3.0.0.tgz. Extracting by manifest.
3543 silly tarball no local data for @types/estree@https://registry.npmjs.org/@types/estree/-/estree-1.0.9.tgz. Extracting by manifest.
3544 silly tarball no local data for chalk@https://registry.npmjs.org/chalk/-/chalk-5.6.2.tgz. Extracting by manifest.
3545 silly tarball no local data for ansi-align@https://registry.npmjs.org/ansi-align/-/ansi-align-3.0.1.tgz. Extracting by manifest.
3546 silly tarball no local data for camelcase@https://registry.npmjs.org/camelcase/-/camelcase-8.0.0.tgz. Extracting by manifest.
3547 silly tarball no local data for fontkitten@https://registry.npmjs.org/fontkitten/-/fontkitten-1.0.3.tgz. Extracting by manifest.
3548 silly tarball no local data for which-pm-runs@https://registry.npmjs.org/which-pm-runs/-/which-pm-runs-1.1.0.tgz. Extracting by manifest.
3549 silly tarball no local data for is-wsl@https://registry.npmjs.org/is-wsl/-/is-wsl-3.1.1.tgz. Extracting by manifest.
3550 silly tarball no local data for prismjs@https://registry.npmjs.org/prismjs/-/prismjs-1.30.0.tgz. Extracting by manifest.
3551 silly tarball no local data for unist-util-visit-parents@https://registry.npmjs.org/unist-util-visit-parents/-/unist-util-visit-parents-6.0.2.tgz. Extracting by manifest.
3552 silly tarball no local data for is-docker@https://registry.npmjs.org/is-docker/-/is-docker-3.0.0.tgz. Extracting by manifest.
3553 silly tarball no local data for unist-util-remove-position@https://registry.npmjs.org/unist-util-remove-position/-/unist-util-remove-position-5.0.0.tgz. Extracting by manifest.
3554 silly tarball no local data for unified@https://registry.npmjs.org/unified/-/unified-11.0.5.tgz. Extracting by manifest.
3555 silly tarball no local data for remark-smartypants@https://registry.npmjs.org/remark-smartypants/-/remark-smartypants-3.0.3.tgz. Extracting by manifest.
3556 silly tarball no local data for remark-parse@https://registry.npmjs.org/remark-parse/-/remark-parse-11.0.0.tgz. Extracting by manifest.
3557 silly tarball no local data for rehype-stringify@https://registry.npmjs.org/rehype-stringify/-/rehype-stringify-10.0.1.tgz. Extracting by manifest.
3558 silly tarball no local data for remark-rehype@https://registry.npmjs.org/remark-rehype/-/remark-rehype-11.1.2.tgz. Extracting by manifest.
3559 silly tarball no local data for remark-gfm@https://registry.npmjs.org/remark-gfm/-/remark-gfm-4.0.1.tgz. Extracting by manifest.
3560 silly tarball no local data for rehype-raw@https://registry.npmjs.org/rehype-raw/-/rehype-raw-7.0.0.tgz. Extracting by manifest.
3561 silly tarball no local data for mdast-util-definitions@https://registry.npmjs.org/mdast-util-definitions/-/mdast-util-definitions-6.0.0.tgz. Extracting by manifest.
3562 silly tarball no local data for hast-util-to-text@https://registry.npmjs.org/hast-util-to-text/-/hast-util-to-text-4.0.2.tgz. Extracting by manifest.
3563 silly tarball no local data for hast-util-from-html@https://registry.npmjs.org/hast-util-from-html/-/hast-util-from-html-2.0.3.tgz. Extracting by manifest.
3564 silly tarball no local data for @astrojs/prism@https://registry.npmjs.org/@astrojs/prism/-/prism-3.3.0.tgz. Extracting by manifest.
3565 silly tarball no local data for zod-to-ts@https://registry.npmjs.org/zod-to-ts/-/zod-to-ts-1.2.0.tgz. Extracting by manifest.
3566 silly tarball no local data for zod-to-json-schema@https://registry.npmjs.org/zod-to-json-schema/-/zod-to-json-schema-3.25.2.tgz. Extracting by manifest.
3567 silly tarball no local data for zod@https://registry.npmjs.org/zod/-/zod-3.25.76.tgz. Extracting by manifest.
3568 silly tarball no local data for yargs-parser@https://registry.npmjs.org/yargs-parser/-/yargs-parser-21.1.1.tgz. Extracting by manifest.
3569 silly tarball no local data for yocto-spinner@https://registry.npmjs.org/yocto-spinner/-/yocto-spinner-0.2.3.tgz. Extracting by manifest.
3570 silly tarball no local data for xxhash-wasm@https://registry.npmjs.org/xxhash-wasm/-/xxhash-wasm-1.1.0.tgz. Extracting by manifest.
3571 silly tarball no local data for vitefu@https://registry.npmjs.org/vitefu/-/vitefu-1.1.3.tgz. Extracting by manifest.
3572 silly tarball no local data for vfile@https://registry.npmjs.org/vfile/-/vfile-6.0.3.tgz. Extracting by manifest.
3573 silly tarball no local data for unstorage@https://registry.npmjs.org/unstorage/-/unstorage-1.17.5.tgz. Extracting by manifest.
3574 silly tarball no local data for unifont@https://registry.npmjs.org/unifont/-/unifont-0.7.5.tgz. Extracting by manifest.
3575 silly tarball no local data for unist-util-visit@https://registry.npmjs.org/unist-util-visit/-/unist-util-visit-5.1.0.tgz. Extracting by manifest.
3576 silly tarball no local data for tsconfck@https://registry.npmjs.org/tsconfck/-/tsconfck-3.1.6.tgz. Extracting by manifest.
3577 silly tarball no local data for tinyglobby@https://registry.npmjs.org/tinyglobby/-/tinyglobby-0.2.17.tgz. Extracting by manifest.
3578 silly tarball no local data for svgo@https://registry.npmjs.org/svgo/-/svgo-4.1.0.tgz. Extracting by manifest.
3579 silly tarball no local data for smol-toml@https://registry.npmjs.org/smol-toml/-/smol-toml-1.9.0.tgz. Extracting by manifest.
3580 silly tarball no local data for shiki@https://registry.npmjs.org/shiki/-/shiki-3.23.0.tgz. Extracting by manifest.
3581 silly tarball no local data for tinyexec@https://registry.npmjs.org/tinyexec/-/tinyexec-1.3.1.tgz. Extracting by manifest.
3582 silly tarball no local data for rehype@https://registry.npmjs.org/rehype/-/rehype-13.0.2.tgz. Extracting by manifest.
3583 silly tarball no local data for sharp@https://registry.npmjs.org/sharp/-/sharp-0.34.5.tgz. Extracting by manifest.
3584 silly tarball no local data for prompts@https://registry.npmjs.org/prompts/-/prompts-2.4.2.tgz. Extracting by manifest.
3585 silly tarball no local data for package-manager-detector@https://registry.npmjs.org/package-manager-detector/-/package-manager-detector-1.8.0.tgz. Extracting by manifest.
3586 silly tarball no local data for picomatch@https://registry.npmjs.org/picomatch/-/picomatch-4.0.7.tgz. Extracting by manifest.
3587 silly tarball no local data for piccolore@https://registry.npmjs.org/piccolore/-/piccolore-0.1.3.tgz. Extracting by manifest.
3588 silly tarball no local data for p-queue@https://registry.npmjs.org/p-queue/-/p-queue-8.1.1.tgz. Extracting by manifest.
3589 silly tarball no local data for p-limit@https://registry.npmjs.org/p-limit/-/p-limit-6.2.0.tgz. Extracting by manifest.
3590 silly tarball no local data for mrmime@https://registry.npmjs.org/mrmime/-/mrmime-2.0.1.tgz. Extracting by manifest.
3591 silly tarball no local data for magicast@https://registry.npmjs.org/magicast/-/magicast-0.5.5.tgz. Extracting by manifest.
3592 silly tarball no local data for neotraverse@https://registry.npmjs.org/neotraverse/-/neotraverse-0.6.18.tgz. Extracting by manifest.
3593 silly tarball no local data for js-yaml@https://registry.npmjs.org/js-yaml/-/js-yaml-4.3.2.tgz. Extracting by manifest.
3594 silly tarball no local data for import-meta-resolve@https://registry.npmjs.org/import-meta-resolve/-/import-meta-resolve-4.2.0.tgz. Extracting by manifest.
3595 silly tarball no local data for http-cache-semantics@https://registry.npmjs.org/http-cache-semantics/-/http-cache-semantics-4.2.0.tgz. Extracting by manifest.
3596 silly tarball no local data for github-slugger@https://registry.npmjs.org/github-slugger/-/github-slugger-2.0.0.tgz. Extracting by manifest.
3597 silly tarball no local data for html-escaper@https://registry.npmjs.org/html-escaper/-/html-escaper-3.0.3.tgz. Extracting by manifest.
3598 silly tarball no local data for fontace@https://registry.npmjs.org/fontace/-/fontace-0.4.1.tgz. Extracting by manifest.
3599 silly tarball no local data for flattie@https://registry.npmjs.org/flattie/-/flattie-1.1.1.tgz. Extracting by manifest.
3600 silly tarball no local data for estree-walker@https://registry.npmjs.org/estree-walker/-/estree-walker-3.0.3.tgz. Extracting by manifest.
3601 silly tarball no local data for es-module-lexer@https://registry.npmjs.org/es-module-lexer/-/es-module-lexer-1.7.0.tgz. Extracting by manifest.
3602 silly tarball no local data for dset@https://registry.npmjs.org/dset/-/dset-3.1.4.tgz. Extracting by manifest.
3603 silly tarball no local data for esbuild@https://registry.npmjs.org/esbuild/-/esbuild-0.27.7.tgz. Extracting by manifest.
3604 silly tarball no local data for dlv@https://registry.npmjs.org/dlv/-/dlv-1.1.3.tgz. Extracting by manifest.
3605 silly tarball no local data for diff@https://registry.npmjs.org/diff/-/diff-8.0.4.tgz. Extracting by manifest.
3606 silly tarball no local data for devalue@https://registry.npmjs.org/devalue/-/devalue-5.9.4.tgz. Extracting by manifest.
3607 silly tarball no local data for cssesc@https://registry.npmjs.org/cssesc/-/cssesc-3.0.0.tgz. Extracting by manifest.
3608 silly tarball no local data for deterministic-object-hash@https://registry.npmjs.org/deterministic-object-hash/-/deterministic-object-hash-2.0.2.tgz. Extracting by manifest.
3609 silly tarball no local data for cookie@https://registry.npmjs.org/cookie/-/cookie-1.1.1.tgz. Extracting by manifest.
3610 silly tarball no local data for common-ancestor-path@https://registry.npmjs.org/common-ancestor-path/-/common-ancestor-path-1.0.1.tgz. Extracting by manifest.
3611 silly tarball no local data for clsx@https://registry.npmjs.org/clsx/-/clsx-2.1.1.tgz. Extracting by manifest.
3612 silly tarball no local data for boxen@https://registry.npmjs.org/boxen/-/boxen-8.0.1.tgz. Extracting by manifest.
3613 silly tarball no local data for axobject-query@https://registry.npmjs.org/axobject-query/-/axobject-query-4.1.0.tgz. Extracting by manifest.
3614 silly tarball no local data for aria-query@https://registry.npmjs.org/aria-query/-/aria-query-5.3.2.tgz. Extracting by manifest.
3615 silly tarball no local data for ci-info@https://registry.npmjs.org/ci-info/-/ci-info-4.4.0.tgz. Extracting by manifest.
3616 silly tarball no local data for acorn@https://registry.npmjs.org/acorn/-/acorn-8.18.0.tgz. Extracting by manifest.
3617 silly tarball no local data for @oslojs/encoding@https://registry.npmjs.org/@oslojs/encoding/-/encoding-1.1.0.tgz. Extracting by manifest.
3618 silly tarball no local data for @rollup/pluginutils@https://registry.npmjs.org/@rollup/pluginutils/-/pluginutils-5.4.0.tgz. Extracting by manifest.
3619 silly tarball no local data for @astrojs/telemetry@https://registry.npmjs.org/@astrojs/telemetry/-/telemetry-3.3.0.tgz. Extracting by manifest.
3620 silly tarball no local data for @capsizecss/unpack@https://registry.npmjs.org/@capsizecss/unpack/-/unpack-4.0.1.tgz. Extracting by manifest.
3621 silly tarball no local data for @astrojs/internal-helpers@https://registry.npmjs.org/@astrojs/internal-helpers/-/internal-helpers-0.7.6.tgz. Extracting by manifest.
3622 silly tarball no local data for @astrojs/markdown-remark@https://registry.npmjs.org/@astrojs/markdown-remark/-/markdown-remark-6.3.11.tgz. Extracting by manifest.
3623 silly tarball no local data for @types/babel__traverse@https://registry.npmjs.org/@types/babel__traverse/-/babel__traverse-7.28.0.tgz. Extracting by manifest.
3624 silly tarball no local data for @types/babel__generator@https://registry.npmjs.org/@types/babel__generator/-/babel__generator-7.27.0.tgz. Extracting by manifest.
3625 silly tarball no local data for @astrojs/compiler@https://registry.npmjs.org/@astrojs/compiler/-/compiler-2.13.1.tgz. Extracting by manifest.
3626 silly tarball no local data for @types/babel__template@https://registry.npmjs.org/@types/babel__template/-/babel__template-7.4.4.tgz. Extracting by manifest.
3627 silly tarball no local data for @babel/helper-string-parser@https://registry.npmjs.org/@babel/helper-string-parser/-/helper-string-parser-7.29.7.tgz. Extracting by manifest.
3628 silly tarball no local data for @babel/helper-globals@https://registry.npmjs.org/@babel/helper-globals/-/helper-globals-7.29.7.tgz. Extracting by manifest.
3629 silly tarball no local data for @babel/helper-module-imports@https://registry.npmjs.org/@babel/helper-module-imports/-/helper-module-imports-7.29.7.tgz. Extracting by manifest.
3630 silly tarball no local data for @babel/helper-plugin-utils@https://registry.npmjs.org/@babel/helper-plugin-utils/-/helper-plugin-utils-7.29.7.tgz. Extracting by manifest.
3631 silly tarball no local data for @babel/helper-validator-option@https://registry.npmjs.org/@babel/helper-validator-option/-/helper-validator-option-7.29.7.tgz. Extracting by manifest.
3632 silly tarball no local data for lru-cache@https://registry.npmjs.org/lru-cache/-/lru-cache-5.1.1.tgz. Extracting by manifest.
3633 silly tarball no local data for jsesc@https://registry.npmjs.org/jsesc/-/jsesc-3.1.0.tgz. Extracting by manifest.
3634 silly tarball no local data for @babel/compat-data@https://registry.npmjs.org/@babel/compat-data/-/compat-data-7.29.7.tgz. Extracting by manifest.
3635 silly tarball no local data for browserslist@https://registry.npmjs.org/browserslist/-/browserslist-4.29.3.tgz. Extracting by manifest.
3636 silly tarball no local data for @babel/helper-validator-identifier@https://registry.npmjs.org/@babel/helper-validator-identifier/-/helper-validator-identifier-7.29.7.tgz. Extracting by manifest.
3637 silly tarball no local data for picocolors@https://registry.npmjs.org/picocolors/-/picocolors-1.1.1.tgz. Extracting by manifest.
3638 silly tarball no local data for js-tokens@https://registry.npmjs.org/js-tokens/-/js-tokens-4.0.0.tgz. Extracting by manifest.
3639 silly tarball no local data for semver@https://registry.npmjs.org/semver/-/semver-6.3.1.tgz. Extracting by manifest.
3640 silly tarball no local data for gensync@https://registry.npmjs.org/gensync/-/gensync-1.0.0-beta.2.tgz. Extracting by manifest.
3641 silly tarball no local data for json5@https://registry.npmjs.org/json5/-/json5-2.2.3.tgz. Extracting by manifest.
3642 silly tarball no local data for @babel/types@https://registry.npmjs.org/@babel/types/-/types-7.29.8.tgz. Extracting by manifest.
3643 silly tarball no local data for convert-source-map@https://registry.npmjs.org/convert-source-map/-/convert-source-map-2.0.0.tgz. Extracting by manifest.
3644 silly tarball no local data for @babel/traverse@https://registry.npmjs.org/@babel/traverse/-/traverse-7.29.8.tgz. Extracting by manifest.
3645 silly tarball no local data for debug@https://registry.npmjs.org/debug/-/debug-4.4.3.tgz. Extracting by manifest.
3646 silly tarball no local data for @babel/template@https://registry.npmjs.org/@babel/template/-/template-7.29.7.tgz. Extracting by manifest.
3647 silly tarball no local data for @babel/parser@https://registry.npmjs.org/@babel/parser/-/parser-7.29.9.tgz. Extracting by manifest.
3648 silly tarball no local data for @babel/helpers@https://registry.npmjs.org/@babel/helpers/-/helpers-7.29.7.tgz. Extracting by manifest.
3649 silly tarball no local data for @babel/helper-module-transforms@https://registry.npmjs.org/@babel/helper-module-transforms/-/helper-module-transforms-7.29.7.tgz. Extracting by manifest.
3650 silly tarball no local data for @babel/helper-compilation-targets@https://registry.npmjs.org/@babel/helper-compilation-targets/-/helper-compilation-targets-7.29.7.tgz. Extracting by manifest.
3651 silly tarball no local data for @babel/code-frame@https://registry.npmjs.org/@babel/code-frame/-/code-frame-7.29.7.tgz. Extracting by manifest.
3652 silly tarball no local data for @babel/generator@https://registry.npmjs.org/@babel/generator/-/generator-7.29.8.tgz. Extracting by manifest.
3653 silly tarball no local data for @types/babel__core@https://registry.npmjs.org/@types/babel__core/-/babel__core-7.20.5.tgz. Extracting by manifest.
3654 silly tarball no local data for react-refresh@https://registry.npmjs.org/react-refresh/-/react-refresh-0.17.0.tgz. Extracting by manifest.
3655 silly tarball no local data for @rolldown/pluginutils@https://registry.npmjs.org/@rolldown/pluginutils/-/pluginutils-1.0.0-beta.27.tgz. Extracting by manifest.
3656 silly tarball no local data for csstype@https://registry.npmjs.org/csstype/-/csstype-3.2.3.tgz. Extracting by manifest.
3657 silly tarball no local data for @babel/plugin-transform-react-jsx-source@https://registry.npmjs.org/@babel/plugin-transform-react-jsx-source/-/plugin-transform-react-jsx-source-7.29.7.tgz. Extracting by manifest.
3658 silly tarball no local data for @babel/core@https://registry.npmjs.org/@babel/core/-/core-7.29.7.tgz. Extracting by manifest.
3659 silly tarball no local data for @tailwindcss/oxide-win32-x64-msvc@https://registry.npmjs.org/@tailwindcss/oxide-win32-x64-msvc/-/oxide-win32-x64-msvc-4.3.3.tgz. Extracting by manifest.
3660 silly tarball no local data for @babel/plugin-transform-react-jsx-self@https://registry.npmjs.org/@babel/plugin-transform-react-jsx-self/-/plugin-transform-react-jsx-self-7.29.7.tgz. Extracting by manifest.
3661 silly tarball no local data for @jridgewell/resolve-uri@https://registry.npmjs.org/@jridgewell/resolve-uri/-/resolve-uri-3.1.2.tgz. Extracting by manifest.
3662 silly tarball no local data for @jridgewell/sourcemap-codec@https://registry.npmjs.org/@jridgewell/sourcemap-codec/-/sourcemap-codec-1.6.0.tgz. Extracting by manifest.
3663 silly tarball no local data for source-map-js@https://registry.npmjs.org/source-map-js/-/source-map-js-1.2.2.tgz. Extracting by manifest.
3664 silly tarball no local data for @jridgewell/trace-mapping@https://registry.npmjs.org/@jridgewell/trace-mapping/-/trace-mapping-0.3.31.tgz. Extracting by manifest.
3665 silly tarball no local data for magic-string@https://registry.npmjs.org/magic-string/-/magic-string-0.30.21.tgz. Extracting by manifest.
3666 silly tarball no local data for @jridgewell/gen-mapping@https://registry.npmjs.org/@jridgewell/gen-mapping/-/gen-mapping-0.3.13.tgz. Extracting by manifest.
3667 silly tarball no local data for lightningcss@https://registry.npmjs.org/lightningcss/-/lightningcss-1.32.0.tgz. Extracting by manifest.
3668 silly tarball no local data for enhanced-resolve@https://registry.npmjs.org/enhanced-resolve/-/enhanced-resolve-5.26.0.tgz. Extracting by manifest.
3669 silly tarball no local data for @tailwindcss/node@https://registry.npmjs.org/@tailwindcss/node/-/node-4.3.3.tgz. Extracting by manifest.
3670 silly tarball no local data for @tailwindcss/oxide@https://registry.npmjs.org/@tailwindcss/oxide/-/oxide-4.3.3.tgz. Extracting by manifest.
3671 silly tarball no local data for @jridgewell/remapping@https://registry.npmjs.org/@jridgewell/remapping/-/remapping-2.3.5.tgz. Extracting by manifest.
3672 silly tarball no local data for jiti@https://registry.npmjs.org/jiti/-/jiti-2.7.0.tgz. Extracting by manifest.
3673 silly tarball no local data for ultrahtml@https://registry.npmjs.org/ultrahtml/-/ultrahtml-1.7.0.tgz. Extracting by manifest.
3674 silly tarball no local data for @vitejs/plugin-react@https://registry.npmjs.org/@vitejs/plugin-react/-/plugin-react-4.7.0.tgz. Extracting by manifest.
3675 silly tarball no local data for vite@https://registry.npmjs.org/vite/-/vite-6.4.3.tgz. Extracting by manifest.
3676 silly tarball no local data for tailwindcss@https://registry.npmjs.org/tailwindcss/-/tailwindcss-4.3.3.tgz. Extracting by manifest.
3677 silly tarball no local data for gsap@https://registry.npmjs.org/gsap/-/gsap-3.15.0.tgz. Extracting by manifest.
3678 silly tarball no local data for typescript@https://registry.npmjs.org/typescript/-/typescript-5.9.3.tgz. Extracting by manifest.
3679 silly tarball no local data for @types/react-dom@https://registry.npmjs.org/@types/react-dom/-/react-dom-19.3.0.tgz. Extracting by manifest.
3680 silly tarball no local data for @tailwindcss/vite@https://registry.npmjs.org/@tailwindcss/vite/-/vite-4.3.3.tgz. Extracting by manifest.
3681 silly tarball no local data for astro@https://registry.npmjs.org/astro/-/astro-5.18.2.tgz. Extracting by manifest.
3682 silly tarball no local data for react@https://registry.npmjs.org/react/-/react-19.3.0.tgz. Extracting by manifest.
3683 silly tarball no local data for @types/react@https://registry.npmjs.org/@types/react/-/react-19.3.0.tgz. Extracting by manifest.
3684 silly tarball no local data for react-dom@https://registry.npmjs.org/react-dom/-/react-dom-19.3.0.tgz. Extracting by manifest.
3685 silly tarball no local data for @astrojs/react@https://registry.npmjs.org/@astrojs/react/-/react-4.4.2.tgz. Extracting by manifest.
3686 silly tarball no local data for picomatch@https://registry.npmjs.org/picomatch/-/picomatch-2.3.2.tgz. Extracting by manifest.
3687 silly tarball no local data for mdn-data@https://registry.npmjs.org/mdn-data/-/mdn-data-2.0.28.tgz. Extracting by manifest.
3688 silly tarball no local data for css-tree@https://registry.npmjs.org/css-tree/-/css-tree-2.2.1.tgz. Extracting by manifest.
3689 silly tarball no local data for strip-ansi@https://registry.npmjs.org/strip-ansi/-/strip-ansi-6.0.1.tgz. Extracting by manifest.
3690 silly tarball no local data for entities@https://registry.npmjs.org/entities/-/entities-4.5.0.tgz. Extracting by manifest.
3691 silly tarball no local data for emoji-regex@https://registry.npmjs.org/emoji-regex/-/emoji-regex-8.0.0.tgz. Extracting by manifest.
3692 silly tarball no local data for ansi-regex@https://registry.npmjs.org/ansi-regex/-/ansi-regex-5.0.1.tgz. Extracting by manifest.
3693 silly tarball no local data for lru-cache@https://registry.npmjs.org/lru-cache/-/lru-cache-11.5.3.tgz. Extracting by manifest.
3694 silly tarball no local data for string-width@https://registry.npmjs.org/string-width/-/string-width-4.2.3.tgz. Extracting by manifest.
3695 silly tarball no local data for estree-walker@https://registry.npmjs.org/estree-walker/-/estree-walker-2.0.2.tgz. Extracting by manifest.
3696 silly tarball no local data for semver@https://registry.npmjs.org/semver/-/semver-7.8.5.tgz. Extracting by manifest.
3697 silly tarball no local data for esbuild@https://registry.npmjs.org/esbuild/-/esbuild-0.25.12.tgz. Extracting by manifest.
3698 silly tarball no local data for semver@https://registry.npmjs.org/semver/-/semver-7.8.5.tgz. Extracting by manifest.
3699 silly tarball no local data for @esbuild/win32-x64@https://registry.npmjs.org/@esbuild/win32-x64/-/win32-x64-0.25.12.tgz. Extracting by manifest.
3700 http fetch POST 200 https://registry.npmjs.org/-/npm/v1/security/advisories/bulk 359ms
3701 silly audit report {
3701 silly audit report   astro: [
3701 silly audit report     {
3701 silly audit report       id: 1118920,
3701 silly audit report       url: 'https://github.com/advisories/GHSA-xr5h-phrj-8vxv',
3701 silly audit report       title: 'Astro: Server island encrypted parameters vulnerable to cross-component replay',
3701 silly audit report       severity: 'low',
3701 silly audit report       vulnerable_versions: '<6.1.10',
3701 silly audit report       cwe: [Array],
3701 silly audit report       cvss: [Object]
3701 silly audit report     },
3701 silly audit report     {
3701 silly audit report       id: 1117141,
3701 silly audit report       url: 'https://github.com/advisories/GHSA-j687-52p2-xcff',
3701 silly audit report       title: 'Astro: XSS in define:vars via incomplete </script> tag sanitization',
3701 silly audit report       severity: 'moderate',
3701 silly audit report       vulnerable_versions: '<6.1.6',
3701 silly audit report       cwe: [Array],
3701 silly audit report       cvss: [Object]
3701 silly audit report     },
3701 silly audit report     {
3701 silly audit report       id: 1123700,
3701 silly audit report       url: 'https://github.com/advisories/GHSA-jrpj-wcv7-9fh9',
3701 silly audit report       title: 'Astro: XSS via Unescaped Attribute Names in Spread Props',
3701 silly audit report       severity: 'moderate',
3701 silly audit report       vulnerable_versions: '<6.4.6',
3701 silly audit report       cwe: [Array],
3701 silly audit report       cvss: [Object]
3701 silly audit report     },
3701 silly audit report     {
3701 silly audit report       id: 1139373,
3701 silly audit report       url: 'https://github.com/advisories/GHSA-f48w-9m4c-m7f5',
3701 silly audit report       title: 'Astro: XSS via unescaped spread attribute names in renderHTMLElement (incomplete fix for CVE-2026-54298)',
3701 silly audit report       severity: 'moderate',
3701 silly audit report       vulnerable_versions: '<7.0.6',
3701 silly audit report       cwe: [Array],
3701 silly audit report       cvss: [Object]
3701 silly audit report     },
3701 silly audit report     {
3701 silly audit report       id: 1139375,
3701 silly audit report       url: 'https://github.com/advisories/GHSA-7pw4-f3q4-r2p2',
3701 silly audit report       title: 'Astro: Cross-site scripting via unescaped transition:* directive values on hydrated islands',
3701 silly audit report       severity: 'low',
3701 silly audit report       vulnerable_versions: '>=3.10.0 <7.0.4',
3701 silly audit report       cwe: [Array],
3701 silly audit report       cvss: [Object]
3701 silly audit report     },
3701 silly audit report     {
3701 silly audit report       id: 1139376,
3701 silly audit report       url: 'https://github.com/advisories/GHSA-4g3v-8h47-v7g6',
3701 silly audit report       title: 'Astro: Reflected XSS via unescaped View Transition animation properties',
3701 silly audit report       severity: 'moderate',
3701 silly audit report       vulnerable_versions: '>=2.9.0 <=7.0.9',
3701 silly audit report       cwe: [Array],
3701 silly audit report       cvss: [Object]
3701 silly audit report     },
3701 silly audit report     {
3701 silly audit report       id: 1139377,
3701 silly audit report       url: 'https://github.com/advisories/GHSA-2pvr-wf23-7pc7',
3701 silly audit report       title: 'Astro: Host header SSRF in prerendered error page fetch',
3701 silly audit report       severity: 'high',
3701 silly audit report       vulnerable_versions: '<6.4.6',
3701 silly audit report       cwe: [Array],
3701 silly audit report       cvss: [Object]
3701 silly audit report     },
3701 silly audit report     {
3701 silly audit report       id: 1139378,
3701 silly audit report       url: 'https://github.com/advisories/GHSA-8hv8-536x-4wqp',
3701 silly audit report       title: 'Astro: Reflected XSS via unescaped slot name',
3701 silly audit report       severity: 'high',
3701 silly audit report       vulnerable_versions: '<6.3.3',
3701 silly audit report       cwe: [Array],
3701 silly audit report       cvss: [Object]
3701 silly audit report     },
3701 silly audit report     {
3701 silly audit report       id: 1193723,
3701 silly audit report       url: 'https://github.com/advisories/GHSA-26w7-cxv4-gfx2',
3701 silly audit report       title: 'Astro: Remote code execution through AVIF image optimization',
3701 silly audit report       severity: 'critical',
3701 silly audit report       vulnerable_versions: '<7.2.8',
3701 silly audit report       cwe: [Array],
3701 silly audit report       cvss: [Object]
3701 silly audit report     },
3701 silly audit report     {
3701 silly audit report       id: 1193724,
3701 silly audit report       url: 'https://github.com/advisories/GHSA-376h-93r7-7g6f',
3701 silly audit report       title: 'Astro: Authorization bypass from missing path-segment boundary check when stripping the configured base',
3701 silly audit report       severity: 'moderate',
3701 silly audit report       vulnerable_versions: '<=7.2.3',
3701 silly audit report       cwe: [Array],
3701 silly audit report       cvss: [Object]
3701 silly audit report     }
3701 silly audit report   ],
3701 silly audit report   esbuild: [
3701 silly audit report     {
3701 silly audit report       id: 1120680,
3701 silly audit report       url: 'https://github.com/advisories/GHSA-g7r4-m6w7-qqqr',
3701 silly audit report       title: 'esbuild allows arbitrary file read when running the development server on Windows',
3701 silly audit report       severity: 'low',
3701 silly audit report       vulnerable_versions: '>=0.27.3 <0.28.1',
3701 silly audit report       cwe: [Array],
3701 silly audit report       cvss: [Object]
3701 silly audit report     }
3701 silly audit report   ],
3701 silly audit report   'http-cache-semantics': [
3701 silly audit report     {
3701 silly audit report       id: 1240991,
3701 silly audit report       url: 'https://github.com/advisories/GHSA-ch52-4w7c-c8xp',
3701 silly audit report       title: 'http-cache-semantics max-stale handling can disclose cross-user cached responses',
3701 silly audit report       severity: 'high',
3701 silly audit report       vulnerable_versions: '<=4.2.0',
3701 silly audit report       cwe: [Array],
3701 silly audit report       cvss: [Object]
3701 silly audit report     }
3701 silly audit report   ],
3701 silly audit report   sharp: [
3701 silly audit report     {
3701 silly audit report       id: 1124066,
3701 silly audit report       url: 'https://github.com/advisories/GHSA-f88m-g3jw-g9cj',
3701 silly audit report       title: 'sharp inherited vulnerabilities in libvips: CVE-2026-33327, CVE-2026-33328, CVE-2026-35590, CVE-2026-35591',
3701 silly audit report       severity: 'high',
3701 silly audit report       vulnerable_versions: '<0.35.0',
3701 silly audit report       cwe: [Array],
3701 silly audit report       cvss: [Object]
3701 silly audit report     },
3701 silly audit report     {
3701 silly audit report       id: 1193725,
3701 silly audit report       url: 'https://github.com/advisories/GHSA-rgj7-g3m4-5g8c',
3701 silly audit report       title: 'sharp: Vulnerabilities in libheif: GHSA-g89c-p67h-r497 and GHSA-2jg2-4ch7-h545',
3701 silly audit report       severity: 'high',
3701 silly audit report       vulnerable_versions: '<0.35.4',
3701 silly audit report       cwe: [Array],
3701 silly audit report       cvss: [Object]
3701 silly audit report     }
3701 silly audit report   ]
3701 silly audit report }
3702 silly packumentCache corgi:https://registry.npmjs.org/astro cache-miss
3703 silly packumentCache corgi:https://registry.npmjs.org/esbuild cache-miss
3704 silly packumentCache corgi:https://registry.npmjs.org/http-cache-semantics cache-miss
3705 silly packumentCache corgi:https://registry.npmjs.org/sharp cache-miss
3706 http fetch GET 200 https://registry.npmjs.org/nanoid/-/nanoid-3.3.19.tgz 417ms (cache miss)
3707 http fetch GET 200 https://registry.npmjs.org/is-fullwidth-code-point/-/is-fullwidth-code-point-3.0.0.tgz 420ms (cache miss)
3708 http fetch GET 200 https://registry.npmjs.org/uncrypto/-/uncrypto-0.1.3.tgz 416ms (cache miss)
3709 http fetch GET 200 https://registry.npmjs.org/ansi-styles/-/ansi-styles-6.2.3.tgz 418ms (cache miss)
3710 http fetch GET 200 https://registry.npmjs.org/escalade/-/escalade-3.2.0.tgz 418ms (cache miss)
3711 http fetch GET 200 https://registry.npmjs.org/cookie-es/-/cookie-es-1.2.3.tgz 435ms (cache miss)
3712 http fetch GET 200 https://registry.npmjs.org/readdirp/-/readdirp-5.1.1.tgz 435ms (cache miss)
3713 http fetch GET 200 https://registry.npmjs.org/normalize-path/-/normalize-path-3.0.0.tgz 451ms (cache miss)
3714 http fetch GET 200 https://registry.npmjs.org/array-iterate/-/array-iterate-2.0.1.tgz 451ms (cache miss)
3715 http fetch GET 200 https://registry.npmjs.org/anymatch/-/anymatch-3.1.3.tgz 451ms (cache miss)
3716 http fetch GET 200 https://registry.npmjs.org/ohash/-/ohash-2.0.12.tgz 450ms (cache miss)
3717 http fetch GET 200 https://registry.npmjs.org/trough/-/trough-2.2.0.tgz 450ms (cache miss)
3718 http fetch GET 200 https://registry.npmjs.org/fdir/-/fdir-6.5.0.tgz 467ms (cache miss)
3719 http fetch GET 200 https://registry.npmjs.org/is-plain-obj/-/is-plain-obj-4.1.0.tgz 468ms (cache miss)
3720 http fetch GET 200 https://registry.npmjs.org/bail/-/bail-2.0.2.tgz 467ms (cache miss)
3721 http fetch GET 200 https://registry.npmjs.org/destr/-/destr-2.0.5.tgz 494ms (cache miss)
3722 http fetch GET 200 https://registry.npmjs.org/domelementtype/-/domelementtype-2.3.0.tgz 492ms (cache miss)
3723 http fetch GET 200 https://registry.npmjs.org/domhandler/-/domhandler-5.0.3.tgz 516ms (cache miss)
3724 http fetch GET 200 https://registry.npmjs.org/dom-serializer/-/dom-serializer-2.0.0.tgz 534ms (cache miss)
3725 http fetch GET 200 https://registry.npmjs.org/ansi-regex/-/ansi-regex-6.4.0.tgz 531ms (cache miss)
3726 http fetch GET 200 https://registry.npmjs.org/extend/-/extend-3.0.2.tgz 551ms (cache miss)
3727 http fetch GET 200 https://registry.npmjs.org/boolbase/-/boolbase-1.0.0.tgz 548ms (cache miss)
3728 http fetch GET 200 https://registry.npmjs.org/character-entities-legacy/-/character-entities-legacy-3.0.0.tgz 546ms (cache miss)
3729 http fetch GET 200 https://registry.npmjs.org/get-east-asian-width/-/get-east-asian-width-1.7.0.tgz 546ms (cache miss)
3730 http fetch GET 200 https://registry.npmjs.org/regex-recursion/-/regex-recursion-6.0.2.tgz 583ms (cache miss)
3731 http fetch GET 200 https://registry.npmjs.org/sax/-/sax-1.6.1.tgz 611ms (cache miss)
3732 http fetch GET 200 https://registry.npmjs.org/regex-utilities/-/regex-utilities-2.3.0.tgz 608ms (cache miss)
3733 http fetch GET 200 https://registry.npmjs.org/unist-util-visit-children/-/unist-util-visit-children-3.0.0.tgz 605ms (cache miss)
3734 http fetch GET 200 https://registry.npmjs.org/unist-util-modify-children/-/unist-util-modify-children-4.0.0.tgz 605ms (cache miss)
3735 http fetch GET 200 https://registry.npmjs.org/yoctocolors/-/yoctocolors-2.2.0.tgz 646ms (cache miss)
3736 http fetch GET 200 https://registry.npmjs.org/strip-ansi/-/strip-ansi-7.2.0.tgz 634ms (cache miss)
3737 http fetch GET 200 https://registry.npmjs.org/character-entities-html4/-/character-entities-html4-2.1.0.tgz 696ms (cache miss)
3738 http fetch GET 200 https://registry.npmjs.org/nlcst-to-string/-/nlcst-to-string-4.0.0.tgz 694ms (cache miss)
3739 http fetch GET 200 https://registry.npmjs.org/retext-smartypants/-/retext-smartypants-6.2.0.tgz 693ms (cache miss)
3740 http fetch GET 200 https://registry.npmjs.org/@types/nlcst/-/nlcst-2.0.3.tgz 720ms (cache miss)
3741 http fetch GET 200 https://registry.npmjs.org/micromark-extension-gfm-task-list-item/-/micromark-extension-gfm-task-list-item-2.1.0.tgz 719ms (cache miss)
3742 http fetch GET 200 https://registry.npmjs.org/retext/-/retext-9.0.0.tgz 719ms (cache miss)
3743 http fetch GET 200 https://registry.npmjs.org/micromark-extension-gfm-tagfilter/-/micromark-extension-gfm-tagfilter-2.0.0.tgz 766ms (cache miss)
3744 http fetch GET 200 https://registry.npmjs.org/emoji-regex/-/emoji-regex-10.6.0.tgz 788ms (cache miss)
3745 http fetch GET 200 https://registry.npmjs.org/@shikijs/types/-/types-3.23.0.tgz 788ms (cache miss)
3746 http fetch GET 200 https://registry.npmjs.org/micromark-factory-title/-/micromark-factory-title-2.0.1.tgz 782ms (cache miss)
3747 http fetch GET 200 https://registry.npmjs.org/micromark-factory-whitespace/-/micromark-factory-whitespace-2.0.1.tgz 783ms (cache miss)
3748 http fetch GET 200 https://registry.npmjs.org/@types/ms/-/ms-2.1.0.tgz 783ms (cache miss)
3749 http fetch GET 200 https://registry.npmjs.org/micromark-factory-label/-/micromark-factory-label-2.0.1.tgz 804ms (cache miss)
3750 http fetch GET 200 https://registry.npmjs.org/micromark-util-resolve-all/-/micromark-util-resolve-all-2.0.1.tgz 804ms (cache miss)
3751 http fetch GET 200 https://registry.npmjs.org/chokidar/-/chokidar-5.0.0.tgz 832ms (cache miss)
3752 http fetch GET 200 https://registry.npmjs.org/micromark-util-combine-extensions/-/micromark-util-combine-extensions-2.0.1.tgz 820ms (cache miss)
3753 http fetch GET 200 https://registry.npmjs.org/micromark-factory-space/-/micromark-factory-space-2.1.0.tgz 821ms (cache miss)
3754 http fetch GET 200 https://registry.npmjs.org/micromark-util-html-tag-name/-/micromark-util-html-tag-name-2.0.1.tgz 820ms (cache miss)
3755 http fetch GET 200 https://registry.npmjs.org/@types/debug/-/debug-4.1.13.tgz 820ms (cache miss)
3756 http fetch GET 200 https://registry.npmjs.org/mdast-util-phrasing/-/mdast-util-phrasing-4.1.0.tgz 834ms (cache miss)
3757 http fetch GET 200 https://registry.npmjs.org/micromark-util-classify-character/-/micromark-util-classify-character-2.0.1.tgz 834ms (cache miss)
3758 http fetch GET 200 https://registry.npmjs.org/escape-string-regexp/-/escape-string-regexp-5.0.0.tgz 834ms (cache miss)
3759 http fetch GET 200 https://registry.npmjs.org/unist-util-is/-/unist-util-is-6.0.1.tgz 833ms (cache miss)
3760 http fetch GET 200 https://registry.npmjs.org/micromark-util-edit-map/-/micromark-util-edit-map-1.0.0.tgz 852ms (cache miss)
3761 http fetch GET 200 https://registry.npmjs.org/radix3/-/radix3-1.1.2.tgz 886ms (cache miss)
3762 http fetch GET 200 https://registry.npmjs.org/retext-latin/-/retext-latin-4.0.0.tgz 871ms (cache miss)
3763 http fetch GET 200 https://registry.npmjs.org/mdast-util-find-and-replace/-/mdast-util-find-and-replace-3.0.2.tgz 867ms (cache miss)
3764 http fetch GET 200 https://registry.npmjs.org/longest-streak/-/longest-streak-3.1.0.tgz 868ms (cache miss)
3765 http fetch GET 200 https://registry.npmjs.org/decode-named-character-reference/-/decode-named-character-reference-1.3.0.tgz 866ms (cache miss)
3766 http fetch GET 200 https://registry.npmjs.org/retext-stringify/-/retext-stringify-4.0.0.tgz 886ms (cache miss)
3767 http fetch GET 200 https://registry.npmjs.org/@shikijs/vscode-textmate/-/vscode-textmate-10.0.2.tgz 893ms (cache miss)
3768 http fetch GET 200 https://registry.npmjs.org/unist-util-stringify-position/-/unist-util-stringify-position-4.0.0.tgz 883ms (cache miss)
3769 http fetch GET 200 https://registry.npmjs.org/micromark-util-decode-string/-/micromark-util-decode-string-2.0.1.tgz 883ms (cache miss)
3770 http fetch GET 200 https://registry.npmjs.org/mdast-util-gfm-footnote/-/mdast-util-gfm-footnote-2.1.0.tgz 881ms (cache miss)
3771 http fetch GET 200 https://registry.npmjs.org/mdast-util-gfm-autolink-literal/-/mdast-util-gfm-autolink-literal-2.0.1.tgz 891ms (cache miss)
3772 http fetch GET 200 https://registry.npmjs.org/stringify-entities/-/stringify-entities-4.0.4.tgz 891ms (cache miss)
3773 http fetch GET 200 https://registry.npmjs.org/ccount/-/ccount-2.0.1.tgz 892ms (cache miss)
3774 http fetch GET 200 https://registry.npmjs.org/micromark-util-encode/-/micromark-util-encode-2.0.1.tgz 904ms (cache miss)
3775 http fetch GET 200 https://registry.npmjs.org/trim-lines/-/trim-lines-3.0.1.tgz 903ms (cache miss)
3776 http fetch GET 200 https://registry.npmjs.org/micromark-util-character/-/micromark-util-character-2.1.1.tgz 905ms (cache miss)
3777 http fetch GET 200 https://registry.npmjs.org/zwitch/-/zwitch-2.0.4.tgz 917ms (cache miss)
3778 http fetch GET 200 https://registry.npmjs.org/html-void-elements/-/html-void-elements-3.0.0.tgz 918ms (cache miss)
3779 http fetch GET 200 https://registry.npmjs.org/ufo/-/ufo-1.6.4.tgz 948ms (cache miss)
3780 http fetch GET 200 https://registry.npmjs.org/micromark-extension-gfm/-/micromark-extension-gfm-3.0.0.tgz 933ms (cache miss)
3781 http fetch GET 200 https://registry.npmjs.org/micromark-util-types/-/micromark-util-types-2.0.3.tgz 932ms (cache miss)
3782 http fetch GET 200 https://registry.npmjs.org/hast-util-raw/-/hast-util-raw-9.1.0.tgz 931ms (cache miss)
3783 http fetch GET 200 https://registry.npmjs.org/sisteransi/-/sisteransi-1.0.5.tgz 925ms (cache miss)
3784 http fetch GET 200 https://registry.npmjs.org/kleur/-/kleur-3.0.3.tgz 924ms (cache miss)
3785 http fetch GET 200 https://registry.npmjs.org/rehype-parse/-/rehype-parse-9.0.1.tgz 925ms (cache miss)
3786 http fetch GET 200 https://registry.npmjs.org/scheduler/-/scheduler-0.28.0.tgz 925ms (cache miss)
3787 http fetch GET 200 https://registry.npmjs.org/@img/colour/-/colour-1.1.0.tgz 974ms (cache miss)
3788 http fetch GET 200 https://registry.npmjs.org/character-entities/-/character-entities-2.0.2.tgz 966ms (cache miss)
3789 http fetch GET 200 https://registry.npmjs.org/hast-util-to-parse5/-/hast-util-to-parse5-8.0.1.tgz 959ms (cache miss)
3790 http fetch GET 200 https://registry.npmjs.org/yocto-queue/-/yocto-queue-1.2.2.tgz 951ms (cache miss)
3791 http fetch GET 200 https://registry.npmjs.org/@types/mdast/-/mdast-4.0.4.tgz 953ms (cache miss)
3792 http fetch GET 200 https://registry.npmjs.org/space-separated-tokens/-/space-separated-tokens-2.0.2.tgz 951ms (cache miss)
3793 http fetch GET 200 https://registry.npmjs.org/is-inside-container/-/is-inside-container-1.0.0.tgz 952ms (cache miss)
3794 http fetch GET 200 https://registry.npmjs.org/defu/-/defu-6.1.7.tgz 1003ms (cache miss)
3795 http fetch GET 200 https://registry.npmjs.org/markdown-table/-/markdown-table-3.0.4.tgz 984ms (cache miss)
3796 http fetch GET 200 https://registry.npmjs.org/web-namespaces/-/web-namespaces-2.0.1.tgz 979ms (cache miss)
3797 http fetch GET 200 https://registry.npmjs.org/yallist/-/yallist-3.1.1.tgz 981ms (cache miss)
3798 http fetch GET 200 https://registry.npmjs.org/vfile-location/-/vfile-location-5.0.3.tgz 979ms (cache miss)
3799 http fetch GET 200 https://registry.npmjs.org/hast-util-parse-selector/-/hast-util-parse-selector-4.0.0.tgz 981ms (cache miss)
3800 http fetch GET 200 https://registry.npmjs.org/dequal/-/dequal-2.0.3.tgz 983ms (cache miss)
3801 http fetch GET 200 https://registry.npmjs.org/p-timeout/-/p-timeout-6.1.4.tgz 993ms (cache miss)
3802 http fetch GET 200 https://registry.npmjs.org/@types/unist/-/unist-3.0.3.tgz 991ms (cache miss)
3803 http fetch GET 200 https://registry.npmjs.org/@types/hast/-/hast-3.0.5.tgz 1021ms (cache miss)
3804 http fetch GET 200 https://registry.npmjs.org/iron-webcrypto/-/iron-webcrypto-1.2.1.tgz 1067ms (cache miss)
3805 http fetch GET 200 https://registry.npmjs.org/mdast-util-gfm-task-list-item/-/mdast-util-gfm-task-list-item-2.0.0.tgz 1044ms (cache miss)
3806 http fetch GET 200 https://registry.npmjs.org/ms/-/ms-2.1.3.tgz 1032ms (cache miss)
3807 http fetch GET 200 https://registry.npmjs.org/mdast-util-to-string/-/mdast-util-to-string-4.0.0.tgz 1054ms (cache miss)
3808 http fetch GET 200 https://registry.npmjs.org/mdast-util-gfm-table/-/mdast-util-gfm-table-2.0.0.tgz 1057ms (cache miss)
3809 http fetch GET 200 https://registry.npmjs.org/update-browserslist-db/-/update-browserslist-db-1.3.3.tgz 1041ms (cache miss)
3810 http fetch GET 200 https://registry.npmjs.org/remark-stringify/-/remark-stringify-11.0.0.tgz 1071ms (cache miss)
3811 http fetch GET 200 https://registry.npmjs.org/hast-util-whitespace/-/hast-util-whitespace-3.0.0.tgz 1070ms (cache miss)
3812 http fetch GET 200 https://registry.npmjs.org/base-64/-/base-64-1.0.0.tgz 1056ms (cache miss)
3813 http fetch GET 200 https://registry.npmjs.org/node-releases/-/node-releases-2.0.57.tgz 1056ms (cache miss)
3814 http fetch GET 200 https://registry.npmjs.org/micromark-factory-destination/-/micromark-factory-destination-2.0.1.tgz 1086ms (cache miss)
3815 http fetch GET 200 https://registry.npmjs.org/mdast-util-gfm-strikethrough/-/mdast-util-gfm-strikethrough-2.0.1.tgz 1088ms (cache miss)
3816 http fetch GET 200 https://registry.npmjs.org/unist-util-position/-/unist-util-position-5.0.0.tgz 1084ms (cache miss)
3817 http fetch GET 200 https://registry.npmjs.org/micromark-util-chunked/-/micromark-util-chunked-2.0.1.tgz 1104ms (cache miss)
3818 http fetch GET 200 https://registry.npmjs.org/devlop/-/devlop-1.1.0.tgz 1083ms (cache miss)
3819 http fetch GET 200 https://registry.npmjs.org/micromark-util-normalize-identifier/-/micromark-util-normalize-identifier-2.0.1.tgz 1111ms (cache miss)
3820 http fetch GET 200 https://registry.npmjs.org/@shikijs/core/-/core-3.23.0.tgz 1132ms (cache miss)
3821 http fetch GET 200 https://registry.npmjs.org/micromark-util-decode-numeric-character-reference/-/micromark-util-decode-numeric-character-reference-2.0.2.tgz 1124ms (cache miss)
3822 http fetch GET 200 https://registry.npmjs.org/widest-line/-/widest-line-5.0.0.tgz 1104ms (cache miss)
3823 http fetch GET 200 https://registry.npmjs.org/hast-util-is-element/-/hast-util-is-element-3.0.0.tgz 1116ms (cache miss)
3824 http fetch GET 200 https://registry.npmjs.org/detect-libc/-/detect-libc-2.1.2.tgz 1124ms (cache miss)
3825 http fetch GET 200 https://registry.npmjs.org/micromark-util-sanitize-uri/-/micromark-util-sanitize-uri-2.0.1.tgz 1140ms (cache miss)
3826 http fetch GET 200 https://registry.npmjs.org/wrap-ansi/-/wrap-ansi-9.0.2.tgz 1124ms (cache miss)
3827 http fetch GET 200 https://registry.npmjs.org/string-width/-/string-width-7.2.0.tgz 1129ms (cache miss)
3828 http fetch GET 200 https://registry.npmjs.org/@shikijs/engine-javascript/-/engine-javascript-3.23.0.tgz 1166ms (cache miss)
3829 http fetch GET 200 https://registry.npmjs.org/cli-boxes/-/cli-boxes-3.0.0.tgz 1136ms (cache miss)
3830 http fetch GET 200 https://registry.npmjs.org/comma-separated-tokens/-/comma-separated-tokens-2.0.3.tgz 1143ms (cache miss)
3831 http fetch GET 200 https://registry.npmjs.org/argparse/-/argparse-2.0.1.tgz 1151ms (cache miss)
3832 http fetch GET 200 https://registry.npmjs.org/h3/-/h3-1.15.11.tgz 1206ms (cache miss)
3833 http fetch GET 200 https://registry.npmjs.org/camelcase/-/camelcase-8.0.0.tgz 1164ms (cache miss)
3834 http fetch GET 200 https://registry.npmjs.org/ansi-align/-/ansi-align-3.0.1.tgz 1169ms (cache miss)
3835 http fetch GET 200 https://registry.npmjs.org/which-pm-runs/-/which-pm-runs-1.1.0.tgz 1190ms (cache miss)
3836 http fetch GET 200 https://registry.npmjs.org/graceful-fs/-/graceful-fs-4.2.11.tgz 1212ms (cache miss)
3837 http fetch GET 200 https://registry.npmjs.org/is-wsl/-/is-wsl-3.1.1.tgz 1208ms (cache miss)
3838 http fetch GET 200 https://registry.npmjs.org/eventemitter3/-/eventemitter3-5.0.4.tgz 1227ms (cache miss)
3839 http fetch GET 200 https://registry.npmjs.org/ofetch/-/ofetch-1.5.1.tgz 1266ms (cache miss)
3840 http fetch GET 200 https://registry.npmjs.org/micromark-extension-gfm-strikethrough/-/micromark-extension-gfm-strikethrough-2.1.0.tgz 1258ms (cache miss)
3841 http fetch GET 200 https://registry.npmjs.org/tslib/-/tslib-2.8.1.tgz 1266ms (cache miss)
3842 http fetch GET 200 https://registry.npmjs.org/micromark-util-subtokenize/-/micromark-util-subtokenize-2.1.0.tgz 1263ms (cache miss)
3843 http fetch GET 200 https://registry.npmjs.org/micromark-extension-gfm-footnote/-/micromark-extension-gfm-footnote-2.1.0.tgz 1268ms (cache miss)
3844 http fetch GET 200 https://registry.npmjs.org/micromark-extension-gfm-autolink-literal/-/micromark-extension-gfm-autolink-literal-2.1.0.tgz 1271ms (cache miss)
3845 http fetch GET 200 https://registry.npmjs.org/baseline-browser-mapping/-/baseline-browser-mapping-2.11.27.tgz 1247ms (cache miss)
3846 http fetch GET 200 https://registry.npmjs.org/@ungap/structured-clone/-/structured-clone-1.4.0.tgz 1285ms (cache miss)
3847 http fetch GET 200 https://registry.npmjs.org/micromark-util-symbol/-/micromark-util-symbol-2.0.1.tgz 1307ms (cache miss)
3848 http fetch GET 200 https://registry.npmjs.org/electron-to-chromium/-/electron-to-chromium-1.5.444.tgz 1307ms (cache miss)
3849 http fetch GET 200 https://registry.npmjs.org/commander/-/commander-11.1.0.tgz 1370ms (cache miss)
3850 http fetch GET 200 https://registry.npmjs.org/@types/estree/-/estree-1.0.9.tgz 1331ms (cache miss)
3851 http fetch GET 200 https://registry.npmjs.org/unist-util-visit-parents/-/unist-util-visit-parents-6.0.2.tgz 1332ms (cache miss)
3852 http fetch GET 200 https://registry.npmjs.org/@emnapi/runtime/-/runtime-1.11.3.tgz 1382ms (cache miss)
3853 http fetch GET 200 https://registry.npmjs.org/@shikijs/engine-oniguruma/-/engine-oniguruma-3.23.0.tgz 1383ms (cache miss)
3854 http fetch GET 200 https://registry.npmjs.org/mdast-util-from-markdown/-/mdast-util-from-markdown-2.1.0.tgz 1370ms (cache miss)
3855 http fetch GET 200 https://registry.npmjs.org/is-docker/-/is-docker-3.0.0.tgz 1354ms (cache miss)
3856 http fetch GET 200 https://registry.npmjs.org/unist-util-remove-position/-/unist-util-remove-position-5.0.0.tgz 1364ms (cache miss)
3857 http fetch GET 200 https://registry.npmjs.org/nth-check/-/nth-check-2.1.1.tgz 1437ms (cache miss)
3858 http fetch GET 200 https://registry.npmjs.org/tapable/-/tapable-2.3.3.tgz 1403ms (cache miss)
3859 http fetch GET 200 https://registry.npmjs.org/remark-parse/-/remark-parse-11.0.0.tgz 1398ms (cache miss)
3860 http fetch GET 200 https://registry.npmjs.org/rehype-stringify/-/rehype-stringify-10.0.1.tgz 1418ms (cache miss)
3861 http fetch GET 200 https://registry.npmjs.org/remark-smartypants/-/remark-smartypants-3.0.3.tgz 1425ms (cache miss)
3862 http fetch GET 200 https://registry.npmjs.org/chalk/-/chalk-5.6.2.tgz 1438ms (cache miss)
3863 http fetch GET 200 https://registry.npmjs.org/mdast-util-gfm/-/mdast-util-gfm-3.1.0.tgz 1472ms (cache miss)
3864 http fetch GET 200 https://registry.npmjs.org/remark-gfm/-/remark-gfm-4.0.1.tgz 1467ms (cache miss)
3865 http fetch GET 200 https://registry.npmjs.org/rehype-raw/-/rehype-raw-7.0.0.tgz 1487ms (cache miss)
3866 http fetch GET 200 https://registry.npmjs.org/mdast-util-definitions/-/mdast-util-definitions-6.0.0.tgz 1503ms (cache miss)
3867 http fetch GET 200 https://registry.npmjs.org/hast-util-to-text/-/hast-util-to-text-4.0.2.tgz 1504ms (cache miss)
3868 http fetch GET 200 https://registry.npmjs.org/hast-util-from-html/-/hast-util-from-html-2.0.3.tgz 1515ms (cache miss)
3869 http fetch GET 200 https://registry.npmjs.org/zod-to-ts/-/zod-to-ts-1.2.0.tgz 1544ms (cache miss)
3870 http fetch GET 200 https://registry.npmjs.org/vfile-message/-/vfile-message-4.0.3.tgz 1573ms (cache miss)
3871 http fetch GET 200 https://registry.npmjs.org/unist-util-find-after/-/unist-util-find-after-5.0.0.tgz 1576ms (cache miss)
3872 http fetch GET 200 https://registry.npmjs.org/fontkitten/-/fontkitten-1.0.3.tgz 1588ms (cache miss)
3873 http fetch GET 200 https://registry.npmjs.org/vitefu/-/vitefu-1.1.3.tgz 1635ms (cache miss)
3874 http fetch GET 200 https://registry.npmjs.org/yocto-spinner/-/yocto-spinner-0.2.3.tgz 1637ms (cache miss)
3875 http fetch GET 200 https://registry.npmjs.org/tinyglobby/-/tinyglobby-0.2.17.tgz 1668ms (cache miss)
3876 http fetch GET 200 https://registry.npmjs.org/rehype/-/rehype-13.0.2.tgz 1710ms (cache miss)
3877 http fetch GET 200 https://registry.npmjs.org/package-manager-detector/-/package-manager-detector-1.8.0.tgz 1710ms (cache miss)
3878 http fetch GET 200 https://registry.npmjs.org/p-limit/-/p-limit-6.2.0.tgz 1729ms (cache miss)
3879 http fetch GET 200 https://registry.npmjs.org/mrmime/-/mrmime-2.0.1.tgz 1749ms (cache miss)
3880 http fetch GET 200 https://registry.npmjs.org/piccolore/-/piccolore-0.1.3.tgz 1768ms (cache miss)
3881 http fetch GET 200 https://registry.npmjs.org/@astrojs/prism/-/prism-3.3.0.tgz 1773ms (cache miss)
3882 http fetch GET 200 https://registry.npmjs.org/github-slugger/-/github-slugger-2.0.0.tgz 1771ms (cache miss)
3883 http fetch GET 200 https://registry.npmjs.org/html-escaper/-/html-escaper-3.0.3.tgz 1771ms (cache miss)
3884 http fetch GET 200 https://registry.npmjs.org/flattie/-/flattie-1.1.1.tgz 1784ms (cache miss)
3885 http fetch GET 200 https://registry.npmjs.org/fontace/-/fontace-0.4.1.tgz 1791ms (cache miss)
3886 http fetch GET 200 https://registry.npmjs.org/estree-walker/-/estree-walker-3.0.3.tgz 1792ms (cache miss)
3887 http fetch GET 200 https://registry.npmjs.org/dset/-/dset-3.1.4.tgz 1810ms (cache miss)
3888 http fetch GET 200 https://registry.npmjs.org/http-cache-semantics/-/http-cache-semantics-4.2.0.tgz 1820ms (cache miss)
3889 http fetch GET 200 https://registry.npmjs.org/dlv/-/dlv-1.1.3.tgz 1840ms (cache miss)
3890 http fetch GET 200 https://registry.npmjs.org/deterministic-object-hash/-/deterministic-object-hash-2.0.2.tgz 1839ms (cache miss)
3891 http fetch GET 200 https://registry.npmjs.org/cssesc/-/cssesc-3.0.0.tgz 1842ms (cache miss)
3892 http fetch GET 200 https://registry.npmjs.org/tinyexec/-/tinyexec-1.3.1.tgz 1852ms (cache miss)
3893 http fetch GET 200 https://registry.npmjs.org/common-ancestor-path/-/common-ancestor-path-1.0.1.tgz 1859ms (cache miss)
3894 http fetch GET 200 https://registry.npmjs.org/clsx/-/clsx-2.1.1.tgz 1859ms (cache miss)
3895 http fetch GET 200 https://registry.npmjs.org/boxen/-/boxen-8.0.1.tgz 1860ms (cache miss)
3896 http fetch GET 200 https://registry.npmjs.org/micromark-extension-gfm-table/-/micromark-extension-gfm-table-2.1.2.tgz 1909ms (cache miss)
3897 http fetch GET 200 https://registry.npmjs.org/unifont/-/unifont-0.7.5.tgz 1872ms (cache miss)
3898 http fetch GET 200 https://registry.npmjs.org/@oslojs/encoding/-/encoding-1.1.0.tgz 1885ms (cache miss)
3899 http fetch GET 200 https://registry.npmjs.org/@capsizecss/unpack/-/unpack-4.0.1.tgz 1884ms (cache miss)
3900 http fetch GET 200 https://registry.npmjs.org/@rollup/pluginutils/-/pluginutils-5.4.0.tgz 1885ms (cache miss)
3901 http fetch GET 200 https://registry.npmjs.org/remark-rehype/-/remark-rehype-11.1.2.tgz 1915ms (cache miss)
3902 http fetch GET 200 https://registry.npmjs.org/node-mock-http/-/node-mock-http-1.0.5.tgz 1968ms (cache miss)
3903 http fetch GET 200 https://registry.npmjs.org/@types/babel__template/-/babel__template-7.4.4.tgz 1901ms (cache miss)
3904 http fetch GET 200 https://registry.npmjs.org/@types/babel__generator/-/babel__generator-7.27.0.tgz 1902ms (cache miss)
3905 http fetch GET 200 https://registry.npmjs.org/@babel/helper-globals/-/helper-globals-7.29.7.tgz 2023ms (cache miss)
3906 http fetch GET 200 https://registry.npmjs.org/lru-cache/-/lru-cache-5.1.1.tgz 2023ms (cache miss)
3907 http fetch GET 200 https://registry.npmjs.org/tiny-inflate/-/tiny-inflate-1.0.3.tgz 2058ms (cache miss)
3908 http fetch GET 200 https://registry.npmjs.org/@babel/helper-plugin-utils/-/helper-plugin-utils-7.29.7.tgz 2044ms (cache miss)
3909 http fetch GET 200 https://registry.npmjs.org/@babel/helper-validator-identifier/-/helper-validator-identifier-7.29.7.tgz 2042ms (cache miss)
3910 http fetch GET 200 https://registry.npmjs.org/picocolors/-/picocolors-1.1.1.tgz 2043ms (cache miss)
3911 http fetch GET 200 https://registry.npmjs.org/gensync/-/gensync-1.0.0-beta.2.tgz 2042ms (cache miss)
3912 http fetch GET 200 https://registry.npmjs.org/convert-source-map/-/convert-source-map-2.0.0.tgz 2041ms (cache miss)
3913 http fetch GET 200 https://registry.npmjs.org/unified/-/unified-11.0.5.tgz 2071ms (cache miss)
3914 http fetch GET 200 https://registry.npmjs.org/@types/babel__traverse/-/babel__traverse-7.28.0.tgz 2055ms (cache miss)
3915 http fetch GET 200 https://registry.npmjs.org/@astrojs/telemetry/-/telemetry-3.3.0.tgz 2057ms (cache miss)
3916 http fetch GET 200 https://registry.npmjs.org/@astrojs/markdown-remark/-/markdown-remark-6.3.11.tgz 2057ms (cache miss)
3917 http fetch GET 200 https://registry.npmjs.org/@astrojs/internal-helpers/-/internal-helpers-0.7.6.tgz 2057ms (cache miss)
3918 http fetch GET 200 https://registry.npmjs.org/unist-util-visit/-/unist-util-visit-5.1.0.tgz 2078ms (cache miss)
3919 http fetch GET 200 https://registry.npmjs.org/js-tokens/-/js-tokens-4.0.0.tgz 2064ms (cache miss)
3920 http fetch GET 200 https://registry.npmjs.org/@babel/compat-data/-/compat-data-7.29.7.tgz 2064ms (cache miss)
3921 http fetch GET 200 https://registry.npmjs.org/mdn-data/-/mdn-data-2.27.1.tgz 2138ms (cache miss)
3922 http fetch GET 200 https://registry.npmjs.org/@babel/plugin-transform-react-jsx-source/-/plugin-transform-react-jsx-source-7.29.7.tgz 2073ms (cache miss)
3923 http fetch GET 200 https://registry.npmjs.org/react-refresh/-/react-refresh-0.17.0.tgz 2073ms (cache miss)
3924 http fetch GET 200 https://registry.npmjs.org/@babel/helper-string-parser/-/helper-string-parser-7.29.7.tgz 2089ms (cache miss)
3925 http fetch GET 200 https://registry.npmjs.org/@types/babel__core/-/babel__core-7.20.5.tgz 2085ms (cache miss)
3926 http fetch GET 200 https://registry.npmjs.org/@babel/plugin-transform-react-jsx-self/-/plugin-transform-react-jsx-self-7.29.7.tgz 2080ms (cache miss)
3927 http fetch GET 200 https://registry.npmjs.org/@jridgewell/resolve-uri/-/resolve-uri-3.1.2.tgz 2090ms (cache miss)
3928 http fetch GET 200 https://registry.npmjs.org/hast-util-from-parse5/-/hast-util-from-parse5-8.0.3.tgz 2144ms (cache miss)
3929 http fetch GET 200 https://registry.npmjs.org/@tailwindcss/oxide/-/oxide-4.3.3.tgz 2107ms (cache miss)
3930 http fetch GET 200 https://registry.npmjs.org/@rolldown/pluginutils/-/pluginutils-1.0.0-beta.27.tgz 2115ms (cache miss)
3931 http fetch GET 200 https://registry.npmjs.org/@types/react-dom/-/react-dom-19.3.0.tgz 2107ms (cache miss)
3932 http fetch GET 200 https://registry.npmjs.org/ci-info/-/ci-info-4.4.0.tgz 2127ms (cache miss)
3933 http fetch GET 200 https://registry.npmjs.org/@babel/code-frame/-/code-frame-7.29.7.tgz 2125ms (cache miss)
3934 http fetch GET 200 https://registry.npmjs.org/@jridgewell/remapping/-/remapping-2.3.5.tgz 2118ms (cache miss)
3935 http fetch GET 200 https://registry.npmjs.org/@tailwindcss/vite/-/vite-4.3.3.tgz 2116ms (cache miss)
3936 http fetch GET 200 https://registry.npmjs.org/jsesc/-/jsesc-3.1.0.tgz 2134ms (cache miss)
3937 http fetch GET 200 https://registry.npmjs.org/strip-ansi/-/strip-ansi-6.0.1.tgz 2141ms (cache miss)
3938 http fetch GET 200 https://registry.npmjs.org/emoji-regex/-/emoji-regex-8.0.0.tgz 2142ms (cache miss)
3939 http fetch GET 200 https://registry.npmjs.org/ansi-regex/-/ansi-regex-5.0.1.tgz 2154ms (cache miss)
3940 http fetch GET 200 https://registry.npmjs.org/cookie/-/cookie-1.1.1.tgz 2179ms (cache miss)
3941 http fetch GET 200 https://registry.npmjs.org/semver/-/semver-6.3.1.tgz 2182ms (cache miss)
3942 http fetch GET 200 https://registry.npmjs.org/es-module-lexer/-/es-module-lexer-1.7.0.tgz 2208ms (cache miss)
3943 http fetch GET 200 https://registry.npmjs.org/debug/-/debug-4.4.3.tgz 2197ms (cache miss)
3944 http fetch GET 200 https://registry.npmjs.org/esbuild/-/esbuild-0.27.7.tgz 2213ms (cache miss)
3945 http fetch GET 200 https://registry.npmjs.org/yargs-parser/-/yargs-parser-21.1.1.tgz 2233ms (cache miss)
3946 http fetch GET 200 https://registry.npmjs.org/picomatch/-/picomatch-4.0.7.tgz 2244ms (cache miss)
3947 http fetch GET 200 https://registry.npmjs.org/http-cache-semantics 2077ms (cache miss)
3948 silly packumentCache corgi:https://registry.npmjs.org/http-cache-semantics set size:undefined disposed:false
3949 http fetch GET 200 https://registry.npmjs.org/@babel/helper-validator-option/-/helper-validator-option-7.29.7.tgz 2242ms (cache miss)
3950 http fetch GET 200 https://registry.npmjs.org/@rollup/rollup-win32-x64-gnu/-/rollup-win32-x64-gnu-4.64.0.tgz 2365ms (cache miss)
3951 http fetch GET 200 https://registry.npmjs.org/p-queue/-/p-queue-8.1.1.tgz 2305ms (cache miss)
3952 http fetch GET 200 https://registry.npmjs.org/oniguruma-to-es/-/oniguruma-to-es-4.3.6.tgz 2365ms (cache miss)
3953 http fetch GET 200 https://registry.npmjs.org/browserslist/-/browserslist-4.29.3.tgz 2306ms (cache miss)
3954 http fetch GET 200 https://registry.npmjs.org/xxhash-wasm/-/xxhash-wasm-1.1.0.tgz 2323ms (cache miss)
3955 http fetch GET 200 https://registry.npmjs.org/@vitejs/plugin-react/-/plugin-react-4.7.0.tgz 2294ms (cache miss)
3956 http fetch GET 200 https://registry.npmjs.org/node-fetch-native/-/node-fetch-native-1.6.7.tgz 2383ms (cache miss)
3957 http fetch GET 200 https://registry.npmjs.org/@babel/helper-module-imports/-/helper-module-imports-7.29.7.tgz 2320ms (cache miss)
3958 http fetch GET 200 https://registry.npmjs.org/parse-latin/-/parse-latin-7.0.0.tgz 2417ms (cache miss)
3959 http fetch GET 200 https://registry.npmjs.org/tsconfck/-/tsconfck-3.1.6.tgz 2391ms (cache miss)
3960 warn deprecated tsconfck@3.1.6: unmaintained
3961 http fetch GET 200 https://registry.npmjs.org/sharp 2236ms (cache miss)
3962 silly packumentCache corgi:https://registry.npmjs.org/sharp set size:undefined disposed:false
3963 http fetch GET 200 https://registry.npmjs.org/@tailwindcss/node/-/node-4.3.3.tgz 2398ms (cache miss)
3964 http fetch GET 200 https://registry.npmjs.org/magicast/-/magicast-0.5.5.tgz 2425ms (cache miss)
3965 http fetch GET 200 https://registry.npmjs.org/css-what/-/css-what-7.0.0.tgz 2489ms (cache miss)
3966 http fetch GET 200 https://registry.npmjs.org/hast-util-to-html/-/hast-util-to-html-9.0.5.tgz 2476ms (cache miss)
3967 http fetch GET 200 https://registry.npmjs.org/devalue/-/devalue-5.9.4.tgz 2451ms (cache miss)
3968 http fetch GET 200 https://registry.npmjs.org/neotraverse/-/neotraverse-0.6.18.tgz 2466ms (cache miss)
3969 http fetch GET 200 https://registry.npmjs.org/smol-toml/-/smol-toml-1.9.0.tgz 2481ms (cache miss)
3970 http fetch GET 200 https://registry.npmjs.org/@babel/helper-compilation-targets/-/helper-compilation-targets-7.29.7.tgz 2472ms (cache miss)
3971 http fetch GET 200 https://registry.npmjs.org/acorn/-/acorn-8.18.0.tgz 2482ms (cache miss)
3972 http fetch GET 200 https://registry.npmjs.org/@rollup/rollup-win32-x64-msvc/-/rollup-win32-x64-msvc-4.64.0.tgz 2564ms (cache miss)
3973 http fetch GET 200 https://registry.npmjs.org/import-meta-resolve/-/import-meta-resolve-4.2.0.tgz 2507ms (cache miss)
3974 http fetch GET 200 https://registry.npmjs.org/@babel/helper-module-transforms/-/helper-module-transforms-7.29.7.tgz 2493ms (cache miss)
3975 http fetch GET 200 https://registry.npmjs.org/hastscript/-/hastscript-9.0.1.tgz 2537ms (cache miss)
3976 http fetch GET 200 https://registry.npmjs.org/@babel/template/-/template-7.29.7.tgz 2506ms (cache miss)
3977 http fetch GET 200 https://registry.npmjs.org/magic-string/-/magic-string-0.30.21.tgz 2500ms (cache miss)
3978 http fetch GET 200 https://registry.npmjs.org/source-map-js/-/source-map-js-1.2.2.tgz 2513ms (cache miss)
3979 http fetch GET 200 https://registry.npmjs.org/crossws/-/crossws-0.3.5.tgz 2601ms (cache miss)
3980 http fetch GET 200 https://registry.npmjs.org/regex/-/regex-6.1.0.tgz 2600ms (cache miss)
3981 http fetch GET 200 https://registry.npmjs.org/lightningcss/-/lightningcss-1.32.0.tgz 2536ms (cache miss)
3982 http fetch GET 200 https://registry.npmjs.org/json5/-/json5-2.2.3.tgz 2555ms (cache miss)
3983 http fetch GET 200 https://registry.npmjs.org/postcss/-/postcss-8.5.28.tgz 2633ms (cache miss)
3984 http fetch GET 200 https://registry.npmjs.org/@types/react/-/react-19.3.0.tgz 2555ms (cache miss)
3985 http fetch GET 200 https://registry.npmjs.org/csstype/-/csstype-3.2.3.tgz 2570ms (cache miss)
3986 http fetch GET 200 https://registry.npmjs.org/esbuild 2419ms (cache miss)
3987 silly packumentCache corgi:https://registry.npmjs.org/esbuild set size:undefined disposed:false
3988 http fetch GET 200 https://registry.npmjs.org/estree-walker/-/estree-walker-2.0.2.tgz 2580ms (cache miss)
3989 http fetch GET 200 https://registry.npmjs.org/vfile/-/vfile-6.0.3.tgz 2634ms (cache miss)
3990 http fetch GET 200 https://registry.npmjs.org/string-width/-/string-width-4.2.3.tgz 2636ms (cache miss)
3991 http fetch GET 200 https://registry.npmjs.org/esbuild/-/esbuild-0.25.12.tgz 2648ms (cache miss)
3992 http fetch GET 200 https://registry.npmjs.org/ultrahtml/-/ultrahtml-1.7.0.tgz 2656ms (cache miss)
3993 http fetch GET 200 https://registry.npmjs.org/@astrojs/react/-/react-4.4.2.tgz 2676ms (cache miss)
3994 http fetch GET 200 https://registry.npmjs.org/react/-/react-19.3.0.tgz 2694ms (cache miss)
3995 http fetch GET 200 https://registry.npmjs.org/@jridgewell/gen-mapping/-/gen-mapping-0.3.13.tgz 2737ms (cache miss)
3996 http fetch GET 200 https://registry.npmjs.org/@jridgewell/sourcemap-codec/-/sourcemap-codec-1.6.0.tgz 2745ms (cache miss)
3997 http fetch GET 200 https://registry.npmjs.org/domutils/-/domutils-3.2.2.tgz 2849ms (cache miss)
3998 http fetch GET 200 https://registry.npmjs.org/mdn-data/-/mdn-data-2.0.28.tgz 2775ms (cache miss)
3999 http fetch GET 200 https://registry.npmjs.org/sharp/-/sharp-0.34.5.tgz 2813ms (cache miss)
4000 http fetch GET 200 https://registry.npmjs.org/@babel/parser/-/parser-7.29.9.tgz 2839ms (cache miss)
4001 http fetch GET 200 https://registry.npmjs.org/rollup/-/rollup-4.64.0.tgz 2943ms (cache miss)
4002 http fetch GET 200 https://registry.npmjs.org/jiti/-/jiti-2.7.0.tgz 2882ms (cache miss)
4003 http fetch GET 200 https://registry.npmjs.org/tailwindcss/-/tailwindcss-4.3.3.tgz 2935ms (cache miss)
4004 http fetch GET 200 https://registry.npmjs.org/js-yaml/-/js-yaml-4.3.2.tgz 2983ms (cache miss)
4005 http fetch GET 200 https://registry.npmjs.org/property-information/-/property-information-7.2.0.tgz 3042ms (cache miss)
4006 http fetch GET 200 https://registry.npmjs.org/micromark/-/micromark-4.0.3.tgz 3061ms (cache miss)
4007 http fetch GET 200 https://registry.npmjs.org/@babel/generator/-/generator-7.29.8.tgz 3014ms (cache miss)
4008 http fetch GET 200 https://registry.npmjs.org/@jridgewell/trace-mapping/-/trace-mapping-0.3.31.tgz 3021ms (cache miss)
4009 http fetch GET 200 https://registry.npmjs.org/parse5/-/parse5-7.3.0.tgz 3099ms (cache miss)
4010 http fetch GET 200 https://registry.npmjs.org/semver/-/semver-7.8.5.tgz 3091ms (cache miss)
4011 http fetch GET 200 https://registry.npmjs.org/semver/-/semver-7.8.5.tgz 3122ms (cache miss)
4012 http fetch GET 200 https://registry.npmjs.org/@tailwindcss/oxide-win32-x64-msvc/-/oxide-win32-x64-msvc-4.3.3.tgz 3157ms (cache miss)
4013 http fetch GET 200 https://registry.npmjs.org/mdast-util-to-hast/-/mdast-util-to-hast-13.2.1.tgz 3213ms (cache miss)
4014 http fetch GET 200 https://registry.npmjs.org/entities/-/entities-6.0.1.tgz 3303ms (cache miss)
4015 http fetch GET 200 https://registry.npmjs.org/prompts/-/prompts-2.4.2.tgz 3290ms (cache miss)
4016 http fetch GET 200 https://registry.npmjs.org/csso/-/csso-5.0.5.tgz 3387ms (cache miss)
4017 http fetch GET 200 https://registry.npmjs.org/@babel/traverse/-/traverse-7.29.8.tgz 3338ms (cache miss)
4018 http fetch GET 200 https://registry.npmjs.org/entities/-/entities-4.5.0.tgz 3327ms (cache miss)
4019 http fetch GET 200 https://registry.npmjs.org/astro 3237ms (cache miss)
4020 silly packumentCache corgi:https://registry.npmjs.org/astro set size:undefined disposed:false
4021 http fetch GET 200 https://registry.npmjs.org/picomatch/-/picomatch-2.3.2.tgz 3754ms (cache miss)
4022 http fetch GET 200 https://registry.npmjs.org/vite/-/vite-6.4.3.tgz 3852ms (cache miss)
4023 http fetch GET 200 https://registry.npmjs.org/css-select/-/css-select-6.0.0.tgz 4129ms (cache miss)
4024 http fetch GET 200 https://registry.npmjs.org/oniguruma-parser/-/oniguruma-parser-0.12.2.tgz 4133ms (cache miss)
4025 http fetch GET 200 https://registry.npmjs.org/micromark-core-commonmark/-/micromark-core-commonmark-2.0.4.tgz 4247ms (cache miss)
4026 http fetch GET 200 https://registry.npmjs.org/@astrojs/compiler/-/compiler-2.13.1.tgz 4230ms (cache miss)
4027 http fetch GET 200 https://registry.npmjs.org/mdast-util-to-markdown/-/mdast-util-to-markdown-2.2.0.tgz 4311ms (cache miss)
4028 http fetch GET 200 https://registry.npmjs.org/@shikijs/themes/-/themes-3.23.0.tgz 4326ms (cache miss)
4029 http fetch GET 200 https://registry.npmjs.org/enhanced-resolve/-/enhanced-resolve-5.26.0.tgz 4256ms (cache miss)
4030 http fetch GET 200 https://registry.npmjs.org/zod-to-json-schema/-/zod-to-json-schema-3.25.2.tgz 4321ms (cache miss)
4031 http fetch GET 200 https://registry.npmjs.org/axobject-query/-/axobject-query-4.1.0.tgz 4314ms (cache miss)
4032 http fetch GET 200 https://registry.npmjs.org/lightningcss-win32-x64-msvc/-/lightningcss-win32-x64-msvc-1.32.0.tgz 4404ms (cache miss)
4033 http fetch GET 200 https://registry.npmjs.org/diff/-/diff-8.0.4.tgz 4399ms (cache miss)
4034 http fetch GET 200 https://registry.npmjs.org/@babel/core/-/core-7.29.7.tgz 4401ms (cache miss)
4035 http fetch GET 200 https://registry.npmjs.org/type-fest/-/type-fest-4.41.0.tgz 4469ms (cache miss)
4036 http fetch GET 200 https://registry.npmjs.org/aria-query/-/aria-query-5.3.2.tgz 4489ms (cache miss)
4037 http fetch GET 200 https://registry.npmjs.org/svgo/-/svgo-4.1.0.tgz 4671ms (cache miss)
4038 http fetch GET 200 https://registry.npmjs.org/@esbuild/win32-x64/-/win32-x64-0.27.7.tgz 4694ms (cache miss)
4039 http fetch GET 200 https://registry.npmjs.org/react-dom/-/react-dom-19.3.0.tgz 4661ms (cache miss)
4040 http fetch GET 200 https://registry.npmjs.org/@esbuild/win32-x64/-/win32-x64-0.25.12.tgz 4701ms (cache miss)
4041 http fetch GET 200 https://registry.npmjs.org/unstorage/-/unstorage-1.17.5.tgz 4790ms (cache miss)
4042 http fetch GET 200 https://registry.npmjs.org/lru-cache/-/lru-cache-11.5.3.tgz 4769ms (cache miss)
4043 http fetch GET 200 https://registry.npmjs.org/undici/-/undici-8.11.2.tgz 4941ms (cache miss)
4044 http fetch GET 200 https://registry.npmjs.org/@babel/types/-/types-7.29.8.tgz 4876ms (cache miss)
4045 http fetch GET 200 https://registry.npmjs.org/@babel/helpers/-/helpers-7.29.7.tgz 4959ms (cache miss)
4046 http fetch GET 200 https://registry.npmjs.org/css-tree/-/css-tree-2.2.1.tgz 5023ms (cache miss)
4047 http fetch GET 200 https://registry.npmjs.org/css-tree/-/css-tree-3.2.1.tgz 5127ms (cache miss)
4048 http fetch GET 200 https://registry.npmjs.org/@img/sharp-win32-x64/-/sharp-win32-x64-0.34.5.tgz 5145ms (cache miss)
4049 http fetch GET 200 https://registry.npmjs.org/gsap/-/gsap-3.15.0.tgz 5196ms (cache miss)
4050 http fetch GET 200 https://registry.npmjs.org/typescript/-/typescript-5.9.3.tgz 5409ms (cache miss)
4051 http fetch GET 200 https://registry.npmjs.org/zod/-/zod-3.25.76.tgz 5738ms (cache miss)
4052 http fetch GET 200 https://registry.npmjs.org/prismjs/-/prismjs-1.30.0.tgz 5835ms (cache miss)
4053 http fetch GET 200 https://registry.npmjs.org/@shikijs/langs/-/langs-3.23.0.tgz 5887ms (cache miss)
4054 http fetch GET 200 https://registry.npmjs.org/shiki/-/shiki-3.23.0.tgz 5881ms (cache miss)
4055 http fetch GET 200 https://registry.npmjs.org/caniuse-lite/-/caniuse-lite-1.0.30001814.tgz 5896ms (cache miss)
4056 http fetch GET 200 https://registry.npmjs.org/astro/-/astro-5.18.2.tgz 6151ms (cache miss)
4057 info run sharp@0.34.5 install node_modules/sharp node install/check.js || npm run build
4058 info run sharp@0.34.5 install { code: 0, signal: null }
4059 info run esbuild@0.27.7 postinstall node_modules/esbuild node install.js
4060 info run esbuild@0.25.12 postinstall node_modules/vite/node_modules/esbuild node install.js
4061 info run esbuild@0.27.7 postinstall { code: 0, signal: null }
4062 info run esbuild@0.25.12 postinstall { code: 0, signal: null }
4063 silly ADD node_modules/is-fullwidth-code-point
4064 silly ADD node_modules/yoctocolors
4065 silly ADD node_modules/ansi-styles
4066 silly ADD node_modules/@rollup/rollup-win32-x64-msvc
4067 silly ADD node_modules/@rollup/rollup-win32-x64-gnu
4068 silly ADD node_modules/@rollup/rollup-win32-ia32-msvc
4069 silly ADD node_modules/@rollup/rollup-win32-arm64-msvc
4070 silly ADD node_modules/@rollup/rollup-openharmony-arm64
4071 silly ADD node_modules/@rollup/rollup-openbsd-x64
4072 silly ADD node_modules/@rollup/rollup-linux-x64-musl
4073 silly ADD node_modules/@rollup/rollup-linux-x64-gnu
4074 silly ADD node_modules/@rollup/rollup-linux-s390x-gnu
4075 silly ADD node_modules/@rollup/rollup-linux-riscv64-musl
4076 silly ADD node_modules/@rollup/rollup-linux-riscv64-gnu
4077 silly ADD node_modules/@rollup/rollup-linux-ppc64-musl
4078 silly ADD node_modules/@rollup/rollup-linux-ppc64-gnu
4079 silly ADD node_modules/@rollup/rollup-linux-loong64-musl
4080 silly ADD node_modules/@rollup/rollup-linux-loong64-gnu
4081 silly ADD node_modules/@rollup/rollup-linux-arm64-musl
4082 silly ADD node_modules/@rollup/rollup-linux-arm64-gnu
4083 silly ADD node_modules/@rollup/rollup-linux-arm-musleabihf
4084 silly ADD node_modules/@rollup/rollup-linux-arm-gnueabihf
4085 silly ADD node_modules/@rollup/rollup-freebsd-x64
4086 silly ADD node_modules/@rollup/rollup-freebsd-arm64
4087 silly ADD node_modules/@rollup/rollup-darwin-x64
4088 silly ADD node_modules/@rollup/rollup-darwin-arm64
4089 silly ADD node_modules/@rollup/rollup-android-arm64
4090 silly ADD node_modules/@rollup/rollup-android-arm-eabi
4091 silly ADD node_modules/@napi-rs/lzma-linux-x64-gnu
4092 silly ADD node_modules/nanoid
4093 silly ADD node_modules/rollup
4094 silly ADD node_modules/postcss
4095 silly ADD node_modules/fsevents
4096 silly ADD node_modules/escalade
4097 silly ADD node_modules/uncrypto
4098 silly ADD node_modules/radix3
4099 silly ADD node_modules/node-mock-http
4100 silly ADD node_modules/iron-webcrypto
4101 silly ADD node_modules/defu
4102 silly ADD node_modules/crossws
4103 silly ADD node_modules/cookie-es
4104 silly ADD node_modules/readdirp
4105 silly ADD node_modules/normalize-path
4106 silly ADD node_modules/ufo
4107 silly ADD node_modules/ofetch
4108 silly ADD node_modules/node-fetch-native
4109 silly ADD node_modules/h3
4110 silly ADD node_modules/destr
4111 silly ADD node_modules/chokidar
4112 silly ADD node_modules/anymatch
4113 silly ADD node_modules/anymatch/node_modules/picomatch
4114 silly ADD node_modules/array-iterate
4115 silly ADD node_modules/undici
4116 silly ADD node_modules/ohash
4117 silly ADD node_modules/trough
4118 silly ADD node_modules/is-plain-obj
4119 silly ADD node_modules/extend
4120 silly ADD node_modules/bail
4121 silly ADD node_modules/fdir
4122 silly ADD node_modules/dom-serializer
4123 silly ADD node_modules/dom-serializer/node_modules/entities
4124 silly ADD node_modules/domelementtype
4125 silly ADD node_modules/mdn-data
4126 silly ADD node_modules/nth-check
4127 silly ADD node_modules/domutils
4128 silly ADD node_modules/domhandler
4129 silly ADD node_modules/boolbase
4130 silly ADD node_modules/sax
4131 silly ADD node_modules/csso
4132 silly ADD node_modules/csso/node_modules/mdn-data
4133 silly ADD node_modules/csso/node_modules/css-tree
4134 silly ADD node_modules/css-what
4135 silly ADD node_modules/css-tree
4136 silly ADD node_modules/css-select
4137 silly ADD node_modules/commander
4138 silly ADD node_modules/ansi-regex
4139 silly ADD node_modules/character-entities-legacy
4140 silly ADD node_modules/character-entities-html4
4141 silly ADD node_modules/strip-ansi
4142 silly ADD node_modules/get-east-asian-width
4143 silly ADD node_modules/emoji-regex
4144 silly ADD node_modules/regex-utilities
4145 silly ADD node_modules/regex-recursion
4146 silly ADD node_modules/regex
4147 silly ADD node_modules/oniguruma-parser
4148 silly ADD node_modules/oniguruma-to-es
4149 silly ADD node_modules/@shikijs/vscode-textmate
4150 silly ADD node_modules/@shikijs/types
4151 silly ADD node_modules/@shikijs/themes
4152 silly ADD node_modules/@shikijs/langs
4153 silly ADD node_modules/@shikijs/engine-oniguruma
4154 silly ADD node_modules/@shikijs/engine-javascript
4155 silly ADD node_modules/@shikijs/core
4156 silly ADD node_modules/tslib
4157 silly ADD node_modules/@emnapi/runtime
4158 silly ADD node_modules/@img/sharp-win32-x64
4159 silly ADD node_modules/@img/sharp-win32-ia32
4160 silly ADD node_modules/@img/sharp-win32-arm64
4161 silly ADD node_modules/@img/sharp-wasm32
4162 silly ADD node_modules/@img/sharp-linuxmusl-x64
4163 silly ADD node_modules/@img/sharp-linuxmusl-arm64
4164 silly ADD node_modules/@img/sharp-linux-x64
4165 silly ADD node_modules/@img/sharp-linux-s390x
4166 silly ADD node_modules/@img/sharp-linux-riscv64
4167 silly ADD node_modules/@img/sharp-linux-ppc64
4168 silly ADD node_modules/@img/sharp-linux-arm64
4169 silly ADD node_modules/@img/sharp-linux-arm
4170 silly ADD node_modules/@img/sharp-libvips-linuxmusl-x64
4171 silly ADD node_modules/@img/sharp-libvips-linuxmusl-arm64
4172 silly ADD node_modules/@img/sharp-libvips-linux-x64
4173 silly ADD node_modules/@img/sharp-libvips-linux-s390x
4174 silly ADD node_modules/@img/sharp-libvips-linux-riscv64
4175 silly ADD node_modules/@img/sharp-libvips-linux-ppc64
4176 silly ADD node_modules/@img/sharp-libvips-linux-arm64
4177 silly ADD node_modules/@img/sharp-libvips-linux-arm
4178 silly ADD node_modules/@img/sharp-libvips-darwin-x64
4179 silly ADD node_modules/@img/sharp-libvips-darwin-arm64
4180 silly ADD node_modules/@img/sharp-darwin-x64
4181 silly ADD node_modules/@img/sharp-darwin-arm64
4182 silly ADD node_modules/@img/colour
4183 silly ADD node_modules/unist-util-visit-children
4184 silly ADD node_modules/unist-util-modify-children
4185 silly ADD node_modules/nlcst-to-string
4186 silly ADD node_modules/parse-latin
4187 silly ADD node_modules/retext-stringify
4188 silly ADD node_modules/retext-latin
4189 silly ADD node_modules/@types/nlcst
4190 silly ADD node_modules/retext-smartypants
4191 silly ADD node_modules/retext
4192 silly ADD node_modules/micromark-extension-gfm-task-list-item
4193 silly ADD node_modules/micromark-extension-gfm-tagfilter
4194 silly ADD node_modules/micromark-extension-gfm-table
4195 silly ADD node_modules/micromark-extension-gfm-strikethrough
4196 silly ADD node_modules/micromark-extension-gfm-footnote
4197 silly ADD node_modules/micromark-extension-gfm-autolink-literal
4198 silly ADD node_modules/micromark-factory-whitespace
4199 silly ADD node_modules/micromark-factory-title
4200 silly ADD node_modules/micromark-factory-label
4201 silly ADD node_modules/micromark-factory-destination
4202 silly ADD node_modules/@types/ms
4203 silly ADD node_modules/micromark-util-subtokenize
4204 silly ADD node_modules/micromark-util-resolve-all
4205 silly ADD node_modules/micromark-util-edit-map
4206 silly ADD node_modules/micromark-util-combine-extensions
4207 silly ADD node_modules/micromark-util-chunked
4208 silly ADD node_modules/micromark-factory-space
4209 silly ADD node_modules/micromark-core-commonmark
4210 silly ADD node_modules/@types/debug
4211 silly ADD node_modules/micromark-util-html-tag-name
4212 silly ADD node_modules/micromark-util-classify-character
4213 silly ADD node_modules/mdast-util-phrasing
4214 silly ADD node_modules/longest-streak
4215 silly ADD node_modules/markdown-table
4216 silly ADD node_modules/unist-util-is
4217 silly ADD node_modules/escape-string-regexp
4218 silly ADD node_modules/mdast-util-find-and-replace
4219 silly ADD node_modules/character-entities
4220 silly ADD node_modules/unist-util-stringify-position
4221 silly ADD node_modules/micromark-util-normalize-identifier
4222 silly ADD node_modules/micromark-util-decode-string
4223 silly ADD node_modules/micromark-util-decode-numeric-character-reference
4224 silly ADD node_modules/micromark
4225 silly ADD node_modules/mdast-util-to-string
4226 silly ADD node_modules/decode-named-character-reference
4227 silly ADD node_modules/mdast-util-to-markdown
4228 silly ADD node_modules/mdast-util-gfm-task-list-item
4229 silly ADD node_modules/mdast-util-gfm-table
4230 silly ADD node_modules/mdast-util-gfm-strikethrough
4231 silly ADD node_modules/mdast-util-gfm-footnote
4232 silly ADD node_modules/mdast-util-gfm-autolink-literal
4233 silly ADD node_modules/mdast-util-from-markdown
4234 silly ADD node_modules/remark-stringify
4235 silly ADD node_modules/micromark-extension-gfm
4236 silly ADD node_modules/mdast-util-gfm
4237 silly ADD node_modules/stringify-entities
4238 silly ADD node_modules/hast-util-whitespace
4239 silly ADD node_modules/ccount
4240 silly ADD node_modules/hast-util-to-html
4241 silly ADD node_modules/micromark-util-types
4242 silly ADD node_modules/micromark-util-symbol
4243 silly ADD node_modules/micromark-util-encode
4244 silly ADD node_modules/micromark-util-character
4245 silly ADD node_modules/trim-lines
4246 silly ADD node_modules/micromark-util-sanitize-uri
4247 silly ADD node_modules/zwitch
4248 silly ADD node_modules/unist-util-position
4249 silly ADD node_modules/mdast-util-to-hast
4250 silly ADD node_modules/html-void-elements
4251 silly ADD node_modules/hast-util-to-parse5
4252 silly ADD node_modules/@ungap/structured-clone
4253 silly ADD node_modules/hast-util-raw
4254 silly ADD node_modules/rehype-parse
4255 silly ADD node_modules/scheduler
4256 silly ADD node_modules/sisteransi
4257 silly ADD node_modules/kleur
4258 silly ADD node_modules/entities
4259 silly ADD node_modules/p-timeout
4260 silly ADD node_modules/eventemitter3
4261 silly ADD node_modules/yocto-queue
4262 silly ADD node_modules/@types/mdast
4263 silly ADD node_modules/yallist
4264 silly ADD node_modules/lightningcss-win32-x64-msvc
4265 silly ADD node_modules/lightningcss-win32-arm64-msvc
4266 silly ADD node_modules/lightningcss-linux-x64-musl
4267 silly ADD node_modules/lightningcss-linux-x64-gnu
4268 silly ADD node_modules/lightningcss-linux-arm64-musl
4269 silly ADD node_modules/lightningcss-linux-arm64-gnu
4270 silly ADD node_modules/lightningcss-linux-arm-gnueabihf
4271 silly ADD node_modules/lightningcss-freebsd-x64
4272 silly ADD node_modules/lightningcss-darwin-x64
4273 silly ADD node_modules/lightningcss-darwin-arm64
4274 silly ADD node_modules/lightningcss-android-arm64
4275 silly ADD node_modules/detect-libc
4276 silly ADD node_modules/argparse
4277 silly ADD node_modules/is-inside-container
4278 silly ADD node_modules/space-separated-tokens
4279 silly ADD node_modules/hast-util-parse-selector
4280 silly ADD node_modules/comma-separated-tokens
4281 silly ADD node_modules/unist-util-find-after
4282 silly ADD node_modules/hast-util-is-element
4283 silly ADD node_modules/web-namespaces
4284 silly ADD node_modules/vfile-location
4285 silly ADD node_modules/property-information
4286 silly ADD node_modules/hastscript
4287 silly ADD node_modules/dequal
4288 silly ADD node_modules/@types/unist
4289 silly ADD node_modules/vfile-message
4290 silly ADD node_modules/parse5
4291 silly ADD node_modules/hast-util-from-parse5
4292 silly ADD node_modules/devlop
4293 silly ADD node_modules/@types/hast
4294 silly ADD node_modules/tiny-inflate
4295 silly ADD node_modules/@esbuild/win32-x64
4296 silly ADD node_modules/@esbuild/win32-ia32
4297 silly ADD node_modules/@esbuild/win32-arm64
4298 silly ADD node_modules/@esbuild/sunos-x64
4299 silly ADD node_modules/@esbuild/openharmony-arm64
4300 silly ADD node_modules/@esbuild/openbsd-x64
4301 silly ADD node_modules/@esbuild/openbsd-arm64
4302 silly ADD node_modules/@esbuild/netbsd-x64
4303 silly ADD node_modules/@esbuild/netbsd-arm64
4304 silly ADD node_modules/@esbuild/linux-x64
4305 silly ADD node_modules/@esbuild/linux-s390x
4306 silly ADD node_modules/@esbuild/linux-riscv64
4307 silly ADD node_modules/@esbuild/linux-ppc64
4308 silly ADD node_modules/@esbuild/linux-mips64el
4309 silly ADD node_modules/@esbuild/linux-loong64
4310 silly ADD node_modules/@esbuild/linux-ia32
4311 silly ADD node_modules/@esbuild/linux-arm64
4312 silly ADD node_modules/@esbuild/linux-arm
4313 silly ADD node_modules/@esbuild/freebsd-x64
4314 silly ADD node_modules/@esbuild/freebsd-arm64
4315 silly ADD node_modules/@esbuild/darwin-x64
4316 silly ADD node_modules/@esbuild/darwin-arm64
4317 silly ADD node_modules/@esbuild/android-x64
4318 silly ADD node_modules/@esbuild/android-arm64
4319 silly ADD node_modules/@esbuild/android-arm
4320 silly ADD node_modules/@esbuild/aix-ppc64
4321 silly ADD node_modules/tapable
4322 silly ADD node_modules/graceful-fs
4323 silly ADD node_modules/base-64
4324 silly ADD node_modules/ms
4325 silly ADD node_modules/update-browserslist-db
4326 silly ADD node_modules/node-releases
4327 silly ADD node_modules/electron-to-chromium
4328 silly ADD node_modules/caniuse-lite
4329 silly ADD node_modules/baseline-browser-mapping
4330 silly ADD node_modules/wrap-ansi
4331 silly ADD node_modules/widest-line
4332 silly ADD node_modules/type-fest
4333 silly ADD node_modules/string-width
4334 silly ADD node_modules/cli-boxes
4335 silly ADD node_modules/chalk
4336 silly ADD node_modules/camelcase
4337 silly ADD node_modules/ansi-align
4338 silly ADD node_modules/ansi-align/node_modules/ansi-regex
4339 silly ADD node_modules/ansi-align/node_modules/strip-ansi
4340 silly ADD node_modules/ansi-align/node_modules/emoji-regex
4341 silly ADD node_modules/ansi-align/node_modules/string-width
4342 silly ADD node_modules/@types/estree
4343 silly ADD node_modules/fontkitten
4344 silly ADD node_modules/which-pm-runs
4345 silly ADD node_modules/is-wsl
4346 silly ADD node_modules/is-docker
4347 silly ADD node_modules/prismjs
4348 silly ADD node_modules/unist-util-visit-parents
4349 silly ADD node_modules/unist-util-remove-position
4350 silly ADD node_modules/unified
4351 silly ADD node_modules/remark-smartypants
4352 silly ADD node_modules/remark-rehype
4353 silly ADD node_modules/remark-parse
4354 silly ADD node_modules/remark-gfm
4355 silly ADD node_modules/rehype-stringify
4356 silly ADD node_modules/rehype-raw
4357 silly ADD node_modules/mdast-util-definitions
4358 silly ADD node_modules/hast-util-to-text
4359 silly ADD node_modules/hast-util-from-html
4360 silly ADD node_modules/@astrojs/prism
4361 silly ADD node_modules/zod-to-ts
4362 silly ADD node_modules/zod-to-json-schema
4363 silly ADD node_modules/zod
4364 silly ADD node_modules/yocto-spinner
4365 silly ADD node_modules/yargs-parser
4366 silly ADD node_modules/xxhash-wasm
4367 silly ADD node_modules/vitefu
4368 silly ADD node_modules/vfile
4369 silly ADD node_modules/unstorage
4370 silly ADD node_modules/unstorage/node_modules/lru-cache
4371 silly ADD node_modules/unist-util-visit
4372 silly ADD node_modules/unifont
4373 silly ADD node_modules/tsconfck
4374 silly ADD node_modules/tinyglobby
4375 silly ADD node_modules/tinyexec
4376 silly ADD node_modules/svgo
4377 silly ADD node_modules/smol-toml
4378 silly ADD node_modules/shiki
4379 silly ADD node_modules/sharp
4380 silly ADD node_modules/sharp/node_modules/semver
4381 silly ADD node_modules/rehype
4382 silly ADD node_modules/prompts
4383 silly ADD node_modules/picomatch
4384 silly ADD node_modules/piccolore
4385 silly ADD node_modules/package-manager-detector
4386 silly ADD node_modules/p-queue
4387 silly ADD node_modules/p-limit
4388 silly ADD node_modules/neotraverse
4389 silly ADD node_modules/mrmime
4390 silly ADD node_modules/magicast
4391 silly ADD node_modules/js-yaml
4392 silly ADD node_modules/import-meta-resolve
4393 silly ADD node_modules/http-cache-semantics
4394 silly ADD node_modules/html-escaper
4395 silly ADD node_modules/github-slugger
4396 silly ADD node_modules/fontace
4397 silly ADD node_modules/flattie
4398 silly ADD node_modules/estree-walker
4399 silly ADD node_modules/esbuild
4400 silly ADD node_modules/es-module-lexer
4401 silly ADD node_modules/dset
4402 silly ADD node_modules/dlv
4403 silly ADD node_modules/diff
4404 silly ADD node_modules/devalue
4405 silly ADD node_modules/deterministic-object-hash
4406 silly ADD node_modules/cssesc
4407 silly ADD node_modules/cookie
4408 silly ADD node_modules/common-ancestor-path
4409 silly ADD node_modules/clsx
4410 silly ADD node_modules/ci-info
4411 silly ADD node_modules/boxen
4412 silly ADD node_modules/axobject-query
4413 silly ADD node_modules/aria-query
4414 silly ADD node_modules/acorn
4415 silly ADD node_modules/@rollup/pluginutils
4416 silly ADD node_modules/@rollup/pluginutils/node_modules/estree-walker
4417 silly ADD node_modules/@oslojs/encoding
4418 silly ADD node_modules/@capsizecss/unpack
4419 silly ADD node_modules/@astrojs/telemetry
4420 silly ADD node_modules/@astrojs/markdown-remark
4421 silly ADD node_modules/@astrojs/internal-helpers
4422 silly ADD node_modules/@astrojs/compiler
4423 silly ADD node_modules/@types/babel__traverse
4424 silly ADD node_modules/@types/babel__template
4425 silly ADD node_modules/@types/babel__generator
4426 silly ADD node_modules/@babel/helper-string-parser
4427 silly ADD node_modules/@babel/helper-globals
4428 silly ADD node_modules/@babel/helper-plugin-utils
4429 silly ADD node_modules/@babel/helper-module-imports
4430 silly ADD node_modules/lru-cache
4431 silly ADD node_modules/browserslist
4432 silly ADD node_modules/@babel/helper-validator-option
4433 silly ADD node_modules/@babel/compat-data
4434 silly ADD node_modules/jsesc
4435 silly ADD node_modules/picocolors
4436 silly ADD node_modules/js-tokens
4437 silly ADD node_modules/@babel/helper-validator-identifier
4438 silly ADD node_modules/semver
4439 silly ADD node_modules/json5
4440 silly ADD node_modules/gensync
4441 silly ADD node_modules/debug
4442 silly ADD node_modules/convert-source-map
4443 silly ADD node_modules/@babel/types
4444 silly ADD node_modules/@babel/traverse
4445 silly ADD node_modules/@babel/template
4446 silly ADD node_modules/@babel/parser
4447 silly ADD node_modules/@babel/helpers
4448 silly ADD node_modules/@babel/helper-module-transforms
4449 silly ADD node_modules/@babel/helper-compilation-targets
4450 silly ADD node_modules/@babel/generator
4451 silly ADD node_modules/@babel/code-frame
4452 silly ADD node_modules/react-refresh
4453 silly ADD node_modules/@types/babel__core
4454 silly ADD node_modules/@rolldown/pluginutils
4455 silly ADD node_modules/@babel/plugin-transform-react-jsx-source
4456 silly ADD node_modules/@babel/plugin-transform-react-jsx-self
4457 silly ADD node_modules/@babel/core
4458 silly ADD node_modules/csstype
4459 silly ADD node_modules/@tailwindcss/oxide-win32-x64-msvc
4460 silly ADD node_modules/@tailwindcss/oxide-win32-arm64-msvc
4461 silly ADD node_modules/@tailwindcss/oxide-wasm32-wasi
4462 silly ADD node_modules/@tailwindcss/oxide-linux-x64-musl
4463 silly ADD node_modules/@tailwindcss/oxide-linux-x64-gnu
4464 silly ADD node_modules/@tailwindcss/oxide-linux-arm64-musl
4465 silly ADD node_modules/@tailwindcss/oxide-linux-arm64-gnu
4466 silly ADD node_modules/@tailwindcss/oxide-linux-arm-gnueabihf
4467 silly ADD node_modules/@tailwindcss/oxide-freebsd-x64
4468 silly ADD node_modules/@tailwindcss/oxide-darwin-x64
4469 silly ADD node_modules/@tailwindcss/oxide-darwin-arm64
4470 silly ADD node_modules/@tailwindcss/oxide-android-arm64
4471 silly ADD node_modules/@jridgewell/resolve-uri
4472 silly ADD node_modules/@jridgewell/sourcemap-codec
4473 silly ADD node_modules/@jridgewell/trace-mapping
4474 silly ADD node_modules/@jridgewell/gen-mapping
4475 silly ADD node_modules/source-map-js
4476 silly ADD node_modules/magic-string
4477 silly ADD node_modules/lightningcss
4478 silly ADD node_modules/jiti
4479 silly ADD node_modules/enhanced-resolve
4480 silly ADD node_modules/@jridgewell/remapping
4481 silly ADD node_modules/@tailwindcss/oxide
4482 silly ADD node_modules/@tailwindcss/node
4483 silly ADD node_modules/ultrahtml
4484 silly ADD node_modules/vite
4485 silly ADD node_modules/vite/node_modules/@esbuild/win32-x64
4486 silly ADD node_modules/vite/node_modules/@esbuild/win32-ia32
4487 silly ADD node_modules/vite/node_modules/@esbuild/win32-arm64
4488 silly ADD node_modules/vite/node_modules/@esbuild/sunos-x64
4489 silly ADD node_modules/vite/node_modules/@esbuild/openharmony-arm64
4490 silly ADD node_modules/vite/node_modules/@esbuild/openbsd-x64
4491 silly ADD node_modules/vite/node_modules/@esbuild/openbsd-arm64
4492 silly ADD node_modules/vite/node_modules/@esbuild/netbsd-x64
4493 silly ADD node_modules/vite/node_modules/@esbuild/netbsd-arm64
4494 silly ADD node_modules/vite/node_modules/@esbuild/linux-x64
4495 silly ADD node_modules/vite/node_modules/@esbuild/linux-s390x
4496 silly ADD node_modules/vite/node_modules/@esbuild/linux-riscv64
4497 silly ADD node_modules/vite/node_modules/@esbuild/linux-ppc64
4498 silly ADD node_modules/vite/node_modules/@esbuild/linux-mips64el
4499 silly ADD node_modules/vite/node_modules/@esbuild/linux-loong64
4500 silly ADD node_modules/vite/node_modules/@esbuild/linux-ia32
4501 silly ADD node_modules/vite/node_modules/@esbuild/linux-arm64
4502 silly ADD node_modules/vite/node_modules/@esbuild/linux-arm
4503 silly ADD node_modules/vite/node_modules/@esbuild/freebsd-x64
4504 silly ADD node_modules/vite/node_modules/@esbuild/freebsd-arm64
4505 silly ADD node_modules/vite/node_modules/@esbuild/darwin-x64
4506 silly ADD node_modules/vite/node_modules/@esbuild/darwin-arm64
4507 silly ADD node_modules/vite/node_modules/@esbuild/android-x64
4508 silly ADD node_modules/vite/node_modules/@esbuild/android-arm64
4509 silly ADD node_modules/vite/node_modules/@esbuild/android-arm
4510 silly ADD node_modules/vite/node_modules/@esbuild/aix-ppc64
4511 silly ADD node_modules/vite/node_modules/esbuild
4512 silly ADD node_modules/@vitejs/plugin-react
4513 silly ADD node_modules/typescript
4514 silly ADD node_modules/tailwindcss
4515 silly ADD node_modules/gsap
4516 silly ADD node_modules/astro
4517 silly ADD node_modules/astro/node_modules/semver
4518 silly ADD node_modules/@tailwindcss/vite
4519 silly ADD node_modules/@types/react-dom
4520 silly ADD node_modules/@types/react
4521 silly ADD node_modules/react-dom
4522 silly ADD node_modules/react
4523 silly ADD node_modules/@astrojs/react
4524 verbose cwd C:\Users\reymi\Desktop\rockgames
4525 verbose os Windows_NT 10.0.19045
4526 verbose node v22.20.0
4527 verbose npm  v11.5.2
4528 notice
4528 notice New minor version of npm available! 11.5.2 -> 11.21.0
4528 notice Changelog: https://github.com/npm/cli/releases/tag/v11.21.0
4528 notice To update run: npm install -g npm@11.21.0
4528 notice  { force: true, [Symbol(proc-log.meta)]: true }
4529 verbose exit 0
4530 info ok
